order_id,order_date,customer_id,customer_name,customer_age,city,state,zone,category,product,sku,quantity,unit_price,gross_sales,coupon_code,discount_amount,gst_rate,net_sales,gst_amount,payment_mode,order_status,sales_channel,sales_employee,delivery_partner,delivery_days,customer_rating,cogs,profit,profit_margin_pct,shipping_charges,invoice_amount
IN240100756,01-Jan-2024,CUST48965,Aditya Jadhav,30,Ranchi,Jharkhand,East,Sports & Fitness,Fitness Band,SPO-FIT986,3,5099,15297,APPONLY,1223.76,0.12,14073.24,1688.79,UPI,Delivered,Website,Amit Sharma,India Post,2,5,11070.19,3003.05,0.2134,90.00,15852.03
IN240101726,01-Jan-2024,CUST91430,Rajesh Kapoor,39,Ranchi,Jharkhand,East,Home & Kitchen,Cookware Set,HOM-COO989,1,1499,1499,MEGADEAL,269.82,0.18,1229.18,221.25,Credit Card,Delivered,Website,Pooja Reddy,Shadowfax,2,5,1038.98,190.20,0.1547,66.00,1516.43
IN240102049,01-Jan-2024,CUST77000,Tanvi Kumar,46,Kochi,Kerala,South,Mobiles & Accessories,Tempered Glass,MOB-TEM705,1,493,493,No Coupon,0.00,0.12,493.00,59.16,Credit Card,Delivered,Mobile App,Tanvi Jadhav,Ecom Express,4,1,404.30,88.70,0.1799,150.00,702.16
IN240100349,03-Jan-2024,CUST88263,Myra Gupta,31,Lucknow,Uttar Pradesh,North,Books & Stationery,Kids Story Book,BOO-KID264,1,204,204,No Coupon,0.00,0.18,204.00,36.72,UPI,Delivered,Website,Swati Mishra,DTDC,5,4,148.35,55.65,0.2728,127.00,367.72
IN240100729,03-Jan-2024,CUST65879,Rutuja Kumar,58,Thiruvananthapuram,Kerala,South,Fashion,Women Kurti,FAS-WOM688,3,2799,8397,APPONLY,671.76,0.18,7725.24,1390.54,Wallet,Returned,Website,Amit Sharma,DTDC,2,2,6410.06,1315.18,0.1702,167.00,9282.78
IN240100914,03-Jan-2024,CUST77624,Aadhya Kadam,54,Ranchi,Jharkhand,East,Mobiles & Accessories,Smart Watch,MOB-SMA163,1,11599,11599,No Coupon,0.00,0.18,11599.00,2087.82,Credit Card,Delivered,Marketplace,Rohan Mehta,India Post,2,2,9069.50,2529.50,0.2181,64.00,13750.82
IN240100976,03-Jan-2024,CUST26055,Myra Kadam,33,Nashik,Maharashtra,West,Home & Kitchen,Mixer Grinder,HOM-MIX650,1,6999,6999,No Coupon,0.00,0.18,6999.00,1259.82,UPI,Shipped,Marketplace,Rahul Verma,Xpressbees,2,,5050.97,1948.03,0.2783,154.00,8412.82
IN240102055,03-Jan-2024,CUST68265,Karan Rathod,21,Ahmedabad,Gujarat,West,Fashion,Jeans,FAS-JEA854,1,1999,1999,No Coupon,0.00,0.18,1999.00,359.82,Credit Card,Shipped,Mobile App,Sagar Pawar,DTDC,4,,1512.57,486.43,0.2433,167.00,2525.82
IN240100133,04-Jan-2024,CUST80279,Deepak Yadav,24,Bengaluru,Karnataka,South,Sports & Fitness,Cricket Bat,SPO-CRI515,1,1099,1099,PAYDAY15,164.85,0.18,934.15,168.15,Debit Card,Delivered,Website,Vikram Singh,Blue Dart,5,2,715.39,218.76,0.2342,109.00,1211.30
IN240101421,04-Jan-2024,CUST57417,Mansi Shinde,43,Kolkata,West Bengal,East,Fashion,Handbag,FAS-HAN582,5,4399,21995,No Coupon,0.00,0.12,21995.00,2639.40,COD,Cancelled,Website,Deepak Yadav,Delhivery,2,,14530.15,7464.85,0.3394,0.00,24634.40
IN240101631,04-Jan-2024,CUST60244,Shruti Tiwari,20,Bhopal,Madhya Pradesh,Central,Home & Kitchen,Air Fryer,HOM-AIR918,2,3899,7798,FREESHIP,0.00,0.18,7798.00,1403.64,Credit Card,Returned,Mobile App,Manish Iyer,DTDC,7,5,5060.17,2737.83,0.3511,96.00,9297.64
IN240101751,04-Jan-2024,CUST50392,Prachi Pillai,29,Coimbatore,Tamil Nadu,South,Electronics,LED TV,ELE-LED840,1,53399,53399,No Coupon,0.00,0.12,53399.00,6407.88,UPI,Delivered,Mobile App,Rohan Mehta,Shadowfax,3,5,43027.60,10371.40,0.1942,66.00,59872.88
IN240101799,04-Jan-2024,CUST51151,Kabir Sharma,51,Kochi,Kerala,South,Fashion,Handbag,FAS-HAN982,1,4099,4099,PAYDAY15,614.85,0.18,3484.15,627.15,UPI,Delivered,Mobile App,Sneha Kulkarni,India Post,2,5,2497.96,986.19,0.2831,145.00,4256.30
IN240101836,04-Jan-2024,CUST31820,Meera Pawar,19,Kolkata,West Bengal,East,Electronics,Wireless Mouse,ELE-WIR740,3,1899,5697,No Coupon,0.00,0.12,5697.00,683.64,UPI,Delivered,Website,Sagar Pawar,DTDC,3,5,4644.70,1052.30,0.1847,69.00,6449.64
IN240102253,04-Jan-2024,CUST19897,Ishaan Deshmukh,54,Kolkata,West Bengal,East,Sports & Fitness,Yoga Mat,SPO-YOG494,2,719,1438,No Coupon,0.00,0.12,1438.00,172.56,UPI,Returned,Website,Kavya Deshmukh,Shadowfax,5,5,1008.72,429.28,0.2985,134.00,1744.56
IN240102261,04-Jan-2024,CUST84968,Reyansh Deshmukh,57,Jaipur,Rajasthan,North,Home & Kitchen,Pressure Cooker,HOM-PRE746,2,2399,4798,WELCOME100,100.00,0.18,4698.00,845.64,COD,Delivered,Website,Tanvi Jadhav,Xpressbees,5,5,3357.18,1340.82,0.2854,102.00,5645.64
IN240102335,04-Jan-2024,CUST79742,Rutuja Kapoor,56,Pune,Maharashtra,West,Fashion,Sneakers,FAS-SNE760,1,2399,2399,FREESHIP,0.00,0.12,2399.00,287.88,Debit Card,Delivered,Website,Deepak Yadav,Delhivery,4,5,1623.32,775.68,0.3233,77.00,2763.88
IN240100624,05-Jan-2024,CUST96944,Ayaan Kulkarni,26,Ranchi,Jharkhand,East,Electronics,Keyboard,ELE-KEY897,1,2899,2899,No Coupon,0.00,0.18,2899.00,521.82,UPI,Delivered,Mobile App,Karan Malhotra,Xpressbees,8,4,2358.55,540.45,0.1864,136.00,3556.82
IN240101453,05-Jan-2024,CUST71963,Swati Deshmukh,57,Ranchi,Jharkhand,East,Home & Kitchen,Mixer Grinder,HOM-MIX752,1,4799,4799,MEGADEAL,863.82,0.12,3935.18,472.22,UPI,Delivered,Website,Priya Nair,Ecom Express,3,3,3466.72,468.46,0.1190,146.00,4553.40
IN240101565,05-Jan-2024,CUST18630,Prachi Qureshi,40,Jaipur,Rajasthan,North,Electronics,Bluetooth Speaker,ELE-BLU732,4,1699,6796,FESTIVE10,679.60,0.12,6116.40,733.97,UPI,Returned,Marketplace,Vikram Singh,Xpressbees,6,4,4937.53,1178.87,0.1927,61.00,6911.37
IN240101995,05-Jan-2024,CUST69513,Rahul Dhawale,38,Ranchi,Jharkhand,East,Beauty & Personal Care,Hair Oil,BEA-HAI125,3,246,738,No Coupon,0.00,0.18,738.00,132.84,Debit Card,Shipped,Website,Neha Patel,Delhivery,3,,431.35,306.65,0.4155,72.00,942.84
IN240102299,05-Jan-2024,CUST92936,Siddharth Mishra,37,Coimbatore,Tamil Nadu,South,Mobiles & Accessories,Power Bank,MOB-POW466,1,1599,1599,NEWYEAR10,159.90,0.12,1439.10,172.69,UPI,Delivered,Marketplace,Rohan Mehta,Ecom Express,5,4,1353.82,85.28,0.0593,121.00,1732.79
IN240102390,05-Jan-2024,CUST13566,Nisha Bhatia,39,Jaipur,Rajasthan,North,Home & Kitchen,Cookware Set,HOM-COO501,1,7099,7099,WELCOME100,100.00,0.12,6999.00,839.88,Wallet,Returned,Mobile App,Rohan Mehta,India Post,8,4,4944.25,2054.75,0.2936,127.00,7965.88
IN240100253,06-Jan-2024,CUST23137,Komal Qureshi,54,Bhubaneswar,Odisha,East,Fashion,Women Kurti,FAS-WOM197,3,693,2079,No Coupon,0.00,0.12,2079.00,249.48,COD,Delivered,Website,Priya Nair,Shadowfax,3,3,1322.56,756.44,0.3638,79.00,2407.48
IN240100583,06-Jan-2024,CUST98745,Rahul Jadhav,28,Bhubaneswar,Odisha,East,Grocery & Gourmet,Spices Combo,GRO-SPI329,1,227,227,MEGADEAL,40.86,0.18,186.14,33.51,UPI,Delivered,Website,Priya Nair,Delhivery,6,4,140.98,45.16,0.2426,69.00,288.65
IN240101274,06-Jan-2024,CUST46192,Nikhil Kadam,21,Indore,Madhya Pradesh,Central,Home & Kitchen,Mixer Grinder,HOM-MIX708,2,5999,11998,MEGADEAL,2159.64,0.12,9838.36,1180.60,UPI,Delivered,Mobile App,Rohan Mehta,DTDC,5,3,7880.34,1958.02,0.1990,132.00,11150.96
IN240101749,06-Jan-2024,CUST20794,Karan Iyer,26,Gurugram,Haryana,North,Fashion,Saree,FAS-SAR728,2,6599,13198,No Coupon,0.00,0.18,13198.00,2375.64,UPI,Delivered,Mobile App,Amit Sharma,Ecom Express,4,2,8673.55,4524.45,0.3428,179.00,15752.64
IN240101860,06-Jan-2024,CUST36897,Neha Bhatia,21,Thiruvananthapuram,Kerala,South,Fashion,Handbag,FAS-HAN801,1,2999,2999,No Coupon,0.00,0.18,2999.00,539.82,COD,Cancelled,Mobile App,Sagar Pawar,India Post,2,,1956.04,1042.96,0.3478,0.00,3538.82
IN240100079,07-Jan-2024,CUST65357,Diya Nair,45,Ranchi,Jharkhand,East,Home & Kitchen,Bedsheet Set,HOM-BED870,1,1000,1000,No Coupon,0.00,0.12,1000.00,120.00,Credit Card,Delivered,Website,Swati Mishra,DTDC,3,5,595.74,404.26,0.4043,107.00,1227.00
IN240100493,07-Jan-2024,CUST25232,Meera Nair,33,Surat,Gujarat,West,Fashion,Sneakers,FAS-SNE384,2,2299,4598,No Coupon,0.00,0.12,4598.00,551.76,Net Banking,Delivered,Mobile App,Kavya Deshmukh,Shadowfax,5,5,3075.35,1522.65,0.3312,118.00,5267.76
IN240101716,07-Jan-2024,CUST17157,Shaurya Agarwal,46,Kochi,Kerala,South,Home & Kitchen,Pressure Cooker,HOM-PRE877,2,1499,2998,No Coupon,0.00,0.12,2998.00,359.76,UPI,Delivered,Mobile App,Vikram Singh,India Post,2,1,2026.06,971.94,0.3242,78.00,3435.76
IN240101973,07-Jan-2024,CUST37362,Isha Yadav,55,Kolkata,West Bengal,East,Fashion,Saree,FAS-SAR149,1,1999,1999,No Coupon,0.00,0.18,1999.00,359.82,Credit Card,Delivered,Mobile App,Tanvi Jadhav,Xpressbees,2,5,1495.08,503.92,0.2521,129.00,2487.82
IN240100480,08-Jan-2024,CUST27327,Anika Gupta,40,Ludhiana,Punjab,North,Beauty & Personal Care,Face Wash,BEA-FAC704,2,258,516,No Coupon,0.00,0.12,516.00,61.92,Credit Card,Returned,Website,Amit Sharma,DTDC,2,5,346.85,169.15,0.3278,87.00,664.92
IN240101245,08-Jan-2024,CUST42607,Janhavi Singh,34,Ludhiana,Punjab,North,Fashion,Men T-Shirt,FAS-MEN186,1,429,429,NEWYEAR10,42.90,0.18,386.10,69.50,Debit Card,Delivered,Mobile App,Neha Patel,Blue Dart,3,5,289.84,96.26,0.2493,126.00,581.60
IN240102260,08-Jan-2024,CUST92201,Karan Nair,52,Lucknow,Uttar Pradesh,North,Electronics,Wireless Mouse,ELE-WIR501,1,548,548,WELCOME100,100.00,0.12,448.00,53.76,UPI,Delivered,Mobile App,Kavya Deshmukh,India Post,7,5,468.75,-20.75,-0.0463,109.00,610.76
IN240102432,08-Jan-2024,CUST89163,Nikhil Kadam,18,Delhi,Delhi,North,Electronics,Keyboard,ELE-KEY968,1,3899,3899,No Coupon,0.00,0.18,3899.00,701.82,UPI,Shipped,Mobile App,Sneha Kulkarni,Delhivery,5,,2968.53,930.47,0.2386,100.00,4700.82
IN240101516,09-Jan-2024,CUST19427,Tanvi Iyer,49,Bengaluru,Karnataka,South,Fashion,Sneakers,FAS-SNE791,1,1399,1399,DIWALI20,279.80,0.12,1119.20,134.30,UPI,Returned,Mobile App,Swati Mishra,Blue Dart,4,5,950.69,168.51,0.1506,89.00,1342.50
IN240101541,09-Jan-2024,CUST75045,Pranav Qureshi,53,Kochi,Kerala,South,Mobiles & Accessories,Power Bank,MOB-POW130,2,1699,3398,No Coupon,0.00,0.12,3398.00,407.76,UPI,Delivered,Website,Manish Iyer,DTDC,3,4,2716.31,681.69,0.2006,81.00,3886.76
IN240101756,09-Jan-2024,CUST63600,Yash Kumar,42,Visakhapatnam,Andhra Pradesh,South,Home & Kitchen,Pressure Cooker,HOM-PRE926,1,1399,1399,No Coupon,0.00,0.12,1399.00,167.88,UPI,Delivered,Mobile App,Vikram Singh,DTDC,5,3,820.97,578.03,0.4132,76.00,1642.88
IN240101925,09-Jan-2024,CUST72048,Akshay Pillai,25,Vadodara,Gujarat,West,Fashion,Jeans,FAS-JEA304,1,1199,1199,No Coupon,0.00,0.12,1199.00,143.88,COD,Delivered,Website,Pooja Reddy,Delhivery,4,5,726.29,472.71,0.3943,80.00,1422.88
IN240101953,09-Jan-2024,CUST88200,Ira Joshi,54,Hyderabad,Telangana,South,Grocery & Gourmet,Basmati Rice 5kg,GRO-BAS345,1,661,661,No Coupon,0.00,0.18,661.00,118.98,Debit Card,Delivered,Mobile App,Sneha Kulkarni,Delhivery,3,5,489.29,171.71,0.2598,69.00,848.98
IN240102040,09-Jan-2024,CUST21121,Ishaan Rathod,48,Coimbatore,Tamil Nadu,South,Mobiles & Accessories,Smart Watch,MOB-SMA703,3,13799,41397,No Coupon,0.00,0.12,41397.00,4967.64,Wallet,Delivered,Website,Karan Malhotra,India Post,4,4,31666.32,9730.68,0.2351,92.00,46456.64
IN240100366,10-Jan-2024,CUST50585,Pooja Deshmukh,39,Pune,Maharashtra,West,Electronics,Keyboard,ELE-KEY645,3,2299,6897,APPONLY,551.76,0.12,6345.24,761.43,UPI,Delivered,Mobile App,Nikhil Bansal,Xpressbees,1,1,5662.46,682.78,0.1076,119.00,7225.67
IN240100387,10-Jan-2024,CUST91375,Saanvi Nair,47,Bhubaneswar,Odisha,East,Sports & Fitness,Fitness Band,SPO-FIT289,5,4199,20995,PAYDAY15,3149.25,0.18,17845.75,3212.24,UPI,Delivered,Mobile App,Neha Patel,Delhivery,4,5,14656.35,3189.40,0.1787,80.00,21137.99
IN240101072,10-Jan-2024,CUST40485,Harsh Iyer,21,Gurugram,Haryana,North,Electronics,Bluetooth Speaker,ELE-BLU973,2,12899,25798,No Coupon,0.00,0.18,25798.00,4643.64,UPI,Delivered,Mobile App,Neha Patel,Xpressbees,3,1,19470.24,6327.76,0.2453,180.00,30621.64
IN240102420,10-Jan-2024,CUST11543,Vihaan Ansari,55,Vijayawada,Andhra Pradesh,South,Electronics,Laptop,ELE-LAP973,1,33399,33399,PAYDAY15,5009.85,0.18,28389.15,5110.05,UPI,Delivered,Marketplace,Neha Patel,Delhivery,3,5,26290.82,2098.33,0.0739,87.00,33586.20
IN240100850,11-Jan-2024,CUST29115,Anaya Kumar,45,Ahmedabad,Gujarat,West,Electronics,Wireless Mouse,ELE-WIR651,1,1199,1199,FREESHIP,0.00,0.18,1199.00,215.82,UPI,Delivered,Website,Kavya Deshmukh,DTDC,5,2,889.70,309.30,0.2580,135.00,1549.82
IN240100992,11-Jan-2024,CUST19375,Akshay Saxena,23,Guwahati,Assam,North East,Books & Stationery,Notebook Pack,BOO-NOT509,1,364,364,DIWALI20,72.80,0.05,291.20,14.56,Credit Card,Delivered,Mobile App,Sagar Pawar,Blue Dart,5,5,265.37,25.83,0.0887,91.00,396.76
IN240101904,11-Jan-2024,CUST21295,Meera Mehta,37,Patna,Bihar,East,Fashion,Women Kurti,FAS-WOM646,2,1499,2998,No Coupon,0.00,0.12,2998.00,359.76,Credit Card,Delivered,Website,Sagar Pawar,DTDC,3,4,2181.15,816.85,0.2725,127.00,3484.76
IN240100726,12-Jan-2024,CUST82699,Atharv Qureshi,32,Mysuru,Karnataka,South,Electronics,Wireless Mouse,ELE-WIR969,1,2399,2399,FREESHIP,0.00,0.12,2399.00,287.88,UPI,Delivered,Mobile App,Nikhil Bansal,Shadowfax,2,4,1933.55,465.45,0.1940,94.00,2780.88
IN240101284,12-Jan-2024,CUST78988,Krishna Iyer,36,Vadodara,Gujarat,West,Fashion,Jeans,FAS-JEA142,2,2299,4598,No Coupon,0.00,0.12,4598.00,551.76,UPI,Delivered,Website,Swati Mishra,Shadowfax,4,4,3000.70,1597.30,0.3474,76.00,5225.76
IN240102370,12-Jan-2024,CUST50713,Aadhya Agarwal,23,Pune,Maharashtra,West,Fashion,Jeans,FAS-JEA937,4,2699,10796,FESTIVE10,1079.60,0.12,9716.40,1165.97,UPI,Returned,Mobile App,Manish Iyer,Blue Dart,3,1,7850.66,1865.74,0.1920,173.00,11055.37
IN240102394,12-Jan-2024,CUST91702,Siddharth Mehta,52,Hyderabad,Telangana,South,Grocery & Gourmet,Coffee Pack,GRO-COF762,1,669,669,No Coupon,0.00,0.18,669.00,120.42,UPI,Delivered,Mobile App,Kavya Deshmukh,Blue Dart,3,5,499.53,169.47,0.2533,107.00,896.42
IN240100411,13-Jan-2024,CUST29055,Sneha Mishra,27,Lucknow,Uttar Pradesh,North,Sports & Fitness,Fitness Band,SPO-FIT288,2,3899,7798,WELCOME100,100.00,0.12,7698.00,923.76,UPI,Delivered,Website,Anjali Joshi,Blue Dart,2,5,5677.97,2020.03,0.2624,108.00,8729.76
IN240100564,13-Jan-2024,CUST41497,Kiara Pillai,36,Bengaluru,Karnataka,South,Mobiles & Accessories,Power Bank,MOB-POW782,2,2499,4998,No Coupon,0.00,0.18,4998.00,899.64,UPI,Shipped,Mobile App,Priya Nair,Ecom Express,3,,3971.36,1026.64,0.2054,156.00,6053.64
IN240100635,13-Jan-2024,CUST64810,Akshay Kulkarni,32,Hyderabad,Telangana,South,Mobiles & Accessories,Bluetooth Earbuds,MOB-BLU314,5,6499,32495,No Coupon,0.00,0.12,32495.00,3899.40,Debit Card,Shipped,Mobile App,Tanvi Jadhav,Delhivery,3,,25478.34,7016.66,0.2159,165.00,36559.40
IN240101256,13-Jan-2024,CUST19072,Nikhil Yadav,30,Indore,Madhya Pradesh,Central,Grocery & Gourmet,Basmati Rice 5kg,GRO-BAS333,1,896,896,No Coupon,0.00,0.12,896.00,107.52,COD,Returned,Website,Manish Iyer,India Post,3,5,628.65,267.35,0.2984,69.00,1072.52
IN240101977,13-Jan-2024,CUST29063,Akshay Malhotra,57,Noida,Uttar Pradesh,North,Grocery & Gourmet,Spices Combo,GRO-SPI650,2,769,1538,No Coupon,0.00,0.18,1538.00,276.84,COD,Delivered,Website,Neha Patel,DTDC,4,5,1135.49,402.51,0.2617,158.00,1972.84
IN240102178,13-Jan-2024,CUST75645,Sneha Kulkarni,35,Thiruvananthapuram,Kerala,South,Home & Kitchen,Water Purifier,HOM-WAT346,1,15099,15099,No Coupon,0.00,0.18,15099.00,2717.82,UPI,Delivered,Website,Priya Nair,Shadowfax,4,5,8819.58,6279.42,0.4159,176.00,17992.82
IN240102272,13-Jan-2024,CUST28293,Manish Agarwal,28,Guwahati,Assam,North East,Mobiles & Accessories,Bluetooth Earbuds,MOB-BLU302,1,8399,8399,APPONLY,671.92,0.12,7727.08,927.25,UPI,Delivered,Website,Priya Nair,Xpressbees,6,5,6141.18,1585.90,0.2052,141.00,8795.33
IN240100867,14-Jan-2024,CUST44366,Diya Bhatia,23,Mysuru,Karnataka,South,Home & Kitchen,Mixer Grinder,HOM-MIX473,1,6299,6299,FREESHIP,0.00,0.18,6299.00,1133.82,Credit Card,Delivered,Website,Isha Gupta,Delhivery,5,3,4269.23,2029.77,0.3222,65.00,7497.82
IN240100252,15-Jan-2024,CUST25574,Komal Reddy,39,Guwahati,Assam,North East,Mobiles & Accessories,Phone Cover,MOB-PHO992,2,884,1768,FESTIVE10,176.80,0.18,1591.20,286.42,UPI,Returned,Website,Rahul Verma,DTDC,3,5,1349.07,242.13,0.1522,137.00,2014.62
IN240100600,15-Jan-2024,CUST40285,Anika Singh,21,Gurugram,Haryana,North,Home & Kitchen,Water Purifier,HOM-WAT443,1,20099,20099,No Coupon,0.00,0.12,20099.00,2411.88,UPI,Delivered,Website,Kavya Deshmukh,Ecom Express,4,3,13358.66,6740.34,0.3354,122.00,22632.88
IN240100649,15-Jan-2024,CUST13272,Nikhil Shinde,35,Lucknow,Uttar Pradesh,North,Home & Kitchen,Pressure Cooker,HOM-PRE317,1,3699,3699,No Coupon,0.00,0.18,3699.00,665.82,UPI,Delivered,Website,Anjali Joshi,Xpressbees,3,4,2674.88,1024.12,0.2769,87.00,4451.82
IN240102292,15-Jan-2024,CUST15958,Ishaan Bhatia,36,Noida,Uttar Pradesh,North,Mobiles & Accessories,Smartphone,MOB-SMA753,2,12599,25198,No Coupon,0.00,0.12,25198.00,3023.76,UPI,Shipped,Marketplace,Anjali Joshi,Ecom Express,3,,21171.67,4026.33,0.1598,176.00,28397.76
IN240100439,16-Jan-2024,CUST33070,Pooja Shinde,26,Coimbatore,Tamil Nadu,South,Electronics,LED TV,ELE-LED278,1,23199,23199,FREESHIP,0.00,0.18,23199.00,4175.82,Wallet,Delivered,Mobile App,Kavya Deshmukh,India Post,4,5,19266.77,3932.23,0.1695,172.00,27546.82
IN240101222,16-Jan-2024,CUST53855,Pooja Sharma,39,Ranchi,Jharkhand,East,Mobiles & Accessories,Power Bank,MOB-POW771,1,3799,3799,PAYDAY15,569.85,0.12,3229.15,387.50,Debit Card,Shipped,Website,Kavya Deshmukh,Delhivery,3,,3025.47,203.68,0.0631,146.00,3762.65
IN240101741,17-Jan-2024,CUST59620,Amit Das,47,Hyderabad,Telangana,South,Home & Kitchen,Pressure Cooker,HOM-PRE254,5,2599,12995,WELCOME100,100.00,0.12,12895.00,1547.40,Debit Card,Delivered,Marketplace,Swati Mishra,Xpressbees,3,3,8126.79,4768.21,0.3698,127.00,14569.40
IN240100075,18-Jan-2024,CUST40023,Saanvi Joshi,43,Ahmedabad,Gujarat,West,Home & Kitchen,Bedsheet Set,HOM-BED913,1,1099,1099,FESTIVE10,109.90,0.18,989.10,178.04,Credit Card,Delivered,Mobile App,Isha Gupta,Xpressbees,3,3,796.89,192.21,0.1943,98.00,1265.14
IN240101656,18-Jan-2024,CUST37706,Akshay Gaikwad,19,Nashik,Maharashtra,West,Mobiles & Accessories,Bluetooth Earbuds,MOB-BLU748,1,7599,7599,WELCOME100,100.00,0.12,7499.00,899.88,UPI,Shipped,Mobile App,Pooja Reddy,Delhivery,5,,6472.11,1026.89,0.1369,180.00,8578.88
IN240101759,18-Jan-2024,CUST36503,Kiara Ghosh,48,Indore,Madhya Pradesh,Central,Fashion,Saree,FAS-SAR698,1,2499,2499,No Coupon,0.00,0.18,2499.00,449.82,UPI,Delivered,Mobile App,Karan Malhotra,Delhivery,4,3,1562.59,936.41,0.3747,144.00,3092.82
IN240102219,18-Jan-2024,CUST81689,Saanvi Shaikh,34,Indore,Madhya Pradesh,Central,Grocery & Gourmet,Coffee Pack,GRO-COF846,4,904,3616,PAYDAY15,542.40,0.12,3073.60,368.83,COD,Delivered,Social Commerce,Karan Malhotra,Xpressbees,3,4,2631.22,442.38,0.1439,96.00,3538.43
IN240101403,19-Jan-2024,CUST83670,Diya Kumar,22,Chandigarh,Chandigarh,North,Beauty & Personal Care,Skin Cream,BEA-SKI817,3,1099,3297,WELCOME100,100.00,0.18,3197.00,575.46,UPI,Shipped,Mobile App,Swati Mishra,Delhivery,3,,2191.66,1005.34,0.3145,178.00,3950.46
IN240101434,19-Jan-2024,CUST54664,Siddharth Malhotra,40,Ludhiana,Punjab,North,Fashion,Jeans,FAS-JEA636,1,1499,1499,PAYDAY15,224.85,0.18,1274.15,229.35,COD,Delivered,Marketplace,Anjali Joshi,Blue Dart,6,4,878.89,395.26,0.3102,129.00,1632.50
IN240101624,19-Jan-2024,CUST26226,Myra More,31,Surat,Gujarat,West,Electronics,Laptop,ELE-LAP330,1,127399,127399,WELCOME100,100.00,0.12,127299.00,15275.88,COD,Delivered,Marketplace,Priya Nair,India Post,3,5,98540.86,28758.14,0.2259,150.00,142724.88
IN240102363,19-Jan-2024,CUST99260,Saanvi Banerjee,58,Coimbatore,Tamil Nadu,South,Fashion,Handbag,FAS-HAN144,1,4399,4399,FESTIVE10,439.90,0.12,3959.10,475.09,UPI,Delivered,Mobile App,Anjali Joshi,India Post,5,1,3302.66,656.44,0.1658,105.00,4539.19
IN240100115,20-Jan-2024,CUST53380,Neha Mehta,39,Nashik,Maharashtra,West,Mobiles & Accessories,Power Bank,MOB-POW962,2,3599,7198,FREESHIP,0.00,0.12,7198.00,863.76,Net Banking,Delivered,Mobile App,Manish Iyer,DTDC,4,4,5500.44,1697.56,0.2358,97.00,8158.76
IN240100302,20-Jan-2024,CUST88370,Sagar Bhatia,40,Mumbai,Maharashtra,West,Fashion,Jeans,FAS-JEA398,1,2999,2999,WELCOME100,100.00,0.12,2899.00,347.88,Debit Card,Returned,Mobile App,Amit Sharma,Shadowfax,3,4,2323.31,575.69,0.1986,162.00,3408.88
IN240100313,20-Jan-2024,CUST59393,Diya Kadam,34,Noida,Uttar Pradesh,North,Mobiles & Accessories,Bluetooth Earbuds,MOB-BLU217,1,2599,2599,MEGADEAL,467.82,0.18,2131.18,383.61,Credit Card,Delivered,Mobile App,Rohan Mehta,Ecom Express,5,3,2123.46,7.72,0.0036,109.00,2623.79
IN240101248,20-Jan-2024,CUST89744,Vikram Chatterjee,44,Vadodara,Gujarat,West,Home & Kitchen,Cookware Set,HOM-COO599,3,5999,17997,No Coupon,0.00,0.18,17997.00,3239.46,Debit Card,Delivered,Website,Tanvi Jadhav,Shadowfax,5,4,11539.62,6457.38,0.3588,162.00,21398.46
IN240101801,20-Jan-2024,CUST30461,Nisha Malhotra,27,Bengaluru,Karnataka,South,Grocery & Gourmet,Tea Pack,GRO-TEA785,5,471,2355,DIWALI20,471.00,0.12,1884.00,226.08,UPI,Delivered,Marketplace,Manish Iyer,Delhivery,2,5,1449.96,434.04,0.2304,149.00,2259.08
IN240101395,21-Jan-2024,CUST20057,Rajesh Mishra,35,Bhopal,Madhya Pradesh,Central,Fashion,Women Kurti,FAS-WOM893,1,678,678,No Coupon,0.00,0.12,678.00,81.36,UPI,Shipped,Marketplace,Tanvi Jadhav,Ecom Express,3,,453.18,224.82,0.3316,86.00,845.36
IN240102243,21-Jan-2024,CUST22665,Myra Bhatia,38,Lucknow,Uttar Pradesh,North,Home & Kitchen,Cookware Set,HOM-COO672,3,6599,19797,FESTIVE10,1979.70,0.18,17817.30,3207.11,COD,Delivered,Website,Isha Gupta,DTDC,4,5,13141.26,4676.04,0.2624,126.00,21150.41
IN240100056,22-Jan-2024,CUST16593,Mansi Jadhav,38,Kochi,Kerala,South,Books & Stationery,Office Diary,BOO-OFF733,1,453,453,APPONLY,36.24,0.18,416.76,75.02,Wallet,Cancelled,Website,Rahul Verma,India Post,5,,311.41,105.35,0.2528,0.00,491.78
IN240100574,22-Jan-2024,CUST99353,Payal Singh,46,Surat,Gujarat,West,Electronics,Keyboard,ELE-KEY287,1,2599,2599,PAYDAY15,389.85,0.18,2209.15,397.65,Credit Card,Delivered,Mobile App,Vikram Singh,Xpressbees,2,5,1932.40,276.75,0.1253,131.00,2737.80
IN240101957,22-Jan-2024,CUST89502,Payal Singh,45,Ranchi,Jharkhand,East,Home & Kitchen,Mixer Grinder,HOM-MIX856,3,4399,13197,PAYDAY15,1979.55,0.12,11217.45,1346.09,UPI,Delivered,Website,Swati Mishra,Ecom Express,2,5,8179.78,3037.67,0.2708,99.00,12662.54
IN240101300,23-Jan-2024,CUST16997,Vihaan Yadav,48,Kolkata,West Bengal,East,Home & Kitchen,Cookware Set,HOM-COO897,2,5599,11198,WELCOME100,100.00,0.12,11098.00,1331.76,Credit Card,Delivered,Mobile App,Pooja Reddy,Ecom Express,3,5,7668.80,3429.20,0.3090,65.00,12494.76
IN240100315,24-Jan-2024,CUST23292,Rutuja Singh,48,Bhubaneswar,Odisha,East,Electronics,Laptop,ELE-LAP599,1,65799,65799,WELCOME100,100.00,0.12,65699.00,7883.88,Debit Card,Delivered,Mobile App,Rohan Mehta,Delhivery,3,5,49944.60,15754.40,0.2398,112.00,73694.88
IN240100777,24-Jan-2024,CUST13569,Myra Chauhan,58,Noida,Uttar Pradesh,North,Electronics,Keyboard,ELE-KEY228,1,1399,1399,DIWALI20,279.80,0.18,1119.20,201.46,UPI,Cancelled,Website,Neha Patel,DTDC,3,,1094.96,24.24,0.0217,0.00,1320.66
IN240101988,24-Jan-2024,CUST32115,Siddharth Chatterjee,29,Vijayawada,Andhra Pradesh,South,Electronics,Laptop,ELE-LAP610,1,48899,48899,PAYDAY15,7334.85,0.12,41564.15,4987.70,UPI,Delivered,Website,Rohan Mehta,Shadowfax,3,4,39642.27,1921.88,0.0462,112.00,46663.85
IN240100084,25-Jan-2024,CUST50447,Deepak Gupta,18,Mumbai,Maharashtra,West,Books & Stationery,Notebook Pack,BOO-NOT303,1,396,396,NEWYEAR10,39.60,0.12,356.40,42.77,COD,Returned,Website,Amit Sharma,DTDC,3,5,297.30,59.10,0.1658,86.00,485.17
IN240102129,25-Jan-2024,CUST55962,Deepak Shinde,25,Nashik,Maharashtra,West,Sports & Fitness,Running Shoes,SPO-RUN236,4,5299,21196,No Coupon,0.00,0.12,21196.00,2543.52,UPI,Delivered,Marketplace,Anjali Joshi,Xpressbees,5,4,13621.45,7574.55,0.3574,75.00,23814.52
IN240100801,26-Jan-2024,CUST91365,Ishaan Kapoor,45,Indore,Madhya Pradesh,Central,Grocery & Gourmet,Tea Pack,GRO-TEA442,3,605,1815,No Coupon,0.00,0.12,1815.00,217.80,Debit Card,Delivered,Marketplace,Isha Gupta,Ecom Express,7,5,1201.46,613.54,0.3380,174.00,2206.80
IN240101286,26-Jan-2024,CUST60102,Reyansh Gaikwad,18,Indore,Madhya Pradesh,Central,Sports & Fitness,Cricket Bat,SPO-CRI936,1,1299,1299,FREESHIP,0.00,0.18,1299.00,233.82,Credit Card,Returned,Website,Rahul Verma,Ecom Express,5,2,899.78,399.22,0.3073,176.00,1708.82
IN240101330,26-Jan-2024,CUST80096,Isha Kadam,51,Ludhiana,Punjab,North,Fashion,Jeans,FAS-JEA499,1,1699,1699,APPONLY,135.92,0.12,1563.08,187.57,Credit Card,Shipped,Marketplace,Vikram Singh,Shadowfax,7,,1247.49,315.59,0.2019,68.00,1818.65
IN240101410,26-Jan-2024,CUST63526,Reyansh Verma,20,Vijayawada,Andhra Pradesh,South,Home & Kitchen,Bedsheet Set,HOM-BED326,4,1899,7596,No Coupon,0.00,0.18,7596.00,1367.28,UPI,Delivered,Mobile App,Isha Gupta,Ecom Express,3,4,4931.48,2664.52,0.3508,160.00,9123.28
IN240100111,27-Jan-2024,CUST15280,Siddharth Joshi,49,Pune,Maharashtra,West,Books & Stationery,Notebook Pack,BOO-NOT559,1,261,261,No Coupon,0.00,0.05,261.00,13.05,Debit Card,Returned,Mobile App,Tanvi Jadhav,DTDC,1,5,202.29,58.71,0.2249,87.00,361.05
IN240100409,27-Jan-2024,CUST18557,Sai Saxena,55,Bengaluru,Karnataka,South,Home & Kitchen,Pressure Cooker,HOM-PRE159,1,3699,3699,No Coupon,0.00,0.12,3699.00,443.88,UPI,Delivered,Marketplace,Sagar Pawar,DTDC,3,5,2320.55,1378.45,0.3727,160.00,4302.88
IN240100532,27-Jan-2024,CUST24893,Myra Yadav,31,Patna,Bihar,East,Grocery & Gourmet,Spices Combo,GRO-SPI320,1,509,509,DIWALI20,101.80,0.12,407.20,48.86,UPI,Delivered,Mobile App,Tanvi Jadhav,DTDC,4,3,325.67,81.53,0.2002,99.00,555.06
IN240100622,27-Jan-2024,CUST59713,Kabir Pillai,33,Visakhapatnam,Andhra Pradesh,South,Fashion,Handbag,FAS-HAN872,4,2499,9996,No Coupon,0.00,0.18,9996.00,1799.28,Wallet,Delivered,Mobile App,Swati Mishra,Blue Dart,4,4,5808.21,4187.79,0.4189,180.00,11975.28
IN240100813,27-Jan-2024,CUST85601,Bhavna Patel,23,Chennai,Tamil Nadu,South,Books & Stationery,Notebook Pack,BOO-NOT539,1,151,151,No Coupon,0.00,0.05,151.00,7.55,Net Banking,Delivered,Marketplace,Amit Sharma,India Post,1,5,116.05,34.95,0.2315,176.00,334.55
IN240101271,27-Jan-2024,CUST65348,Payal Reddy,56,Bhopal,Madhya Pradesh,Central,Books & Stationery,Office Diary,BOO-OFF469,2,527,1054,No Coupon,0.00,0.12,1054.00,126.48,UPI,Delivered,Mobile App,Isha Gupta,Xpressbees,4,3,663.77,390.23,0.3702,152.00,1332.48
IN240101288,27-Jan-2024,CUST38180,Anika Verma,21,Pune,Maharashtra,West,Fashion,Handbag,FAS-HAN308,2,4499,8998,No Coupon,0.00,0.12,8998.00,1079.76,Credit Card,Delivered,Website,Priya Nair,Xpressbees,7,5,5770.45,3227.55,0.3587,67.00,10144.76
IN240102050,27-Jan-2024,CUST53559,Ira Banerjee,48,Nashik,Maharashtra,West,Fashion,Women Kurti,FAS-WOM417,1,2799,2799,No Coupon,0.00,0.18,2799.00,503.82,UPI,Delivered,Marketplace,Rahul Verma,DTDC,1,3,1629.31,1169.69,0.4179,114.00,3416.82
IN240101339,28-Jan-2024,CUST11622,Sneha Khan,23,Visakhapatnam,Andhra Pradesh,South,Beauty & Personal Care,Hair Oil,BEA-HAI867,4,320,1280,MEGADEAL,230.40,0.12,1049.60,125.95,UPI,Shipped,Social Commerce,Anjali Joshi,Ecom Express,3,,838.82,210.78,0.2008,129.00,1304.55
IN240101908,28-Jan-2024,CUST10376,Vikram More,41,Mumbai,Maharashtra,West,Fashion,Men T-Shirt,FAS-MEN830,1,985,985,No Coupon,0.00,0.18,985.00,177.30,COD,Delivered,Website,Amit Sharma,DTDC,2,5,595.62,389.38,0.3953,155.00,1317.30
IN240102096,29-Jan-2024,CUST81127,Neha Dhawale,43,Bhubaneswar,Odisha,East,Grocery & Gourmet,Dry Fruits Pack,GRO-DRY624,3,406,1218,FESTIVE10,121.80,0.12,1096.20,131.54,UPI,Cancelled,Marketplace,Isha Gupta,India Post,5,,757.36,338.84,0.3091,0.00,1227.74
IN240102294,29-Jan-2024,CUST66824,Sakshi Mishra,48,Thiruvananthapuram,Kerala,South,Beauty & Personal Care,Shampoo,BEA-SHA828,5,852,4260,No Coupon,0.00,0.18,4260.00,766.80,Debit Card,Delivered,Marketplace,Pooja Reddy,Shadowfax,8,5,2734.93,1525.07,0.3580,75.00,5101.80
IN240102452,29-Jan-2024,CUST92514,Riya Jadhav,42,Nagpur,Maharashtra,West,Books & Stationery,Kids Story Book,BOO-KID435,1,310,310,FESTIVE10,31.00,0.18,279.00,50.22,Net Banking,Delivered,Mobile App,Nikhil Bansal,Xpressbees,4,4,206.81,72.19,0.2587,131.00,460.22
IN240100048,30-Jan-2024,CUST90701,Pranav Sharma,44,Bengaluru,Karnataka,South,Books & Stationery,Exam Prep Book,BOO-EXA121,1,803,803,APPONLY,64.24,0.18,738.76,132.98,Credit Card,Delivered,Mobile App,Sneha Kulkarni,DTDC,6,5,508.54,230.22,0.3116,117.00,988.74
IN240100314,30-Jan-2024,CUST55020,Vihaan Iyer,27,Ahmedabad,Gujarat,West,Grocery & Gourmet,Tea Pack,GRO-TEA955,1,174,174,No Coupon,0.00,0.12,174.00,20.88,Wallet,Shipped,Marketplace,Rohan Mehta,DTDC,2,,106.54,67.46,0.3877,170.00,364.88
IN240100589,30-Jan-2024,CUST29412,Isha More,41,Guwahati,Assam,North East,Beauty & Personal Care,Face Wash,BEA-FAC569,2,187,374,No Coupon,0.00,0.12,374.00,44.88,UPI,Shipped,Mobile App,Manish Iyer,Blue Dart,5,,251.59,122.41,0.3273,101.00,519.88
IN240101655,30-Jan-2024,CUST88209,Yash Bansal,29,Chennai,Tamil Nadu,South,Books & Stationery,Kids Story Book,BOO-KID298,1,352,352,APPONLY,28.16,0.05,323.84,16.19,Wallet,Delivered,Mobile App,Sneha Kulkarni,Blue Dart,4,2,274.54,49.30,0.1522,173.00,513.03
IN240101760,30-Jan-2024,CUST91274,Isha Kumar,19,Hyderabad,Telangana,South,Fashion,Women Kurti,FAS-WOM644,4,2699,10796,PAYDAY15,1619.40,0.18,9176.60,1651.79,Credit Card,Delivered,Marketplace,Neha Patel,Delhivery,3,4,6501.30,2675.30,0.2915,179.00,11007.39
IN240102425,30-Jan-2024,CUST46048,Nisha Rathod,53,Nashik,Maharashtra,West,Beauty & Personal Care,Skin Cream,BEA-SKI324,1,1099,1099,No Coupon,0.00,0.12,1099.00,131.88,Credit Card,Shipped,Mobile App,Rohan Mehta,Xpressbees,1,,769.50,329.50,0.2998,111.00,1341.88
IN240100321,31-Jan-2024,CUST65749,Kabir Shaikh,44,Gurugram,Haryana,North,Fashion,Sneakers,FAS-SNE650,3,3799,11397,No Coupon,0.00,0.12,11397.00,1367.64,UPI,Delivered,Mobile App,Deepak Yadav,Shadowfax,4,4,8343.77,3053.23,0.2679,120.00,12884.64
IN240100452,31-Jan-2024,CUST43006,Kabir Kumar,42,Pune,Maharashtra,West,Electronics,Keyboard,ELE-KEY369,1,2899,2899,WELCOME100,100.00,0.18,2799.00,503.82,UPI,Delivered,Website,Swati Mishra,DTDC,4,5,2390.90,408.10,0.1458,137.00,3439.82
IN240101677,31-Jan-2024,CUST46575,Payal Kadam,34,Mysuru,Karnataka,South,Sports & Fitness,Dumbbell Set,SPO-DUM186,2,1799,3598,FREESHIP,0.00,0.12,3598.00,431.76,UPI,Delivered,Marketplace,Sagar Pawar,Shadowfax,6,4,2698.39,899.61,0.2500,155.00,4184.76
IN240200140,01-Feb-2024,CUST91637,Komal Malhotra,43,Jaipur,Rajasthan,North,Electronics,Tablet,ELE-TAB343,3,47099,141297,APPONLY,11303.76,0.12,129993.24,15599.19,UPI,Delivered,Mobile App,Sagar Pawar,DTDC,7,5,112387.32,17605.92,0.1354,65.00,145657.43
IN240200781,01-Feb-2024,CUST79909,Suresh Kulkarni,46,Nagpur,Maharashtra,West,Electronics,Tablet,ELE-TAB248,1,54799,54799,No Coupon,0.00,0.18,54799.00,9863.82,UPI,Delivered,Mobile App,Isha Gupta,Xpressbees,6,5,46998.06,7800.94,0.1424,81.00,64743.82
IN240200119,02-Feb-2024,CUST41136,Shaurya Gupta,45,Patna,Bihar,East,Grocery & Gourmet,Spices Combo,GRO-SPI143,2,614,1228,FESTIVE10,122.80,0.05,1105.20,55.26,Credit Card,Delivered,Website,Pooja Reddy,Delhivery,3,3,784.92,320.28,0.2898,79.00,1239.46
IN240200511,02-Feb-2024,CUST62990,Saanvi Pawar,31,Thiruvananthapuram,Kerala,South,Books & Stationery,Exam Prep Book,BOO-EXA371,1,292,292,DIWALI20,58.40,0.05,233.60,11.68,Debit Card,Shipped,Social Commerce,Tanvi Jadhav,India Post,4,,201.06,32.54,0.1393,139.00,384.28
IN240200595,02-Feb-2024,CUST88989,Sagar Ansari,47,Coimbatore,Tamil Nadu,South,Fashion,Jeans,FAS-JEA200,2,1699,3398,PAYDAY15,509.70,0.12,2888.30,346.60,Net Banking,Returned,Mobile App,Rahul Verma,Blue Dart,4,4,2189.83,698.47,0.2418,99.00,3333.90
IN240202355,02-Feb-2024,CUST79010,Isha Joshi,56,Gurugram,Haryana,North,Home & Kitchen,Mixer Grinder,HOM-MIX391,1,2899,2899,No Coupon,0.00,0.12,2899.00,347.88,COD,Delivered,Mobile App,Sagar Pawar,Xpressbees,5,2,2176.96,722.04,0.2491,78.00,3324.88
IN240202092,03-Feb-2024,CUST22035,Amit Dhawale,23,Guwahati,Assam,North East,Fashion,Handbag,FAS-HAN635,4,2799,11196,No Coupon,0.00,0.18,11196.00,2015.28,Debit Card,Delivered,Mobile App,Deepak Yadav,Delhivery,3,3,8112.15,3083.85,0.2754,131.00,13342.28
IN240202406,03-Feb-2024,CUST46720,Siddharth Dhawale,38,Noida,Uttar Pradesh,North,Mobiles & Accessories,Phone Cover,MOB-PHO138,2,264,528,No Coupon,0.00,0.18,528.00,95.04,UPI,Delivered,Mobile App,Deepak Yadav,Delhivery,7,2,408.02,119.98,0.2272,93.00,716.04
IN240200460,04-Feb-2024,CUST77043,Sai Kulkarni,57,Nashik,Maharashtra,West,Sports & Fitness,Dumbbell Set,SPO-DUM841,1,4199,4199,NEWYEAR10,419.90,0.12,3779.10,453.49,UPI,Delivered,Website,Sneha Kulkarni,Ecom Express,1,4,2918.81,860.29,0.2276,164.00,4396.59
IN240200757,04-Feb-2024,CUST74352,Deepak Mehta,31,Bengaluru,Karnataka,South,Home & Kitchen,Cookware Set,HOM-COO125,1,7499,7499,APPONLY,599.92,0.18,6899.08,1241.83,UPI,Delivered,Website,Rahul Verma,DTDC,2,3,4680.24,2218.84,0.3216,102.00,8242.91
IN240200933,04-Feb-2024,CUST95253,Manish Ansari,31,Bhopal,Madhya Pradesh,Central,Grocery & Gourmet,Basmati Rice 5kg,GRO-BAS758,1,856,856,PAYDAY15,128.40,0.12,727.60,87.31,UPI,Shipped,Mobile App,Vikram Singh,Delhivery,4,,585.98,141.62,0.1946,84.00,898.91
IN240200971,04-Feb-2024,CUST57933,Shruti Patel,20,Ahmedabad,Gujarat,West,Electronics,Tablet,ELE-TAB898,1,10699,10699,No Coupon,0.00,0.12,10699.00,1283.88,COD,Delivered,Website,Priya Nair,Shadowfax,3,3,9104.30,1594.70,0.1491,127.00,12109.88
IN240201468,04-Feb-2024,CUST47573,Sneha Khan,30,Hyderabad,Telangana,South,Sports & Fitness,Running Shoes,SPO-RUN443,2,7199,14398,No Coupon,0.00,0.12,14398.00,1727.76,COD,Cancelled,Mobile App,Manish Iyer,Delhivery,4,,10597.30,3800.70,0.2640,0.00,16125.76
IN240200845,05-Feb-2024,CUST61500,Sagar Tiwari,45,Guwahati,Assam,North East,Books & Stationery,Exam Prep Book,BOO-EXA396,3,595,1785,No Coupon,0.00,0.05,1785.00,89.25,Wallet,Delivered,Mobile App,Neha Patel,India Post,5,4,1172.70,612.30,0.3430,82.00,1956.25
IN240200849,05-Feb-2024,CUST43960,Meera Kadam,50,Chennai,Tamil Nadu,South,Beauty & Personal Care,Shampoo,BEA-SHA947,1,608,608,No Coupon,0.00,0.12,608.00,72.96,Wallet,Delivered,Mobile App,Sagar Pawar,Xpressbees,4,3,463.62,144.38,0.2375,98.00,778.96
IN240201148,05-Feb-2024,CUST18996,Yash Dhawale,45,Mysuru,Karnataka,South,Sports & Fitness,Dumbbell Set,SPO-DUM668,1,873,873,WELCOME100,100.00,0.18,773.00,139.14,Credit Card,Cancelled,Mobile App,Sneha Kulkarni,India Post,6,,575.08,197.92,0.2560,0.00,912.14
IN240201231,05-Feb-2024,CUST69412,Vivaan Singh,52,Pune,Maharashtra,West,Electronics,Bluetooth Speaker,ELE-BLU872,1,4199,4199,No Coupon,0.00,0.12,4199.00,503.88,COD,Delivered,Website,Nikhil Bansal,India Post,3,4,3154.88,1044.12,0.2487,61.00,4763.88
IN240202211,05-Feb-2024,CUST86217,Anika Mishra,36,Chennai,Tamil Nadu,South,Fashion,Saree,FAS-SAR175,1,1999,1999,FESTIVE10,199.90,0.18,1799.10,323.84,COD,Delivered,Marketplace,Pooja Reddy,Xpressbees,3,5,1159.96,639.14,0.3553,149.00,2271.94
IN240200207,06-Feb-2024,CUST34624,Aadhya Malhotra,33,Ahmedabad,Gujarat,West,Electronics,Bluetooth Speaker,ELE-BLU146,1,9799,9799,No Coupon,0.00,0.18,9799.00,1763.82,UPI,Shipped,Website,Rahul Verma,India Post,1,,7411.56,2387.44,0.2436,150.00,11712.82
IN240200496,06-Feb-2024,CUST68340,Kavya Bhatia,40,Vijayawada,Andhra Pradesh,South,Mobiles & Accessories,Bluetooth Earbuds,MOB-BLU325,1,5499,5499,FESTIVE10,549.90,0.18,4949.10,890.84,Credit Card,Delivered,Mobile App,Isha Gupta,Xpressbees,6,5,3975.87,973.23,0.1966,107.00,5946.94
IN240200612,06-Feb-2024,CUST30556,Janhavi Mishra,24,Bengaluru,Karnataka,South,Home & Kitchen,Mixer Grinder,HOM-MIX818,1,4799,4799,No Coupon,0.00,0.18,4799.00,863.82,UPI,Delivered,Website,Rahul Verma,Blue Dart,6,4,3436.86,1362.14,0.2838,78.00,5740.82
IN240200738,06-Feb-2024,CUST62695,Aarav Gupta,23,Chandigarh,Chandigarh,North,Electronics,LED TV,ELE-LED144,1,73599,73599,FESTIVE10,7359.90,0.18,66239.10,11923.04,Net Banking,Delivered,Mobile App,Swati Mishra,Shadowfax,5,3,55330.02,10909.08,0.1647,101.00,78263.14
IN240200516,07-Feb-2024,CUST40193,Amit Chauhan,18,Chennai,Tamil Nadu,South,Fashion,Handbag,FAS-HAN937,1,2499,2499,NEWYEAR10,249.90,0.12,2249.10,269.89,Credit Card,Delivered,Website,Kavya Deshmukh,Shadowfax,7,3,1554.07,695.03,0.3090,157.00,2675.99
IN240200337,08-Feb-2024,CUST49793,Isha Shaikh,38,Bengaluru,Karnataka,South,Sports & Fitness,Fitness Band,SPO-FIT125,1,4799,4799,No Coupon,0.00,0.12,4799.00,575.88,UPI,Returned,Website,Manish Iyer,Delhivery,2,5,3503.24,1295.76,0.2700,167.00,5541.88
IN240200931,08-Feb-2024,CUST72740,Riya Das,46,Mumbai,Maharashtra,West,Fashion,Sneakers,FAS-SNE481,2,1499,2998,WELCOME100,100.00,0.12,2898.00,347.76,Net Banking,Delivered,Mobile App,Rahul Verma,India Post,2,4,2059.83,838.17,0.2892,68.00,3313.76
IN240201326,08-Feb-2024,CUST94415,Vikram Gaikwad,49,Ranchi,Jharkhand,East,Fashion,Men T-Shirt,FAS-MEN225,1,1599,1599,No Coupon,0.00,0.12,1599.00,191.88,Credit Card,Delivered,Website,Manish Iyer,India Post,2,4,1012.47,586.53,0.3668,70.00,1860.88
IN240202099,09-Feb-2024,CUST11768,Pooja Nair,57,Lucknow,Uttar Pradesh,North,Electronics,Bluetooth Speaker,ELE-BLU701,1,8199,8199,FESTIVE10,819.90,0.12,7379.10,885.49,Debit Card,Delivered,Mobile App,Sagar Pawar,DTDC,4,5,6791.87,587.23,0.0796,62.00,8326.59
IN240200255,10-Feb-2024,CUST96261,Anaya Shinde,26,Bengaluru,Karnataka,South,Fashion,Men T-Shirt,FAS-MEN689,1,1799,1799,No Coupon,0.00,0.18,1799.00,323.82,Wallet,Delivered,Marketplace,Kavya Deshmukh,Xpressbees,4,4,1322.27,476.73,0.2650,94.00,2216.82
IN240200954,10-Feb-2024,CUST18386,Omkar Bhatia,50,Bhubaneswar,Odisha,East,Books & Stationery,Pen Set,BOO-PEN239,1,325,325,FESTIVE10,32.50,0.18,292.50,52.65,UPI,Delivered,Mobile App,Sneha Kulkarni,Delhivery,5,5,206.09,86.41,0.2954,100.00,445.15
IN240202172,10-Feb-2024,CUST30152,Pooja Shinde,31,Mumbai,Maharashtra,West,Home & Kitchen,Pressure Cooker,HOM-PRE656,2,1899,3798,No Coupon,0.00,0.18,3798.00,683.64,Credit Card,Delivered,Website,Swati Mishra,Ecom Express,2,4,2608.56,1189.44,0.3132,80.00,4561.64
IN240200665,11-Feb-2024,CUST84191,Meera Gupta,53,Delhi,Delhi,North,Electronics,Laptop,ELE-LAP205,1,61799,61799,No Coupon,0.00,0.12,61799.00,7415.88,Net Banking,Delivered,Mobile App,Amit Sharma,Blue Dart,1,4,48990.39,12808.61,0.2073,171.00,69385.88
IN240200245,12-Feb-2024,CUST35653,Aarav Singh,41,Gurugram,Haryana,North,Fashion,Saree,FAS-SAR338,1,4999,4999,MEGADEAL,899.82,0.18,4099.18,737.85,UPI,Delivered,Mobile App,Sagar Pawar,India Post,4,5,3511.41,587.77,0.1434,177.00,5014.03
IN240200398,12-Feb-2024,CUST37942,Swati Singh,42,Mysuru,Karnataka,South,Electronics,Laptop,ELE-LAP147,1,66799,66799,FREESHIP,0.00,0.12,66799.00,8015.88,Net Banking,Delivered,Website,Karan Malhotra,Shadowfax,7,3,49430.12,17368.88,0.2600,164.00,74978.88
IN240201253,13-Feb-2024,CUST18755,Akshay Saxena,30,Kochi,Kerala,South,Electronics,Bluetooth Speaker,ELE-BLU428,1,1599,1599,No Coupon,0.00,0.12,1599.00,191.88,Debit Card,Cancelled,Website,Neha Patel,Xpressbees,4,,1218.06,380.94,0.2382,0.00,1790.88
IN240201262,13-Feb-2024,CUST63730,Ishaan Kapoor,26,Pune,Maharashtra,West,Fashion,Handbag,FAS-HAN798,1,4199,4199,APPONLY,335.92,0.18,3863.08,695.35,Net Banking,Delivered,Mobile App,Priya Nair,India Post,6,5,2680.13,1182.95,0.3062,146.00,4704.43
IN240201613,13-Feb-2024,CUST21404,Rutuja Banerjee,33,Visakhapatnam,Andhra Pradesh,South,Electronics,Tablet,ELE-TAB964,1,33499,33499,FREESHIP,0.00,0.12,33499.00,4019.88,Wallet,Returned,Mobile App,Neha Patel,DTDC,3,1,26278.22,7220.78,0.2156,108.00,37626.88
IN240200185,14-Feb-2024,CUST85248,Sakshi Ansari,55,Kochi,Kerala,South,Home & Kitchen,Cookware Set,HOM-COO399,1,5099,5099,No Coupon,0.00,0.12,5099.00,611.88,UPI,Delivered,Website,Sagar Pawar,Delhivery,2,5,3603.81,1495.19,0.2932,144.00,5854.88
IN240201131,14-Feb-2024,CUST62487,Ishaan Qureshi,35,Guwahati,Assam,North East,Mobiles & Accessories,Power Bank,MOB-POW816,2,913,1826,No Coupon,0.00,0.18,1826.00,328.68,Credit Card,Returned,Mobile App,Swati Mishra,Shadowfax,4,3,1507.36,318.64,0.1745,140.00,2294.68
IN240201259,14-Feb-2024,CUST32158,Rahul Gaikwad,33,Mysuru,Karnataka,South,Mobiles & Accessories,Bluetooth Earbuds,MOB-BLU582,1,6999,6999,No Coupon,0.00,0.18,6999.00,1259.82,Net Banking,Delivered,Website,Karan Malhotra,India Post,1,3,5938.56,1060.44,0.1515,129.00,8387.82
IN240201406,14-Feb-2024,CUST63931,Krishna More,19,Noida,Uttar Pradesh,North,Fashion,Handbag,FAS-HAN240,1,2699,2699,No Coupon,0.00,0.12,2699.00,323.88,Credit Card,Delivered,Mobile App,Pooja Reddy,Xpressbees,1,3,1867.49,831.51,0.3081,161.00,3183.88
IN240201886,14-Feb-2024,CUST84282,Sai Reddy,39,Bhubaneswar,Odisha,East,Fashion,Women Kurti,FAS-WOM220,1,2299,2299,DIWALI20,459.80,0.12,1839.20,220.70,Credit Card,Cancelled,Website,Kavya Deshmukh,Blue Dart,4,,1450.26,388.94,0.2115,0.00,2059.90
IN240202010,15-Feb-2024,CUST12234,Swati Agarwal,34,Patna,Bihar,East,Mobiles & Accessories,Tempered Glass,MOB-TEM389,1,344,344,NEWYEAR10,34.40,0.18,309.60,55.73,Debit Card,Delivered,Mobile App,Tanvi Jadhav,Delhivery,4,4,294.97,14.63,0.0473,94.00,459.33
IN240202285,16-Feb-2024,CUST94716,Vihaan Patel,57,Jaipur,Rajasthan,North,Home & Kitchen,Mixer Grinder,HOM-MIX664,4,5999,23996,No Coupon,0.00,0.18,23996.00,4319.28,Net Banking,Delivered,Social Commerce,Karan Malhotra,Shadowfax,4,4,16960.73,7035.27,0.2932,167.00,28482.28
IN240200743,17-Feb-2024,CUST51310,Rahul Tiwari,19,Indore,Madhya Pradesh,Central,Fashion,Women Kurti,FAS-WOM982,1,792,792,PAYDAY15,118.80,0.18,673.20,121.18,COD,Returned,Marketplace,Nikhil Bansal,Xpressbees,3,3,578.66,94.54,0.1404,96.00,890.38
IN240201298,17-Feb-2024,CUST29638,Sakshi Patel,27,Noida,Uttar Pradesh,North,Electronics,Bluetooth Speaker,ELE-BLU265,1,7099,7099,DIWALI20,1419.80,0.18,5679.20,1022.26,Debit Card,Returned,Mobile App,Sagar Pawar,Shadowfax,3,5,5240.90,438.30,0.0772,159.00,6860.46
IN240201481,17-Feb-2024,CUST97960,Vivaan Malhotra,31,Visakhapatnam,Andhra Pradesh,South,Sports & Fitness,Running Shoes,SPO-RUN256,1,5999,5999,No Coupon,0.00,0.12,5999.00,719.88,UPI,Returned,Mobile App,Manish Iyer,Blue Dart,3,5,4384.37,1614.63,0.2691,71.00,6789.88
IN240201010,18-Feb-2024,CUST34367,Diya Chatterjee,23,Mumbai,Maharashtra,West,Books & Stationery,Kids Story Book,BOO-KID651,1,217,217,No Coupon,0.00,0.18,217.00,39.06,UPI,Cancelled,Website,Kavya Deshmukh,Xpressbees,3,,149.05,67.95,0.3131,0.00,256.06
IN240201233,18-Feb-2024,CUST26927,Anaya Ansari,48,Hyderabad,Telangana,South,Mobiles & Accessories,Tempered Glass,MOB-TEM713,1,582,582,FESTIVE10,58.20,0.12,523.80,62.86,Credit Card,Delivered,Marketplace,Priya Nair,India Post,4,5,436.97,86.83,0.1658,60.00,646.66
IN240202410,18-Feb-2024,CUST36458,Janhavi Sharma,19,Visakhapatnam,Andhra Pradesh,South,Beauty & Personal Care,Trimmer,BEA-TRI563,1,3799,3799,MEGADEAL,683.82,0.12,3115.18,373.82,Debit Card,Delivered,Website,Sagar Pawar,Blue Dart,6,5,2455.08,660.10,0.2119,107.00,3596.00
IN240200545,19-Feb-2024,CUST76714,Atharv Agarwal,25,Ludhiana,Punjab,North,Fashion,Sneakers,FAS-SNE690,1,2399,2399,No Coupon,0.00,0.18,2399.00,431.82,Credit Card,Delivered,Marketplace,Priya Nair,Ecom Express,4,3,1395.06,1003.94,0.4185,157.00,2987.82
IN240201382,19-Feb-2024,CUST87349,Aarav Patel,47,Jaipur,Rajasthan,North,Sports & Fitness,Cricket Bat,SPO-CRI680,1,4599,4599,PAYDAY15,689.85,0.18,3909.15,703.65,Net Banking,Delivered,Social Commerce,Anjali Joshi,Xpressbees,3,3,3405.04,504.11,0.1290,162.00,4774.80
IN240202209,19-Feb-2024,CUST17519,Sneha Malhotra,27,Surat,Gujarat,West,Mobiles & Accessories,Tempered Glass,MOB-TEM205,1,540,540,No Coupon,0.00,0.12,540.00,64.80,Wallet,Delivered,Mobile App,Sagar Pawar,Delhivery,5,4,419.40,120.60,0.2233,67.00,671.80
IN240201737,21-Feb-2024,CUST49686,Nisha Ghosh,26,Surat,Gujarat,West,Books & Stationery,Kids Story Book,BOO-KID220,3,371,1113,FREESHIP,0.00,0.05,1113.00,55.65,Credit Card,Shipped,Website,Priya Nair,India Post,7,,771.46,341.54,0.3069,90.00,1258.65
IN240202309,21-Feb-2024,CUST16587,Krishna Iyer,47,Nashik,Maharashtra,West,Electronics,Laptop,ELE-LAP540,1,115799,115799,FESTIVE10,11579.90,0.18,104219.10,18759.44,Credit Card,Delivered,Social Commerce,Tanvi Jadhav,Blue Dart,6,5,86139.30,18079.80,0.1735,97.00,123075.54
IN240200536,22-Feb-2024,CUST34219,Sakshi Chauhan,29,Guwahati,Assam,North East,Beauty & Personal Care,Shampoo,BEA-SHA123,1,530,530,PAYDAY15,79.50,0.12,450.50,54.06,Credit Card,Delivered,Mobile App,Vikram Singh,Ecom Express,5,4,353.70,96.80,0.2149,160.00,664.56
IN240200761,22-Feb-2024,CUST95757,Deepak Ansari,42,Thiruvananthapuram,Kerala,South,Electronics,LED TV,ELE-LED334,2,74499,148998,WELCOME100,100.00,0.18,148898.00,26801.64,Debit Card,Delivered,Website,Priya Nair,Xpressbees,3,5,114509.68,34388.32,0.2310,156.00,175855.64
IN240200980,22-Feb-2024,CUST73597,Prachi Shinde,53,Bengaluru,Karnataka,South,Fashion,Sneakers,FAS-SNE241,1,1299,1299,PAYDAY15,194.85,0.12,1104.15,132.50,Net Banking,Delivered,Mobile App,Sagar Pawar,Xpressbees,4,3,884.69,219.46,0.1988,180.00,1416.65
IN240201492,22-Feb-2024,CUST45437,Suresh Khan,45,Mysuru,Karnataka,South,Mobiles & Accessories,Bluetooth Earbuds,MOB-BLU948,1,5299,5299,NEWYEAR10,529.90,0.18,4769.10,858.44,COD,Delivered,Mobile App,Amit Sharma,Delhivery,6,3,3914.86,854.24,0.1791,91.00,5718.54
IN240200289,23-Feb-2024,CUST19530,Siddharth Dhawale,48,Gurugram,Haryana,North,Fashion,Men T-Shirt,FAS-MEN881,1,608,608,No Coupon,0.00,0.12,608.00,72.96,Wallet,Delivered,Website,Priya Nair,Blue Dart,4,4,397.40,210.60,0.3464,129.00,809.96
IN240201034,23-Feb-2024,CUST85141,Komal Rathod,56,Vijayawada,Andhra Pradesh,South,Fashion,Women Kurti,FAS-WOM823,2,1699,3398,FESTIVE10,339.80,0.18,3058.20,550.48,Credit Card,Shipped,Website,Nikhil Bansal,India Post,3,,2174.05,884.15,0.2891,150.00,3758.68
IN240200209,24-Feb-2024,CUST64945,Manish Pillai,58,Indore,Madhya Pradesh,Central,Electronics,Laptop,ELE-LAP890,1,115199,115199,WELCOME100,100.00,0.18,115099.00,20717.82,UPI,Delivered,Mobile App,Nikhil Bansal,Shadowfax,3,5,84224.36,30874.64,0.2682,113.00,135929.82
IN240200296,24-Feb-2024,CUST49771,Aadhya Rathod,58,Surat,Gujarat,West,Fashion,Men T-Shirt,FAS-MEN820,1,1699,1699,No Coupon,0.00,0.12,1699.00,203.88,UPI,Delivered,Marketplace,Tanvi Jadhav,Xpressbees,2,4,1293.28,405.72,0.2388,80.00,1982.88
IN240200309,24-Feb-2024,CUST32028,Neha Joshi,22,Nagpur,Maharashtra,West,Electronics,Keyboard,ELE-KEY383,1,1599,1599,FESTIVE10,159.90,0.18,1439.10,259.04,COD,Delivered,Social Commerce,Rohan Mehta,Blue Dart,5,4,1169.53,269.57,0.1873,80.00,1778.14
IN240200799,24-Feb-2024,CUST91117,Vivaan Deshmukh,39,Ahmedabad,Gujarat,West,Home & Kitchen,Air Fryer,HOM-AIR228,1,12999,12999,FESTIVE10,1299.90,0.12,11699.10,1403.89,UPI,Delivered,Social Commerce,Amit Sharma,Blue Dart,2,3,9519.27,2179.83,0.1863,152.00,13254.99
IN240201016,24-Feb-2024,CUST28174,Komal Tiwari,51,Gurugram,Haryana,North,Sports & Fitness,Cricket Bat,SPO-CRI885,1,5899,5899,No Coupon,0.00,0.12,5899.00,707.88,COD,Returned,Website,Rahul Verma,Blue Dart,3,4,3987.20,1911.80,0.3241,121.00,6727.88
IN240201790,24-Feb-2024,CUST49846,Kiara Khan,40,Surat,Gujarat,West,Books & Stationery,Pen Set,BOO-PEN949,3,112,336,WELCOME100,67.20,0.12,268.80,32.26,Net Banking,Shipped,Website,Vikram Singh,DTDC,2,,243.95,24.85,0.0924,159.00,460.06
IN240202289,24-Feb-2024,CUST74421,Aarav Das,31,Coimbatore,Tamil Nadu,South,Mobiles & Accessories,Smartphone,MOB-SMA868,1,60899,60899,DIWALI20,12179.80,0.18,48719.20,8769.46,Credit Card,Delivered,Mobile App,Vikram Singh,DTDC,5,5,51569.33,-2850.13,-0.0585,162.00,57650.66
IN240202451,24-Feb-2024,CUST90334,Karan Das,48,Bhubaneswar,Odisha,East,Fashion,Handbag,FAS-HAN678,3,863,2589,No Coupon,0.00,0.18,2589.00,466.02,Credit Card,Returned,Mobile App,Manish Iyer,Xpressbees,6,3,1727.34,861.66,0.3328,171.00,3226.02
IN240201371,25-Feb-2024,CUST14057,Diya Chauhan,20,Patna,Bihar,East,Fashion,Sneakers,FAS-SNE611,2,2199,4398,PAYDAY15,659.70,0.18,3738.30,672.89,UPI,Delivered,Mobile App,Swati Mishra,DTDC,2,3,2563.27,1175.03,0.3143,85.00,4496.19
IN240202412,26-Feb-2024,CUST26302,Shaurya Yadav,23,Bengaluru,Karnataka,South,Beauty & Personal Care,Perfume,BEA-PER611,2,472,944,FREESHIP,0.00,0.18,944.00,169.92,UPI,Delivered,Marketplace,Priya Nair,Blue Dart,1,1,651.99,292.01,0.3093,113.00,1226.92
IN240201062,27-Feb-2024,CUST84687,Kabir Mishra,32,Thiruvananthapuram,Kerala,South,Fashion,Sneakers,FAS-SNE667,1,5099,5099,No Coupon,0.00,0.12,5099.00,611.88,COD,Cancelled,Social Commerce,Sagar Pawar,DTDC,3,,3007.78,2091.22,0.4101,0.00,5710.88
IN240201063,27-Feb-2024,CUST61873,Harsh More,36,Vijayawada,Andhra Pradesh,South,Sports & Fitness,Cricket Bat,SPO-CRI385,1,4799,4799,No Coupon,0.00,0.18,4799.00,863.82,UPI,Delivered,Mobile App,Sneha Kulkarni,Delhivery,5,5,2862.84,1936.16,0.4035,173.00,5835.82
IN240201632,27-Feb-2024,CUST77128,Anika Kulkarni,46,Patna,Bihar,East,Grocery & Gourmet,Dry Fruits Pack,GRO-DRY583,1,1599,1599,FREESHIP,0.00,0.18,1599.00,287.82,COD,Delivered,Website,Neha Patel,Blue Dart,3,5,1206.11,392.89,0.2457,74.00,1960.82
IN240202033,27-Feb-2024,CUST47240,Tanvi Tiwari,45,Coimbatore,Tamil Nadu,South,Fashion,Handbag,FAS-HAN900,2,2399,4798,MEGADEAL,863.64,0.18,3934.36,708.18,Credit Card,Returned,Mobile App,Sagar Pawar,Shadowfax,2,3,3231.19,703.17,0.1787,110.00,4752.54
IN240200044,28-Feb-2024,CUST96921,Pranav Mishra,22,Delhi,Delhi,North,Home & Kitchen,Air Fryer,HOM-AIR544,1,6199,6199,APPONLY,495.92,0.12,5703.08,684.37,UPI,Delivered,Mobile App,Manish Iyer,India Post,3,5,4815.39,887.69,0.1557,99.00,6486.45
IN240200755,28-Feb-2024,CUST21512,Suresh Bhatia,24,Kolkata,West Bengal,East,Electronics,Tablet,ELE-TAB397,1,28099,28099,FESTIVE10,2809.90,0.12,25289.10,3034.69,UPI,Delivered,Mobile App,Amit Sharma,India Post,5,5,20401.31,4887.79,0.1933,153.00,28476.79
IN240201501,28-Feb-2024,CUST18916,Janhavi Banerjee,19,Kochi,Kerala,South,Beauty & Personal Care,Hair Oil,BEA-HAI709,3,452,1356,No Coupon,0.00,0.12,1356.00,162.72,Credit Card,Cancelled,Mobile App,Vikram Singh,Xpressbees,2,,862.63,493.37,0.3638,0.00,1518.72
IN240201557,28-Feb-2024,CUST78826,Deepak Ghosh,29,Bengaluru,Karnataka,South,Mobiles & Accessories,Smart Watch,MOB-SMA623,1,16299,16299,WELCOME100,100.00,0.12,16199.00,1943.88,COD,Returned,Website,Isha Gupta,Xpressbees,6,5,12463.87,3735.13,0.2306,150.00,18292.88
IN240201717,28-Feb-2024,CUST16205,Harsh Ghosh,43,Indore,Madhya Pradesh,Central,Sports & Fitness,Dumbbell Set,SPO-DUM355,1,3999,3999,APPONLY,319.92,0.18,3679.08,662.23,Wallet,Delivered,Mobile App,Karan Malhotra,Delhivery,4,3,2874.69,804.39,0.2186,162.00,4503.31
IN240300554,01-Mar-2024,CUST78265,Rajesh Ghosh,54,Bengaluru,Karnataka,South,Fashion,Saree,FAS-SAR208,1,6999,6999,No Coupon,0.00,0.18,6999.00,1259.82,UPI,Delivered,Social Commerce,Nikhil Bansal,India Post,4,3,4417.53,2581.47,0.3688,165.00,8423.82
IN240301229,01-Mar-2024,CUST39659,Akshay Jadhav,46,Thiruvananthapuram,Kerala,South,Books & Stationery,Kids Story Book,BOO-KID562,1,441,441,No Coupon,0.00,0.05,441.00,22.05,COD,Delivered,Mobile App,Sagar Pawar,Delhivery,6,1,292.56,148.44,0.3366,138.00,601.05
IN240300472,02-Mar-2024,CUST46956,Suresh Iyer,23,Vadodara,Gujarat,West,Mobiles & Accessories,Phone Cover,MOB-PHO824,4,449,1796,PAYDAY15,269.40,0.18,1526.60,274.79,COD,Delivered,Social Commerce,Pooja Reddy,Blue Dart,1,4,1309.29,217.31,0.1423,169.00,1970.39
IN240302076,02-Mar-2024,CUST33585,Priya Jadhav,52,Mysuru,Karnataka,South,Electronics,LED TV,ELE-LED370,2,54399,108798,DIWALI20,21759.60,0.12,87038.40,10444.61,UPI,Delivered,Mobile App,Isha Gupta,Ecom Express,3,4,87458.90,-420.50,-0.0048,147.00,97630.01
IN240302111,02-Mar-2024,CUST54802,Arjun Ghosh,22,Pune,Maharashtra,West,Beauty & Personal Care,Face Wash,BEA-FAC800,2,611,1222,No Coupon,0.00,0.18,1222.00,219.96,Credit Card,Cancelled,Mobile App,Deepak Yadav,Ecom Express,3,,826.90,395.10,0.3233,0.00,1441.96
IN240302271,02-Mar-2024,CUST38517,Krishna Ghosh,21,Ranchi,Jharkhand,East,Home & Kitchen,Bedsheet Set,HOM-BED689,2,1299,2598,PAYDAY15,389.70,0.18,2208.30,397.49,UPI,Delivered,Mobile App,Vikram Singh,Blue Dart,2,4,2001.21,207.09,0.0938,71.00,2676.79
IN240302447,02-Mar-2024,CUST64244,Anaya Bhatia,55,Nashik,Maharashtra,West,Beauty & Personal Care,Perfume,BEA-PER379,1,2299,2299,PAYDAY15,344.85,0.18,1954.15,351.75,Credit Card,Returned,Social Commerce,Nikhil Bansal,Blue Dart,3,3,1679.35,274.80,0.1406,175.00,2480.90
IN240300393,03-Mar-2024,CUST78283,Mansi Pawar,41,Ludhiana,Punjab,North,Beauty & Personal Care,Trimmer,BEA-TRI195,1,3299,3299,APPONLY,263.92,0.18,3035.08,546.31,UPI,Cancelled,Marketplace,Isha Gupta,Ecom Express,3,,2092.70,942.38,0.3105,0.00,3581.39
IN240300686,03-Mar-2024,CUST19654,Saanvi Sharma,53,Visakhapatnam,Andhra Pradesh,South,Sports & Fitness,Dumbbell Set,SPO-DUM335,3,3699,11097,NEWYEAR10,1109.70,0.12,9987.30,1198.48,UPI,Cancelled,Mobile App,Neha Patel,Delhivery,3,,6939.41,3047.89,0.3052,0.00,11185.78
IN240301041,03-Mar-2024,CUST19228,Rajesh Sharma,25,Thiruvananthapuram,Kerala,South,Fashion,Saree,FAS-SAR170,1,5999,5999,No Coupon,0.00,0.12,5999.00,719.88,COD,Shipped,Mobile App,Sagar Pawar,DTDC,4,,4046.60,1952.40,0.3255,115.00,6833.88
IN240300136,04-Mar-2024,CUST30830,Kiara Rathod,53,Pune,Maharashtra,West,Fashion,Handbag,FAS-HAN960,1,2399,2399,No Coupon,0.00,0.12,2399.00,287.88,UPI,Cancelled,Website,Kavya Deshmukh,DTDC,8,,1658.88,740.12,0.3085,0.00,2686.88
IN240301299,04-Mar-2024,CUST29476,Rutuja Yadav,22,Jaipur,Rajasthan,North,Home & Kitchen,Bedsheet Set,HOM-BED425,4,2099,8396,FESTIVE10,839.60,0.18,7556.40,1360.15,Wallet,Delivered,Mobile App,Manish Iyer,Ecom Express,2,5,5837.12,1719.28,0.2275,76.00,8992.55
IN240301714,05-Mar-2024,CUST32928,Priya Malhotra,29,Pune,Maharashtra,West,Fashion,Women Kurti,FAS-WOM505,3,2599,7797,MEGADEAL,1403.46,0.12,6393.54,767.22,COD,Delivered,Mobile App,Sagar Pawar,DTDC,5,1,5515.69,877.85,0.1373,84.00,7244.76
IN240301771,05-Mar-2024,CUST61696,Nisha Tiwari,19,Kolkata,West Bengal,East,Mobiles & Accessories,Phone Cover,MOB-PHO320,1,469,469,PAYDAY15,70.35,0.18,398.65,71.76,Credit Card,Delivered,Mobile App,Priya Nair,DTDC,5,4,389.75,8.90,0.0223,138.00,608.41
IN240302002,05-Mar-2024,CUST27062,Suresh Shaikh,54,Coimbatore,Tamil Nadu,South,Sports & Fitness,Fitness Band,SPO-FIT912,1,7899,7899,APPONLY,631.92,0.18,7267.08,1308.07,Debit Card,Delivered,Social Commerce,Sagar Pawar,Blue Dart,3,4,5075.32,2191.76,0.3016,71.00,8646.15
IN240300481,07-Mar-2024,CUST38779,Nisha Saxena,19,Pune,Maharashtra,West,Home & Kitchen,Bedsheet Set,HOM-BED464,2,1699,3398,MEGADEAL,611.64,0.12,2786.36,334.36,UPI,Delivered,Website,Deepak Yadav,DTDC,4,3,2151.67,634.69,0.2278,139.00,3259.72
IN240300544,07-Mar-2024,CUST39870,Tanvi Saxena,22,Thiruvananthapuram,Kerala,South,Electronics,Keyboard,ELE-KEY833,2,2399,4798,APPONLY,383.84,0.18,4414.16,794.55,UPI,Delivered,Mobile App,Neha Patel,Ecom Express,2,4,3564.33,849.83,0.1925,81.00,5289.71
IN240301193,07-Mar-2024,CUST51177,Kavya Shaikh,18,Indore,Madhya Pradesh,Central,Books & Stationery,Office Diary,BOO-OFF620,1,592,592,WELCOME100,100.00,0.18,492.00,88.56,UPI,Delivered,Mobile App,Rohan Mehta,DTDC,3,4,416.95,75.05,0.1525,103.00,683.56
IN240301660,08-Mar-2024,CUST45910,Suresh Gaikwad,28,Nagpur,Maharashtra,West,Sports & Fitness,Running Shoes,SPO-RUN118,2,7299,14598,WELCOME100,100.00,0.18,14498.00,2609.64,Credit Card,Delivered,Mobile App,Pooja Reddy,Delhivery,4,3,8896.65,5601.35,0.3864,170.00,17277.64
IN240301844,08-Mar-2024,CUST84428,Kavya Dhawale,53,Lucknow,Uttar Pradesh,North,Mobiles & Accessories,Smartphone,MOB-SMA925,1,41999,41999,FESTIVE10,4199.90,0.18,37799.10,6803.84,UPI,Delivered,Website,Amit Sharma,Delhivery,2,5,33651.88,4147.22,0.1097,86.00,44688.94
IN240302237,08-Mar-2024,CUST79990,Ishaan Chauhan,27,Coimbatore,Tamil Nadu,South,Books & Stationery,Exam Prep Book,BOO-EXA656,1,513,513,FESTIVE10,51.30,0.18,461.70,83.11,UPI,Delivered,Mobile App,Amit Sharma,Delhivery,3,5,323.63,138.07,0.2990,118.00,662.81
IN240300809,09-Mar-2024,CUST81192,Sakshi Ghosh,49,Kolkata,West Bengal,East,Fashion,Sneakers,FAS-SNE351,1,1799,1799,DIWALI20,359.80,0.18,1439.20,259.06,UPI,Shipped,Website,Neha Patel,Xpressbees,4,,1358.48,80.72,0.0561,149.00,1847.26
IN240301155,09-Mar-2024,CUST46124,Pooja Kumar,23,Bengaluru,Karnataka,South,Electronics,Wireless Mouse,ELE-WIR795,1,1999,1999,No Coupon,0.00,0.12,1999.00,239.88,COD,Returned,Mobile App,Tanvi Jadhav,Delhivery,1,5,1603.31,395.69,0.1979,132.00,2370.88
IN240302301,09-Mar-2024,CUST97462,Sagar Rathod,54,Gurugram,Haryana,North,Electronics,Wireless Mouse,ELE-WIR170,4,789,3156,No Coupon,0.00,0.18,3156.00,568.08,UPI,Delivered,Website,Sagar Pawar,Xpressbees,4,4,2633.30,522.70,0.1656,176.00,3900.08
IN240302407,09-Mar-2024,CUST92952,Nikhil Rathod,51,Vadodara,Gujarat,West,Grocery & Gourmet,Dry Fruits Pack,GRO-DRY411,1,686,686,No Coupon,0.00,0.12,686.00,82.32,UPI,Shipped,Mobile App,Neha Patel,India Post,5,,527.58,158.42,0.2309,97.00,865.32
IN240301923,10-Mar-2024,CUST85169,Arjun Mehta,47,Mumbai,Maharashtra,West,Home & Kitchen,Pressure Cooker,HOM-PRE859,1,3899,3899,FESTIVE10,389.90,0.18,3509.10,631.64,Credit Card,Delivered,Website,Kavya Deshmukh,DTDC,5,3,2588.50,920.60,0.2623,165.00,4305.74
IN240300107,12-Mar-2024,CUST61283,Kavya Kumar,47,Kolkata,West Bengal,East,Grocery & Gourmet,Dry Fruits Pack,GRO-DRY594,2,1299,2598,WELCOME100,100.00,0.18,2498.00,449.64,Net Banking,Delivered,Mobile App,Neha Patel,Blue Dart,3,4,1582.44,915.56,0.3665,97.00,3044.64
IN240302469,12-Mar-2024,CUST32776,Aditya Shinde,43,Bengaluru,Karnataka,South,Fashion,Handbag,FAS-HAN642,1,1999,1999,FREESHIP,0.00,0.12,1999.00,239.88,UPI,Delivered,Mobile App,Rohan Mehta,Xpressbees,4,4,1228.59,770.41,0.3854,104.00,2342.88
IN240300106,13-Mar-2024,CUST66845,Reyansh Das,39,Nagpur,Maharashtra,West,Beauty & Personal Care,Trimmer,BEA-TRI432,1,2599,2599,FREESHIP,0.00,0.18,2599.00,467.82,COD,Shipped,Website,Anjali Joshi,Xpressbees,4,,1649.96,949.04,0.3652,146.00,3212.82
IN240301257,13-Mar-2024,CUST37645,Aarav Gaikwad,23,Ranchi,Jharkhand,East,Fashion,Handbag,FAS-HAN210,1,2399,2399,No Coupon,0.00,0.12,2399.00,287.88,Debit Card,Delivered,Mobile App,Kavya Deshmukh,India Post,1,4,1792.51,606.49,0.2528,96.00,2782.88
IN240301942,13-Mar-2024,CUST74401,Yash Saxena,58,Kolkata,West Bengal,East,Fashion,Women Kurti,FAS-WOM547,1,1499,1499,FREESHIP,0.00,0.18,1499.00,269.82,Wallet,Cancelled,Marketplace,Nikhil Bansal,Shadowfax,5,,1084.82,414.18,0.2763,0.00,1768.82
IN240300394,14-Mar-2024,CUST93010,Rahul Banerjee,26,Chandigarh,Chandigarh,North,Fashion,Handbag,FAS-HAN789,2,2299,4598,No Coupon,0.00,0.12,4598.00,551.76,COD,Delivered,Mobile App,Deepak Yadav,Blue Dart,2,4,3444.23,1153.77,0.2509,102.00,5251.76
IN240301915,14-Mar-2024,CUST43697,Sagar Pillai,35,Chennai,Tamil Nadu,South,Electronics,Keyboard,ELE-KEY747,1,2499,2499,WELCOME100,100.00,0.18,2399.00,431.82,Wallet,Cancelled,Mobile App,Vikram Singh,Shadowfax,5,,1977.61,421.39,0.1757,0.00,2830.82
IN240302127,14-Mar-2024,CUST35724,Saanvi Kapoor,29,Chennai,Tamil Nadu,South,Home & Kitchen,Pressure Cooker,HOM-PRE738,1,2999,2999,No Coupon,0.00,0.18,2999.00,539.82,COD,Delivered,Mobile App,Swati Mishra,Delhivery,4,4,2082.10,916.90,0.3057,114.00,3652.82
IN240302477,15-Mar-2024,CUST81624,Nikhil Joshi,51,Ranchi,Jharkhand,East,Fashion,Men T-Shirt,FAS-MEN631,1,1299,1299,No Coupon,0.00,0.18,1299.00,233.82,COD,Delivered,Mobile App,Rahul Verma,Blue Dart,3,4,795.24,503.76,0.3878,63.00,1595.82
IN240301615,16-Mar-2024,CUST18278,Amit Agarwal,18,Lucknow,Uttar Pradesh,North,Grocery & Gourmet,Cold Pressed Oil,GRO-COL187,1,325,325,DIWALI20,65.00,0.18,260.00,46.80,UPI,Delivered,Website,Neha Patel,Xpressbees,4,5,221.59,38.41,0.1477,68.00,374.80
IN240302436,17-Mar-2024,CUST90077,Krishna Khan,18,Nagpur,Maharashtra,West,Electronics,Wireless Mouse,ELE-WIR196,1,761,761,WELCOME100,100.00,0.18,661.00,118.98,COD,Delivered,Website,Sneha Kulkarni,India Post,3,3,561.50,99.50,0.1505,138.00,917.98
IN240300759,18-Mar-2024,CUST99895,Nikhil Mishra,48,Bhubaneswar,Odisha,East,Sports & Fitness,Dumbbell Set,SPO-DUM444,2,3499,6998,No Coupon,0.00,0.12,6998.00,839.76,UPI,Delivered,Website,Neha Patel,Xpressbees,4,5,4940.95,2057.05,0.2939,148.00,7985.76
IN240300744,19-Mar-2024,CUST74551,Rahul Ghosh,46,Mysuru,Karnataka,South,Books & Stationery,Kids Story Book,BOO-KID642,4,224,896,DIWALI20,179.20,0.18,716.80,129.02,Net Banking,Cancelled,Website,Amit Sharma,DTDC,8,,558.97,157.83,0.2202,0.00,845.82
IN240300550,20-Mar-2024,CUST66001,Aditya Kapoor,39,Jaipur,Rajasthan,North,Electronics,Tablet,ELE-TAB617,4,14699,58796,FESTIVE10,5879.60,0.18,52916.40,9524.95,UPI,Delivered,Social Commerce,Sagar Pawar,Ecom Express,2,5,44689.98,8226.42,0.1555,169.00,62610.35
IN240302442,20-Mar-2024,CUST67799,Swati Khan,40,Kolkata,West Bengal,East,Electronics,Wireless Mouse,ELE-WIR595,1,1099,1099,No Coupon,0.00,0.18,1099.00,197.82,UPI,Delivered,Mobile App,Vikram Singh,DTDC,3,3,929.67,169.33,0.1541,64.00,1360.82
IN240300425,21-Mar-2024,CUST23053,Kiara Singh,51,Delhi,Delhi,North,Mobiles & Accessories,Phone Cover,MOB-PHO893,1,919,919,No Coupon,0.00,0.12,919.00,110.28,Net Banking,Delivered,Website,Sagar Pawar,Ecom Express,1,5,670.40,248.60,0.2705,90.00,1119.28
IN240301630,21-Mar-2024,CUST45226,Rohan Shinde,18,Pune,Maharashtra,West,Mobiles & Accessories,Smart Watch,MOB-SMA379,1,3299,3299,No Coupon,0.00,0.18,3299.00,593.82,COD,Shipped,Marketplace,Sagar Pawar,Ecom Express,6,,2712.98,586.02,0.1776,81.00,3973.82
IN240301707,21-Mar-2024,CUST77538,Rudra Banerjee,39,Patna,Bihar,East,Sports & Fitness,Running Shoes,SPO-RUN599,1,3899,3899,No Coupon,0.00,0.18,3899.00,701.82,UPI,Delivered,Marketplace,Anjali Joshi,Shadowfax,2,4,2323.24,1575.76,0.4041,167.00,4767.82
IN240301816,21-Mar-2024,CUST90074,Tanvi Kadam,47,Ranchi,Jharkhand,East,Beauty & Personal Care,Skin Cream,BEA-SKI808,1,1199,1199,DIWALI20,239.80,0.12,959.20,115.10,UPI,Returned,Mobile App,Rohan Mehta,Delhivery,1,5,870.09,89.11,0.0929,89.00,1163.30
IN240301914,21-Mar-2024,CUST43189,Kavya Chauhan,47,Vadodara,Gujarat,West,Books & Stationery,Pen Set,BOO-PEN342,1,398,398,DIWALI20,79.60,0.05,318.40,15.92,Credit Card,Delivered,Website,Swati Mishra,Ecom Express,4,4,233.83,84.57,0.2656,163.00,497.32
IN240300683,22-Mar-2024,CUST23349,Omkar Patel,52,Thiruvananthapuram,Kerala,South,Beauty & Personal Care,Perfume,BEA-PER125,2,421,842,MEGADEAL,151.56,0.12,690.44,82.85,Wallet,Delivered,Mobile App,Anjali Joshi,Xpressbees,3,5,596.29,94.15,0.1364,133.00,906.29
IN240301368,22-Mar-2024,CUST13005,Aarti Kadam,29,Surat,Gujarat,West,Home & Kitchen,Mixer Grinder,HOM-MIX737,1,2999,2999,NEWYEAR10,299.90,0.18,2699.10,485.84,Debit Card,Shipped,Website,Kavya Deshmukh,Ecom Express,2,,1975.59,723.51,0.2681,79.00,3263.94
IN240302026,22-Mar-2024,CUST33097,Tanvi Sharma,38,Chennai,Tamil Nadu,South,Sports & Fitness,Cricket Bat,SPO-CRI537,1,4999,4999,No Coupon,0.00,0.12,4999.00,599.88,Wallet,Returned,Mobile App,Kavya Deshmukh,Ecom Express,5,5,3389.29,1609.71,0.3220,180.00,5778.88
IN240300231,23-Mar-2024,CUST85197,Kavya Pawar,34,Noida,Uttar Pradesh,North,Electronics,Tablet,ELE-TAB618,1,24299,24299,NEWYEAR10,2429.90,0.12,21869.10,2624.29,COD,Delivered,Website,Anjali Joshi,Blue Dart,5,4,18837.82,3031.28,0.1386,146.00,24639.39
IN240300543,23-Mar-2024,CUST22026,Ira Bhatia,22,Gurugram,Haryana,North,Books & Stationery,Kids Story Book,BOO-KID529,1,401,401,WELCOME100,80.20,0.18,320.80,57.74,Net Banking,Cancelled,Website,Nikhil Bansal,Delhivery,6,,270.08,50.72,0.1581,0.00,378.54
IN240301349,23-Mar-2024,CUST42100,Vihaan Pawar,34,Chandigarh,Chandigarh,North,Fashion,Saree,FAS-SAR543,1,5899,5899,PAYDAY15,884.85,0.18,5014.15,902.55,Credit Card,Delivered,Mobile App,Rohan Mehta,Shadowfax,3,4,3792.47,1221.68,0.2436,157.00,6073.70
IN240302035,23-Mar-2024,CUST53571,Nisha Shaikh,54,Noida,Uttar Pradesh,North,Fashion,Women Kurti,FAS-WOM312,3,1799,5397,No Coupon,0.00,0.18,5397.00,971.46,UPI,Shipped,Mobile App,Amit Sharma,Blue Dart,4,,3210.71,2186.29,0.4051,180.00,6548.46
IN240301331,24-Mar-2024,CUST51908,Kabir Ghosh,34,Nashik,Maharashtra,West,Sports & Fitness,Cricket Bat,SPO-CRI299,1,3999,3999,NEWYEAR10,399.90,0.18,3599.10,647.84,Debit Card,Delivered,Mobile App,Vikram Singh,Xpressbees,6,4,2821.31,777.79,0.2161,164.00,4410.94
IN240300666,25-Mar-2024,CUST96615,Aditya Khan,28,Bhubaneswar,Odisha,East,Home & Kitchen,Water Purifier,HOM-WAT182,3,21699,65097,No Coupon,0.00,0.18,65097.00,11717.46,COD,Delivered,Mobile App,Pooja Reddy,DTDC,5,4,44954.03,20142.97,0.3094,68.00,76882.46
IN240300121,26-Mar-2024,CUST43208,Nikhil Joshi,58,Visakhapatnam,Andhra Pradesh,South,Mobiles & Accessories,Smartphone,MOB-SMA954,1,67399,67399,No Coupon,0.00,0.12,67399.00,8087.88,Debit Card,Delivered,Mobile App,Rahul Verma,India Post,3,4,52605.04,14793.96,0.2195,63.00,75549.88
IN240300342,26-Mar-2024,CUST12289,Amit Gupta,49,Lucknow,Uttar Pradesh,North,Beauty & Personal Care,Face Wash,BEA-FAC944,2,385,770,No Coupon,0.00,0.12,770.00,92.40,Wallet,Shipped,Marketplace,Sagar Pawar,DTDC,5,,537.33,232.67,0.3022,100.00,962.40
IN240300778,26-Mar-2024,CUST56444,Kabir Yadav,54,Hyderabad,Telangana,South,Fashion,Handbag,FAS-HAN633,1,2199,2199,FREESHIP,0.00,0.12,2199.00,263.88,UPI,Delivered,Mobile App,Amit Sharma,Xpressbees,6,3,1615.83,583.17,0.2652,108.00,2570.88
IN240300861,27-Mar-2024,CUST27591,Shaurya Shaikh,54,Mysuru,Karnataka,South,Mobiles & Accessories,Smartphone,MOB-SMA145,1,58299,58299,FREESHIP,0.00,0.12,58299.00,6995.88,Credit Card,Returned,Marketplace,Sneha Kulkarni,Xpressbees,7,3,42529.46,15769.54,0.2705,135.00,65429.88
IN240301890,27-Mar-2024,CUST89557,Nikhil Bhatia,30,Mumbai,Maharashtra,West,Electronics,Tablet,ELE-TAB173,1,25999,25999,FREESHIP,0.00,0.12,25999.00,3119.88,UPI,Delivered,Mobile App,Rahul Verma,Ecom Express,6,4,19279.65,6719.35,0.2584,111.00,29229.88
IN240300821,28-Mar-2024,CUST25789,Rudra Ghosh,24,Indore,Madhya Pradesh,Central,Grocery & Gourmet,Dry Fruits Pack,GRO-DRY290,1,1899,1899,MEGADEAL,341.82,0.18,1557.18,280.29,UPI,Delivered,Marketplace,Priya Nair,Ecom Express,4,5,1425.90,131.28,0.0843,122.00,1959.47
IN240301385,28-Mar-2024,CUST19733,Atharv Chatterjee,42,Bengaluru,Karnataka,South,Sports & Fitness,Dumbbell Set,SPO-DUM220,1,3599,3599,APPONLY,287.92,0.12,3311.08,397.33,UPI,Delivered,Website,Vikram Singh,Shadowfax,6,5,2649.06,662.02,0.1999,137.00,3845.41
IN240301104,29-Mar-2024,CUST67948,Saanvi Qureshi,45,Mumbai,Maharashtra,West,Home & Kitchen,Cookware Set,HOM-COO921,1,5299,5299,No Coupon,0.00,0.18,5299.00,953.82,Net Banking,Delivered,Website,Neha Patel,Shadowfax,5,2,3736.83,1562.17,0.2948,90.00,6342.82
IN240301105,29-Mar-2024,CUST51393,Priya Kulkarni,38,Ahmedabad,Gujarat,West,Books & Stationery,Kids Story Book,BOO-KID524,2,508,1016,No Coupon,0.00,0.12,1016.00,121.92,COD,Delivered,Marketplace,Priya Nair,Shadowfax,3,5,720.39,295.61,0.2910,94.00,1231.92
IN240301391,29-Mar-2024,CUST81781,Siddharth Mehta,37,Bengaluru,Karnataka,South,Grocery & Gourmet,Dry Fruits Pack,GRO-DRY619,1,1199,1199,No Coupon,0.00,0.12,1199.00,143.88,UPI,Delivered,Website,Rohan Mehta,Xpressbees,4,2,741.33,457.67,0.3817,127.00,1469.88
IN240302414,29-Mar-2024,CUST79935,Riya Kadam,58,Pune,Maharashtra,West,Fashion,Sneakers,FAS-SNE436,2,5999,11998,No Coupon,0.00,0.12,11998.00,1439.76,UPI,Cancelled,Social Commerce,Pooja Reddy,Xpressbees,3,,7407.01,4590.99,0.3826,0.00,13437.76
IN240300145,30-Mar-2024,CUST68071,Swati Malhotra,50,Indore,Madhya Pradesh,Central,Fashion,Saree,FAS-SAR896,3,2199,6597,No Coupon,0.00,0.18,6597.00,1187.46,UPI,Delivered,Mobile App,Rohan Mehta,Ecom Express,2,5,4642.36,1954.64,0.2963,68.00,7852.46
IN240300449,31-Mar-2024,CUST31001,Aadhya Agarwal,52,Mumbai,Maharashtra,West,Mobiles & Accessories,Bluetooth Earbuds,MOB-BLU824,1,5799,5799,WELCOME100,100.00,0.12,5699.00,683.88,Credit Card,Delivered,Website,Rahul Verma,Blue Dart,6,5,4959.70,739.30,0.1297,151.00,6533.88
IN240300749,31-Mar-2024,CUST36731,Neha Shaikh,22,Vadodara,Gujarat,West,Electronics,Bluetooth Speaker,ELE-BLU885,1,12499,12499,WELCOME100,100.00,0.12,12399.00,1487.88,Credit Card,Delivered,Marketplace,Vikram Singh,Blue Dart,2,5,9475.75,2923.25,0.2358,78.00,13964.88
IN240300848,31-Mar-2024,CUST79720,Payal Shaikh,39,Mumbai,Maharashtra,West,Beauty & Personal Care,Perfume,BEA-PER558,1,1199,1199,APPONLY,95.92,0.12,1103.08,132.37,Credit Card,Delivered,Mobile App,Vikram Singh,Ecom Express,2,1,929.34,173.74,0.1575,112.00,1347.45
IN240400066,01-Apr-2024,CUST95034,Aarav Pawar,52,Mumbai,Maharashtra,West,Home & Kitchen,Pressure Cooker,HOM-PRE915,1,1599,1599,PAYDAY15,239.85,0.12,1359.15,163.10,UPI,Delivered,Website,Isha Gupta,India Post,2,3,1100.16,258.99,0.1906,153.00,1675.25
IN240400099,01-Apr-2024,CUST90918,Diya Iyer,56,Nagpur,Maharashtra,West,Mobiles & Accessories,Tempered Glass,MOB-TEM261,1,599,599,NEWYEAR10,59.90,0.18,539.10,97.04,Net Banking,Delivered,Website,Manish Iyer,DTDC,5,2,486.46,52.64,0.0976,102.00,738.14
IN240400225,01-Apr-2024,CUST24467,Kabir Gaikwad,31,Ludhiana,Punjab,North,Fashion,Men T-Shirt,FAS-MEN185,2,1599,3198,No Coupon,0.00,0.12,3198.00,383.76,UPI,Delivered,Mobile App,Priya Nair,Xpressbees,2,2,2237.24,960.76,0.3004,167.00,3748.76
IN240401961,01-Apr-2024,CUST91678,Saanvi Bansal,31,Chandigarh,Chandigarh,North,Books & Stationery,Pen Set,BOO-PEN177,1,261,261,DIWALI20,52.20,0.18,208.80,37.58,Wallet,Delivered,Mobile App,Pooja Reddy,Delhivery,3,5,177.19,31.61,0.1514,154.00,400.38
IN240402244,01-Apr-2024,CUST90477,Payal Ansari,44,Lucknow,Uttar Pradesh,North,Fashion,Men T-Shirt,FAS-MEN756,3,999,2997,No Coupon,0.00,0.18,2997.00,539.46,Credit Card,Delivered,Social Commerce,Amit Sharma,DTDC,5,4,1958.54,1038.46,0.3465,108.00,3644.46
IN240401005,02-Apr-2024,CUST49246,Arjun Mehta,30,Delhi,Delhi,North,Grocery & Gourmet,Coffee Pack,GRO-COF112,5,810,4050,No Coupon,0.00,0.05,4050.00,202.50,Debit Card,Delivered,Mobile App,Nikhil Bansal,Ecom Express,2,5,3018.54,1031.46,0.2547,140.00,4392.50
IN240401607,02-Apr-2024,CUST37261,Karan Qureshi,45,Lucknow,Uttar Pradesh,North,Mobiles & Accessories,Phone Cover,MOB-PHO764,4,685,2740,PAYDAY15,411.00,0.18,2329.00,419.22,Debit Card,Returned,Marketplace,Sagar Pawar,India Post,5,5,2160.51,168.49,0.0723,95.00,2843.22
IN240401608,02-Apr-2024,CUST97584,Sakshi Pillai,36,Gurugram,Haryana,North,Home & Kitchen,Bedsheet Set,HOM-BED563,4,1999,7996,No Coupon,0.00,0.12,7996.00,959.52,Wallet,Delivered,Marketplace,Karan Malhotra,Xpressbees,2,4,6009.40,1986.60,0.2484,102.00,9057.52
IN240400336,03-Apr-2024,CUST60528,Vikram Yadav,46,Ahmedabad,Gujarat,West,Fashion,Sneakers,FAS-SNE534,1,3499,3499,No Coupon,0.00,0.12,3499.00,419.88,Wallet,Delivered,Social Commerce,Priya Nair,Shadowfax,5,4,2667.74,831.26,0.2376,134.00,4052.88
IN240401036,03-Apr-2024,CUST58767,Ira Kadam,42,Patna,Bihar,East,Books & Stationery,Office Diary,BOO-OFF139,2,457,914,No Coupon,0.00,0.18,914.00,164.52,UPI,Delivered,Mobile App,Pooja Reddy,Blue Dart,3,5,687.83,226.17,0.2475,104.00,1182.52
IN240401377,03-Apr-2024,CUST54628,Kabir Mehta,25,Nagpur,Maharashtra,West,Mobiles & Accessories,Tempered Glass,MOB-TEM868,1,320,320,FESTIVE10,32.00,0.12,288.00,34.56,UPI,Delivered,Mobile App,Isha Gupta,Shadowfax,2,2,271.50,16.50,0.0573,140.00,462.56
IN240402001,03-Apr-2024,CUST99154,Siddharth Patel,18,Ludhiana,Punjab,North,Grocery & Gourmet,Dry Fruits Pack,GRO-DRY452,1,788,788,APPONLY,63.04,0.18,724.96,130.49,UPI,Delivered,Marketplace,Tanvi Jadhav,Shadowfax,4,4,520.09,204.87,0.2826,131.00,986.45
IN240401400,04-Apr-2024,CUST60466,Suresh Nair,40,Indore,Madhya Pradesh,Central,Grocery & Gourmet,Dry Fruits Pack,GRO-DRY656,2,1599,3198,APPONLY,255.84,0.05,2942.16,147.11,Credit Card,Delivered,Social Commerce,Manish Iyer,DTDC,4,3,2147.85,794.31,0.2700,114.00,3203.27
IN240402053,04-Apr-2024,CUST70006,Priya Saxena,48,Visakhapatnam,Andhra Pradesh,South,Beauty & Personal Care,Hair Oil,BEA-HAI314,4,318,1272,DIWALI20,254.40,0.18,1017.60,183.17,Debit Card,Delivered,Website,Neha Patel,Delhivery,2,3,740.49,277.11,0.2723,175.00,1375.77
IN240400790,05-Apr-2024,CUST77486,Rutuja Shaikh,30,Chandigarh,Chandigarh,North,Books & Stationery,Office Diary,BOO-OFF929,2,202,404,WELCOME100,80.80,0.18,323.20,58.18,Debit Card,Delivered,Mobile App,Priya Nair,Delhivery,2,5,252.02,71.18,0.2202,160.00,541.38
IN240401778,05-Apr-2024,CUST46683,Saanvi Gupta,22,Nagpur,Maharashtra,West,Grocery & Gourmet,Spices Combo,GRO-SPI229,1,541,541,FESTIVE10,54.10,0.12,486.90,58.43,Credit Card,Delivered,Social Commerce,Karan Malhotra,Blue Dart,3,3,322.19,164.71,0.3383,107.00,652.33
IN240402044,05-Apr-2024,CUST32319,Deepak Gaikwad,57,Bhopal,Madhya Pradesh,Central,Books & Stationery,Pen Set,BOO-PEN682,1,95,95,No Coupon,0.00,0.18,95.00,17.10,COD,Delivered,Mobile App,Rahul Verma,Delhivery,4,5,67.95,27.05,0.2847,166.00,278.10
IN240402281,05-Apr-2024,CUST17619,Ayaan Kapoor,25,Thiruvananthapuram,Kerala,South,Mobiles & Accessories,Smartphone,MOB-SMA332,2,74599,149198,FREESHIP,0.00,0.18,149198.00,26855.64,UPI,Delivered,Mobile App,Neha Patel,Blue Dart,7,4,125868.75,23329.25,0.1564,96.00,176149.64
IN240401418,06-Apr-2024,CUST75550,Priya Qureshi,24,Gurugram,Haryana,North,Beauty & Personal Care,Perfume,BEA-PER255,2,475,950,No Coupon,0.00,0.12,950.00,114.00,UPI,Delivered,Mobile App,Tanvi Jadhav,Delhivery,2,2,653.52,296.48,0.3121,155.00,1219.00
IN240400297,07-Apr-2024,CUST92312,Amit Sharma,52,Kochi,Kerala,South,Home & Kitchen,Air Fryer,HOM-AIR658,1,12699,12699,WELCOME100,100.00,0.18,12599.00,2267.82,Credit Card,Shipped,Social Commerce,Sagar Pawar,Ecom Express,3,,8329.46,4269.54,0.3389,106.00,14972.82
IN240401081,07-Apr-2024,CUST29890,Vivaan Kadam,36,Kochi,Kerala,South,Home & Kitchen,Water Purifier,HOM-WAT797,1,14999,14999,No Coupon,0.00,0.12,14999.00,1799.88,COD,Delivered,Mobile App,Rahul Verma,Shadowfax,3,5,10409.89,4589.11,0.3060,108.00,16906.88
IN240401113,07-Apr-2024,CUST86428,Rajesh Sharma,54,Nagpur,Maharashtra,West,Mobiles & Accessories,Power Bank,MOB-POW486,1,751,751,No Coupon,0.00,0.18,751.00,135.18,Credit Card,Delivered,Website,Amit Sharma,DTDC,3,4,618.48,132.52,0.1765,92.00,978.18
IN240401375,07-Apr-2024,CUST34469,Shruti Tiwari,21,Bhopal,Madhya Pradesh,Central,Books & Stationery,Pen Set,BOO-PEN310,2,94,188,No Coupon,0.00,0.12,188.00,22.56,Credit Card,Delivered,Mobile App,Pooja Reddy,Ecom Express,4,2,114.01,73.99,0.3936,117.00,327.56
IN240401994,07-Apr-2024,CUST65124,Harsh Kumar,45,Kochi,Kerala,South,Electronics,LED TV,ELE-LED987,1,82799,82799,MEGADEAL,14903.82,0.18,67895.18,12221.13,UPI,Delivered,Mobile App,Swati Mishra,Xpressbees,3,5,65183.05,2712.13,0.0399,151.00,80267.31
IN240402266,07-Apr-2024,CUST68851,Payal Reddy,30,Nagpur,Maharashtra,West,Electronics,Laptop,ELE-LAP136,1,64499,64499,PAYDAY15,9674.85,0.12,54824.15,6578.90,Debit Card,Delivered,Marketplace,Tanvi Jadhav,Shadowfax,4,4,54262.39,561.76,0.0102,130.00,61533.05
IN240401154,08-Apr-2024,CUST97575,Pooja Ansari,28,Bhopal,Madhya Pradesh,Central,Fashion,Saree,FAS-SAR660,2,4799,9598,FREESHIP,0.00,0.12,9598.00,1151.76,Credit Card,Delivered,Mobile App,Amit Sharma,DTDC,3,5,6542.71,3055.29,0.3183,73.00,10822.76
IN240402419,08-Apr-2024,CUST46399,Priya Pawar,47,Nashik,Maharashtra,West,Sports & Fitness,Yoga Mat,SPO-YOG795,1,1099,1099,FESTIVE10,109.90,0.18,989.10,178.04,COD,Delivered,Website,Pooja Reddy,Xpressbees,3,4,785.90,203.20,0.2054,149.00,1316.14
IN240400221,09-Apr-2024,CUST90865,Isha Kumar,49,Jaipur,Rajasthan,North,Grocery & Gourmet,Cold Pressed Oil,GRO-COL138,1,382,382,APPONLY,30.56,0.05,351.44,17.57,UPI,Delivered,Website,Sagar Pawar,Xpressbees,3,3,248.87,102.57,0.2919,114.00,483.01
IN240400590,09-Apr-2024,CUST40247,Shaurya Malhotra,36,Vijayawada,Andhra Pradesh,South,Fashion,Jeans,FAS-JEA536,1,2899,2899,No Coupon,0.00,0.18,2899.00,521.82,Debit Card,Delivered,Mobile App,Manish Iyer,Shadowfax,6,4,2100.12,798.88,0.2756,111.00,3531.82
IN240402302,09-Apr-2024,CUST68375,Swati Malhotra,57,Bhubaneswar,Odisha,East,Home & Kitchen,Pressure Cooker,HOM-PRE738,2,2999,5998,WELCOME100,100.00,0.12,5898.00,707.76,Wallet,Delivered,Mobile App,Karan Malhotra,Shadowfax,2,4,3759.31,2138.69,0.3626,100.00,6705.76
IN240402356,09-Apr-2024,CUST23244,Harsh Gupta,26,Coimbatore,Tamil Nadu,South,Beauty & Personal Care,Shampoo,BEA-SHA643,1,221,221,FESTIVE10,22.10,0.12,198.90,23.87,COD,Delivered,Mobile App,Kavya Deshmukh,Blue Dart,8,5,146.56,52.34,0.2631,69.00,291.77
IN240402464,09-Apr-2024,CUST31424,Kabir Khan,28,Delhi,Delhi,North,Mobiles & Accessories,Smart Watch,MOB-SMA615,3,19099,57297,No Coupon,0.00,0.12,57297.00,6875.64,UPI,Delivered,Mobile App,Swati Mishra,DTDC,2,4,46998.15,10298.85,0.1797,104.00,64276.64
IN240401165,10-Apr-2024,CUST38226,Riya Khan,38,Coimbatore,Tamil Nadu,South,Mobiles & Accessories,Tempered Glass,MOB-TEM902,3,422,1266,No Coupon,0.00,0.18,1266.00,227.88,Net Banking,Delivered,Mobile App,Pooja Reddy,Ecom Express,4,4,1048.48,217.52,0.1718,70.00,1563.88
IN240401186,10-Apr-2024,CUST33636,Amit Kulkarni,24,Thiruvananthapuram,Kerala,South,Beauty & Personal Care,Trimmer,BEA-TRI586,1,1499,1499,DIWALI20,299.80,0.18,1199.20,215.86,Credit Card,Delivered,Mobile App,Deepak Yadav,Ecom Express,3,3,1094.56,104.64,0.0873,166.00,1581.06
IN240401673,10-Apr-2024,CUST18831,Rajesh Mishra,56,Vadodara,Gujarat,West,Sports & Fitness,Fitness Band,SPO-FIT351,1,7699,7699,NEWYEAR10,769.90,0.12,6929.10,831.49,Net Banking,Delivered,Website,Neha Patel,Xpressbees,6,3,4588.24,2340.86,0.3378,137.00,7897.59
IN240402270,10-Apr-2024,CUST97639,Swati Gupta,55,Patna,Bihar,East,Mobiles & Accessories,Tempered Glass,MOB-TEM598,1,586,586,No Coupon,0.00,0.18,586.00,105.48,UPI,Delivered,Website,Priya Nair,Xpressbees,7,5,462.89,123.11,0.2101,133.00,824.48
IN240400466,11-Apr-2024,CUST19376,Reyansh Ansari,42,Visakhapatnam,Andhra Pradesh,South,Fashion,Sneakers,FAS-SNE763,4,3599,14396,No Coupon,0.00,0.12,14396.00,1727.52,Net Banking,Cancelled,Marketplace,Tanvi Jadhav,India Post,1,,9294.35,5101.65,0.3544,0.00,16123.52
IN240401672,11-Apr-2024,CUST97958,Omkar Nair,53,Chennai,Tamil Nadu,South,Electronics,Laptop,ELE-LAP962,3,63499,190497,No Coupon,0.00,0.12,190497.00,22859.64,UPI,Delivered,Website,Rahul Verma,Xpressbees,4,5,161129.89,29367.11,0.1542,90.00,213446.64
IN240401989,11-Apr-2024,CUST90099,Yash Jadhav,24,Coimbatore,Tamil Nadu,South,Books & Stationery,Office Diary,BOO-OFF870,2,323,646,PAYDAY15,96.90,0.12,549.10,65.89,Debit Card,Delivered,Mobile App,Pooja Reddy,India Post,1,3,408.49,140.61,0.2561,138.00,752.99
IN240400294,12-Apr-2024,CUST50399,Aditya Rathod,49,Gurugram,Haryana,North,Beauty & Personal Care,Perfume,BEA-PER118,1,1099,1099,FESTIVE10,109.90,0.18,989.10,178.04,Credit Card,Delivered,Website,Swati Mishra,Delhivery,3,3,803.43,185.67,0.1877,86.00,1253.14
IN240400911,12-Apr-2024,CUST95956,Myra Deshmukh,27,Visakhapatnam,Andhra Pradesh,South,Fashion,Handbag,FAS-HAN162,1,1199,1199,WELCOME100,100.00,0.18,1099.00,197.82,UPI,Delivered,Website,Sagar Pawar,Ecom Express,3,5,879.53,219.47,0.1997,102.00,1398.82
IN240401303,12-Apr-2024,CUST25880,Shruti Kapoor,49,Nagpur,Maharashtra,West,Mobiles & Accessories,Tempered Glass,MOB-TEM925,3,376,1128,No Coupon,0.00,0.12,1128.00,135.36,UPI,Shipped,Mobile App,Karan Malhotra,Ecom Express,2,,926.41,201.59,0.1787,158.00,1421.36
IN240402140,12-Apr-2024,CUST53852,Nisha Verma,57,Guwahati,Assam,North East,Grocery & Gourmet,Basmati Rice 5kg,GRO-BAS156,2,663,1326,No Coupon,0.00,0.05,1326.00,66.30,UPI,Delivered,Website,Vikram Singh,DTDC,1,3,888.60,437.40,0.3299,100.00,1492.30
IN240400739,13-Apr-2024,CUST16252,Ishaan Kumar,39,Vadodara,Gujarat,West,Home & Kitchen,Mixer Grinder,HOM-MIX725,1,4499,4499,No Coupon,0.00,0.12,4499.00,539.88,UPI,Delivered,Mobile App,Rohan Mehta,Delhivery,2,2,3001.05,1497.95,0.3330,75.00,5113.88
IN240400418,14-Apr-2024,CUST85149,Kabir Saxena,30,Delhi,Delhi,North,Mobiles & Accessories,Tempered Glass,MOB-TEM102,1,109,109,PAYDAY15,16.35,0.18,92.65,16.68,Debit Card,Delivered,Marketplace,Neha Patel,Ecom Express,3,5,84.05,8.60,0.0928,160.00,269.33
IN240401084,14-Apr-2024,CUST55590,Ira Yadav,26,Indore,Madhya Pradesh,Central,Mobiles & Accessories,Smart Watch,MOB-SMA633,3,11799,35397,FREESHIP,0.00,0.12,35397.00,4247.64,Wallet,Delivered,Mobile App,Deepak Yadav,Xpressbees,3,3,29589.47,5807.53,0.1641,65.00,39709.64
IN240401129,14-Apr-2024,CUST62057,Nikhil Gupta,28,Nashik,Maharashtra,West,Electronics,LED TV,ELE-LED839,5,60599,302995,PAYDAY15,45449.25,0.18,257545.75,46358.24,UPI,Delivered,Mobile App,Tanvi Jadhav,Blue Dart,2,3,228687.10,28858.65,0.1121,117.00,304020.99
IN240401446,14-Apr-2024,CUST11480,Reyansh More,39,Patna,Bihar,East,Electronics,Bluetooth Speaker,ELE-BLU193,3,5199,15597,FREESHIP,0.00,0.12,15597.00,1871.64,Credit Card,Delivered,Marketplace,Rahul Verma,Blue Dart,8,5,12711.14,2885.86,0.1850,180.00,17648.64
IN240400793,15-Apr-2024,CUST58170,Isha Das,20,Bhopal,Madhya Pradesh,Central,Books & Stationery,Office Diary,BOO-OFF205,1,352,352,WELCOME100,70.40,0.12,281.60,33.79,Credit Card,Returned,Mobile App,Karan Malhotra,Xpressbees,4,4,205.52,76.08,0.2702,71.00,386.39
IN240401768,15-Apr-2024,CUST14311,Ira Das,45,Vadodara,Gujarat,West,Electronics,Wireless Mouse,ELE-WIR457,2,1299,2598,DIWALI20,519.60,0.18,2078.40,374.11,UPI,Delivered,Mobile App,Swati Mishra,Ecom Express,4,5,2093.38,-14.98,-0.0072,122.00,2574.51
IN240400326,16-Apr-2024,CUST19687,Nisha Khan,35,Patna,Bihar,East,Home & Kitchen,Water Purifier,HOM-WAT154,2,19699,39398,FESTIVE10,3939.80,0.18,35458.20,6382.48,Debit Card,Delivered,Website,Karan Malhotra,Blue Dart,3,5,23060.36,12397.84,0.3496,134.00,41974.68
IN240400881,16-Apr-2024,CUST40892,Atharv Shaikh,22,Chandigarh,Chandigarh,North,Beauty & Personal Care,Perfume,BEA-PER177,1,1399,1399,APPONLY,111.92,0.18,1287.08,231.67,UPI,Delivered,Mobile App,Deepak Yadav,Xpressbees,6,5,812.33,474.75,0.3689,157.00,1675.75
IN240401494,16-Apr-2024,CUST10326,Aarti Tiwari,56,Pune,Maharashtra,West,Mobiles & Accessories,Bluetooth Earbuds,MOB-BLU284,1,4199,4199,DIWALI20,839.80,0.12,3359.20,403.10,Credit Card,Delivered,Mobile App,Karan Malhotra,Blue Dart,3,3,3114.97,244.23,0.0727,157.00,3919.30
IN240402155,16-Apr-2024,CUST13580,Tanvi Singh,39,Bhubaneswar,Odisha,East,Books & Stationery,Pen Set,BOO-PEN957,1,317,317,No Coupon,0.00,0.05,317.00,15.85,COD,Returned,Mobile App,Anjali Joshi,Shadowfax,3,5,201.11,115.89,0.3656,126.00,458.85
IN240402329,16-Apr-2024,CUST53920,Nikhil Khan,25,Pune,Maharashtra,West,Electronics,Keyboard,ELE-KEY118,1,862,862,No Coupon,0.00,0.18,862.00,155.16,UPI,Delivered,Website,Sagar Pawar,Ecom Express,2,5,707.75,154.25,0.1789,61.00,1078.16
IN240402351,16-Apr-2024,CUST70028,Prachi Patel,40,Vijayawada,Andhra Pradesh,South,Home & Kitchen,Mixer Grinder,HOM-MIX598,1,3299,3299,MEGADEAL,593.82,0.12,2705.18,324.62,Debit Card,Returned,Website,Nikhil Bansal,Blue Dart,4,5,2349.41,355.77,0.1315,85.00,3114.80
IN240402448,16-Apr-2024,CUST38013,Sneha Kadam,43,Vadodara,Gujarat,West,Fashion,Handbag,FAS-HAN615,1,1899,1899,DIWALI20,379.80,0.12,1519.20,182.30,UPI,Delivered,Website,Manish Iyer,Delhivery,5,5,1359.66,159.54,0.1050,132.00,1833.50
IN240400416,17-Apr-2024,CUST58865,Harsh Chatterjee,18,Chandigarh,Chandigarh,North,Electronics,Bluetooth Speaker,ELE-BLU915,2,3899,7798,FESTIVE10,779.80,0.12,7018.20,842.18,UPI,Delivered,Marketplace,Kavya Deshmukh,DTDC,4,5,6242.83,775.37,0.1105,124.00,7984.38
IN240400370,18-Apr-2024,CUST77070,Kavya Patel,22,Vijayawada,Andhra Pradesh,South,Mobiles & Accessories,Bluetooth Earbuds,MOB-BLU322,3,2299,6897,No Coupon,0.00,0.18,6897.00,1241.46,UPI,Delivered,Marketplace,Vikram Singh,Xpressbees,3,5,5645.24,1251.76,0.1815,78.00,8216.46
IN240402151,19-Apr-2024,CUST57597,Neha Khan,53,Gurugram,Haryana,North,Electronics,Laptop,ELE-LAP446,2,118899,237798,No Coupon,0.00,0.12,237798.00,28535.76,UPI,Returned,Mobile App,Kavya Deshmukh,Delhivery,4,3,183489.05,54308.95,0.2284,170.00,266503.76
IN240400307,20-Apr-2024,CUST44809,Aarti Malhotra,30,Nashik,Maharashtra,West,Home & Kitchen,Mixer Grinder,HOM-MIX487,1,4199,4199,No Coupon,0.00,0.12,4199.00,503.88,Debit Card,Delivered,Mobile App,Swati Mishra,India Post,5,4,3198.32,1000.68,0.2383,112.00,4814.88
IN240400953,20-Apr-2024,CUST47738,Rudra Agarwal,54,Vadodara,Gujarat,West,Mobiles & Accessories,Smart Watch,MOB-SMA707,1,16999,16999,WELCOME100,100.00,0.12,16899.00,2027.88,UPI,Delivered,Marketplace,Sagar Pawar,Blue Dart,3,5,12811.56,4087.44,0.2419,61.00,18987.88
IN240401992,20-Apr-2024,CUST26524,Deepak Gaikwad,41,Indore,Madhya Pradesh,Central,Grocery & Gourmet,Coffee Pack,GRO-COF422,2,710,1420,FREESHIP,0.00,0.18,1420.00,255.60,UPI,Delivered,Website,Anjali Joshi,India Post,4,4,910.48,509.52,0.3588,164.00,1839.60
IN240401334,21-Apr-2024,CUST95711,Amit Yadav,38,Visakhapatnam,Andhra Pradesh,South,Sports & Fitness,Dumbbell Set,SPO-DUM576,2,2299,4598,APPONLY,367.84,0.18,4230.16,761.43,UPI,Delivered,Marketplace,Rohan Mehta,Ecom Express,7,4,3051.58,1178.58,0.2786,73.00,5064.59
IN240400731,22-Apr-2024,CUST48456,Reyansh Iyer,48,Ludhiana,Punjab,North,Home & Kitchen,Mixer Grinder,HOM-MIX757,3,1699,5097,MEGADEAL,917.46,0.18,4179.54,752.32,Debit Card,Delivered,Website,Pooja Reddy,India Post,2,4,3752.67,426.87,0.1021,129.00,5060.86
IN240400811,22-Apr-2024,CUST57237,Kiara More,29,Visakhapatnam,Andhra Pradesh,South,Home & Kitchen,Cookware Set,HOM-COO502,5,4899,24495,FREESHIP,0.00,0.18,24495.00,4409.10,Credit Card,Delivered,Mobile App,Tanvi Jadhav,Delhivery,3,5,16823.48,7671.52,0.3132,120.00,29024.10
IN240401704,22-Apr-2024,CUST44870,Reyansh Malhotra,24,Thiruvananthapuram,Kerala,South,Fashion,Sneakers,FAS-SNE291,1,1399,1399,No Coupon,0.00,0.18,1399.00,251.82,COD,Delivered,Social Commerce,Swati Mishra,Ecom Express,3,5,1023.60,375.40,0.2683,119.00,1769.82
IN240402223,22-Apr-2024,CUST94450,Aditya Chatterjee,47,Delhi,Delhi,North,Beauty & Personal Care,Trimmer,BEA-TRI161,1,3399,3399,No Coupon,0.00,0.18,3399.00,611.82,Net Banking,Delivered,Website,Sagar Pawar,Delhivery,4,4,2030.24,1368.76,0.4027,108.00,4118.82
IN240400165,23-Apr-2024,CUST58738,Janhavi Malhotra,30,Chennai,Tamil Nadu,South,Beauty & Personal Care,Skin Cream,BEA-SKI831,2,411,822,PAYDAY15,123.30,0.12,698.70,83.84,Credit Card,Delivered,Mobile App,Rohan Mehta,Shadowfax,3,4,525.57,173.13,0.2478,156.00,938.54
IN240401454,23-Apr-2024,CUST72065,Pranav Rathod,31,Coimbatore,Tamil Nadu,South,Mobiles & Accessories,Power Bank,MOB-POW923,1,2199,2199,WELCOME100,100.00,0.12,2099.00,251.88,UPI,Returned,Mobile App,Pooja Reddy,Delhivery,4,4,1647.27,451.73,0.2152,115.00,2465.88
IN240401820,23-Apr-2024,CUST73226,Vihaan Sharma,26,Ahmedabad,Gujarat,West,Home & Kitchen,Water Purifier,HOM-WAT114,1,11599,11599,No Coupon,0.00,0.18,11599.00,2087.82,Credit Card,Delivered,Website,Amit Sharma,Xpressbees,5,5,6810.02,4788.98,0.4129,92.00,13778.82
IN240400137,24-Apr-2024,CUST85761,Kabir Dhawale,39,Vijayawada,Andhra Pradesh,South,Mobiles & Accessories,Tempered Glass,MOB-TEM414,2,486,972,FREESHIP,0.00,0.12,972.00,116.64,UPI,Delivered,Mobile App,Anjali Joshi,Shadowfax,3,5,788.54,183.46,0.1887,74.00,1162.64
IN240400943,24-Apr-2024,CUST18317,Amit Qureshi,21,Gurugram,Haryana,North,Beauty & Personal Care,Skin Cream,BEA-SKI946,1,691,691,No Coupon,0.00,0.12,691.00,82.92,UPI,Returned,Marketplace,Neha Patel,India Post,1,5,425.89,265.11,0.3837,115.00,888.92
IN240401157,24-Apr-2024,CUST80807,Rudra More,18,Delhi,Delhi,North,Grocery & Gourmet,Basmati Rice 5kg,GRO-BAS869,2,501,1002,WELCOME100,100.00,0.12,902.00,108.24,UPI,Delivered,Marketplace,Rohan Mehta,Ecom Express,3,2,773.91,128.09,0.1420,157.00,1167.24
IN240401270,24-Apr-2024,CUST40277,Myra Joshi,27,Surat,Gujarat,West,Books & Stationery,Notebook Pack,BOO-NOT443,1,329,329,MEGADEAL,59.22,0.05,269.78,13.49,UPI,Delivered,Website,Karan Malhotra,Shadowfax,7,2,238.47,31.31,0.1161,159.00,442.27
IN240401761,25-Apr-2024,CUST62604,Rahul Ghosh,29,Surat,Gujarat,West,Grocery & Gourmet,Basmati Rice 5kg,GRO-BAS367,2,720,1440,No Coupon,0.00,0.12,1440.00,172.80,Credit Card,Delivered,Mobile App,Manish Iyer,Delhivery,2,4,978.35,461.65,0.3206,95.00,1707.80
IN240402304,25-Apr-2024,CUST61615,Aadhya Ansari,35,Lucknow,Uttar Pradesh,North,Mobiles & Accessories,Bluetooth Earbuds,MOB-BLU410,2,2199,4398,No Coupon,0.00,0.12,4398.00,527.76,UPI,Delivered,Website,Vikram Singh,Shadowfax,3,3,3364.07,1033.93,0.2351,99.00,5024.76
IN240402291,26-Apr-2024,CUST72132,Anaya Pillai,32,Pune,Maharashtra,West,Mobiles & Accessories,Smart Watch,MOB-SMA801,1,17099,17099,FESTIVE10,1709.90,0.18,15389.10,2770.04,UPI,Delivered,Mobile App,Tanvi Jadhav,India Post,2,5,12990.15,2398.95,0.1559,147.00,18306.14
IN240400503,28-Apr-2024,CUST15290,Diya Chauhan,28,Lucknow,Uttar Pradesh,North,Beauty & Personal Care,Trimmer,BEA-TRI450,1,1999,1999,No Coupon,0.00,0.12,1999.00,239.88,Credit Card,Delivered,Mobile App,Nikhil Bansal,India Post,5,2,1175.42,823.58,0.4120,175.00,2413.88
IN240400816,28-Apr-2024,CUST15551,Meera Patel,57,Visakhapatnam,Andhra Pradesh,South,Fashion,Men T-Shirt,FAS-MEN735,3,517,1551,PAYDAY15,232.65,0.18,1318.35,237.30,Wallet,Delivered,Mobile App,Sneha Kulkarni,India Post,3,4,1015.98,302.37,0.2294,100.00,1655.65
IN240401764,28-Apr-2024,CUST22507,Deepak Gaikwad,47,Kochi,Kerala,South,Mobiles & Accessories,Smartphone,MOB-SMA433,3,44999,134997,No Coupon,0.00,0.18,134997.00,24299.46,UPI,Delivered,Mobile App,Anjali Joshi,Delhivery,4,5,97963.97,37033.03,0.2743,143.00,159439.46
IN240401767,28-Apr-2024,CUST41733,Komal Qureshi,40,Noida,Uttar Pradesh,North,Home & Kitchen,Water Purifier,HOM-WAT527,3,24699,74097,No Coupon,0.00,0.18,74097.00,13337.46,Wallet,Delivered,Website,Karan Malhotra,Xpressbees,1,2,46618.56,27478.44,0.3708,129.00,87563.46
IN240402112,28-Apr-2024,CUST86754,Kabir Sharma,18,Gurugram,Haryana,North,Home & Kitchen,Pressure Cooker,HOM-PRE175,1,1699,1699,No Coupon,0.00,0.12,1699.00,203.88,COD,Returned,Mobile App,Karan Malhotra,India Post,3,5,991.28,707.72,0.4166,110.00,2012.88
IN240401171,30-Apr-2024,CUST17027,Meera Verma,33,Ranchi,Jharkhand,East,Fashion,Handbag,FAS-HAN252,1,4499,4499,WELCOME100,100.00,0.18,4399.00,791.82,UPI,Delivered,Website,Neha Patel,DTDC,7,4,3130.61,1268.39,0.2883,63.00,5253.82
IN240401526,30-Apr-2024,CUST23308,Anika Agarwal,57,Jaipur,Rajasthan,North,Electronics,Bluetooth Speaker,ELE-BLU165,2,8499,16998,FESTIVE10,1699.80,0.12,15298.20,1835.78,COD,Shipped,Social Commerce,Rahul Verma,India Post,5,,12424.03,2874.17,0.1879,114.00,17247.98
IN240401536,30-Apr-2024,CUST81992,Krishna Pillai,58,Mysuru,Karnataka,South,Home & Kitchen,Air Fryer,HOM-AIR813,1,10099,10099,DIWALI20,2019.80,0.18,8079.20,1454.26,UPI,Delivered,Social Commerce,Swati Mishra,Ecom Express,5,5,6170.67,1908.53,0.2362,119.00,9652.46
IN240401941,30-Apr-2024,CUST34109,Aadhya Qureshi,30,Guwahati,Assam,North East,Books & Stationery,Exam Prep Book,BOO-EXA909,1,270,270,FREESHIP,0.00,0.05,270.00,13.50,Debit Card,Delivered,Website,Sneha Kulkarni,Blue Dart,5,5,163.04,106.96,0.3961,130.00,413.50
IN240500957,01-May-2024,CUST68455,Ayaan Bansal,47,Patna,Bihar,East,Fashion,Saree,FAS-SAR733,1,1899,1899,No Coupon,0.00,0.18,1899.00,341.82,COD,Returned,Mobile App,Sneha Kulkarni,Shadowfax,2,5,1238.29,660.71,0.3479,94.00,2334.82
IN240501030,02-May-2024,CUST91926,Sagar Deshmukh,40,Gurugram,Haryana,North,Sports & Fitness,Cricket Bat,SPO-CRI423,3,3299,9897,No Coupon,0.00,0.18,9897.00,1781.46,UPI,Delivered,Website,Karan Malhotra,Blue Dart,8,3,5968.73,3928.27,0.3969,131.00,11809.46
IN240501090,02-May-2024,CUST24120,Aditya Gupta,20,Patna,Bihar,East,Fashion,Handbag,FAS-HAN414,1,1699,1699,DIWALI20,339.80,0.12,1359.20,163.10,Debit Card,Delivered,Website,Deepak Yadav,DTDC,6,5,1035.68,323.52,0.2380,159.00,1681.30
IN240501342,02-May-2024,CUST29392,Rajesh Bhatia,34,Guwahati,Assam,North East,Home & Kitchen,Air Fryer,HOM-AIR378,4,9599,38396,PAYDAY15,5759.40,0.18,32636.60,5874.59,COD,Delivered,Website,Rahul Verma,Ecom Express,2,4,26599.34,6037.26,0.1850,148.00,38659.19
IN240501867,02-May-2024,CUST48277,Swati Banerjee,56,Ahmedabad,Gujarat,West,Home & Kitchen,Cookware Set,HOM-COO595,1,7899,7899,NEWYEAR10,789.90,0.18,7109.10,1279.64,UPI,Delivered,Mobile App,Nikhil Bansal,Ecom Express,3,5,4842.42,2266.68,0.3188,83.00,8471.74
IN240502215,03-May-2024,CUST34204,Aarti Gaikwad,53,Ahmedabad,Gujarat,West,Grocery & Gourmet,Spices Combo,GRO-SPI422,1,779,779,APPONLY,62.32,0.05,716.68,35.83,UPI,Delivered,Mobile App,Priya Nair,DTDC,1,5,538.58,178.10,0.2485,132.00,884.51
IN240500249,04-May-2024,CUST52490,Rajesh Khan,35,Kolkata,West Bengal,East,Electronics,Tablet,ELE-TAB780,1,34199,34199,No Coupon,0.00,0.12,34199.00,4103.88,Debit Card,Delivered,Marketplace,Amit Sharma,Shadowfax,3,5,26970.10,7228.90,0.2114,118.00,38420.88
IN240500509,05-May-2024,CUST85551,Manish Verma,27,Jaipur,Rajasthan,North,Sports & Fitness,Running Shoes,SPO-RUN301,2,4299,8598,No Coupon,0.00,0.18,8598.00,1547.64,UPI,Delivered,Website,Swati Mishra,Xpressbees,1,4,5454.09,3143.91,0.3657,108.00,10253.64
IN240501916,05-May-2024,CUST82469,Shruti Singh,24,Nashik,Maharashtra,West,Beauty & Personal Care,Shampoo,BEA-SHA231,1,441,441,FESTIVE10,44.10,0.12,396.90,47.63,UPI,Returned,Mobile App,Karan Malhotra,Xpressbees,2,5,280.56,116.34,0.2931,145.00,589.53
IN240502290,05-May-2024,CUST83000,Payal Ansari,23,Vijayawada,Andhra Pradesh,South,Home & Kitchen,Pressure Cooker,HOM-PRE808,1,3299,3299,DIWALI20,659.80,0.12,2639.20,316.70,COD,Delivered,Marketplace,Rahul Verma,Delhivery,4,5,2521.35,117.85,0.0447,61.00,3016.90
IN240500533,06-May-2024,CUST38267,Mansi Das,18,Ahmedabad,Gujarat,West,Sports & Fitness,Yoga Mat,SPO-YOG447,1,1599,1599,No Coupon,0.00,0.18,1599.00,287.82,COD,Cancelled,Marketplace,Rahul Verma,India Post,4,,1146.87,452.13,0.2828,0.00,1886.82
IN240501197,06-May-2024,CUST70570,Nisha Gaikwad,35,Ranchi,Jharkhand,East,Mobiles & Accessories,Bluetooth Earbuds,MOB-BLU678,1,8899,8899,No Coupon,0.00,0.12,8899.00,1067.88,UPI,Delivered,Mobile App,Priya Nair,India Post,4,5,7299.23,1599.77,0.1798,107.00,10073.88
IN240501198,06-May-2024,CUST10931,Harsh Sharma,45,Ludhiana,Punjab,North,Fashion,Handbag,FAS-HAN382,1,1499,1499,No Coupon,0.00,0.12,1499.00,179.88,Debit Card,Delivered,Website,Neha Patel,Shadowfax,6,1,907.92,591.08,0.3943,84.00,1762.88
IN240502493,06-May-2024,CUST69684,Rajesh Bhatia,37,Hyderabad,Telangana,South,Mobiles & Accessories,Smartphone,MOB-SMA109,1,60399,60399,APPONLY,4831.92,0.18,55567.08,10002.07,UPI,Cancelled,Website,Nikhil Bansal,Blue Dart,3,,48184.81,7382.27,0.1329,0.00,65569.15
IN240502498,06-May-2024,CUST30934,Akshay Verma,31,Nashik,Maharashtra,West,Fashion,Sneakers,FAS-SNE203,2,3199,6398,No Coupon,0.00,0.12,6398.00,767.76,UPI,Delivered,Mobile App,Vikram Singh,India Post,5,4,4792.97,1605.03,0.2509,105.00,7270.76
IN240500385,07-May-2024,CUST89780,Vihaan More,19,Pune,Maharashtra,West,Mobiles & Accessories,Smart Watch,MOB-SMA508,1,14399,14399,No Coupon,0.00,0.12,14399.00,1727.88,UPI,Delivered,Website,Priya Nair,Xpressbees,8,5,11961.78,2437.22,0.1693,90.00,16216.88
IN240500787,07-May-2024,CUST70960,Krishna Dhawale,47,Ahmedabad,Gujarat,West,Electronics,Laptop,ELE-LAP187,1,33599,33599,No Coupon,0.00,0.18,33599.00,6047.82,UPI,Delivered,Mobile App,Rahul Verma,Delhivery,4,4,28540.39,5058.61,0.1506,159.00,39805.82
IN240501111,07-May-2024,CUST45736,Anaya Patel,51,Kochi,Kerala,South,Books & Stationery,Notebook Pack,BOO-NOT717,1,339,339,No Coupon,0.00,0.18,339.00,61.02,UPI,Delivered,Mobile App,Manish Iyer,Xpressbees,2,4,258.03,80.97,0.2388,157.00,557.02
IN240501177,07-May-2024,CUST41669,Isha Mishra,34,Ranchi,Jharkhand,East,Home & Kitchen,Air Fryer,HOM-AIR326,2,3599,7198,No Coupon,0.00,0.12,7198.00,863.76,UPI,Delivered,Website,Swati Mishra,Ecom Express,7,5,4954.07,2243.93,0.3117,134.00,8195.76
IN240501437,08-May-2024,CUST49222,Reyansh Patel,22,Pune,Maharashtra,West,Electronics,Tablet,ELE-TAB445,1,19299,19299,No Coupon,0.00,0.18,19299.00,3473.82,UPI,Delivered,Marketplace,Isha Gupta,India Post,4,5,15313.63,3985.37,0.2065,79.00,22851.82
IN240502143,08-May-2024,CUST86968,Reyansh Kapoor,37,Vijayawada,Andhra Pradesh,South,Mobiles & Accessories,Bluetooth Earbuds,MOB-BLU783,1,3599,3599,DIWALI20,719.80,0.18,2879.20,518.26,UPI,Delivered,Website,Neha Patel,Shadowfax,3,4,2809.20,70.00,0.0243,156.00,3553.46
IN240500264,09-May-2024,CUST34107,Janhavi Khan,41,Delhi,Delhi,North,Grocery & Gourmet,Spices Combo,GRO-SPI576,3,589,1767,NEWYEAR10,176.70,0.05,1590.30,79.52,UPI,Cancelled,Website,Manish Iyer,Xpressbees,5,,1256.74,333.56,0.2097,0.00,1669.82
IN240500268,09-May-2024,CUST22822,Aarav Qureshi,19,Indore,Madhya Pradesh,Central,Grocery & Gourmet,Dry Fruits Pack,GRO-DRY253,1,1699,1699,No Coupon,0.00,0.12,1699.00,203.88,COD,Delivered,Mobile App,Deepak Yadav,Delhivery,3,5,1039.97,659.03,0.3879,63.00,1965.88
IN240502242,09-May-2024,CUST50482,Deepak Mehta,46,Coimbatore,Tamil Nadu,South,Fashion,Sneakers,FAS-SNE227,1,2299,2299,APPONLY,183.92,0.18,2115.08,380.71,UPI,Delivered,Mobile App,Nikhil Bansal,Shadowfax,2,5,1464.17,650.91,0.3077,137.00,2632.79
IN240500190,10-May-2024,CUST67056,Rutuja Chatterjee,30,Noida,Uttar Pradesh,North,Mobiles & Accessories,Smart Watch,MOB-SMA746,1,7899,7899,APPONLY,631.92,0.12,7267.08,872.05,UPI,Delivered,Social Commerce,Vikram Singh,Delhivery,5,5,5738.35,1528.73,0.2104,113.00,8252.13
IN240500222,10-May-2024,CUST33130,Ira Kapoor,19,Visakhapatnam,Andhra Pradesh,South,Mobiles & Accessories,Bluetooth Earbuds,MOB-BLU763,1,2199,2199,No Coupon,0.00,0.12,2199.00,263.88,UPI,Delivered,Mobile App,Sneha Kulkarni,Delhivery,4,4,1749.27,449.73,0.2045,112.00,2574.88
IN240500568,10-May-2024,CUST61440,Payal Qureshi,46,Nashik,Maharashtra,West,Mobiles & Accessories,Tempered Glass,MOB-TEM626,1,254,254,MEGADEAL,45.72,0.12,208.28,24.99,UPI,Delivered,Website,Isha Gupta,DTDC,3,4,207.72,0.56,0.0027,126.00,359.27
IN240501135,10-May-2024,CUST33362,Aarav Chauhan,57,Nashik,Maharashtra,West,Mobiles & Accessories,Smart Watch,MOB-SMA414,1,2599,2599,No Coupon,0.00,0.12,2599.00,311.88,Credit Card,Delivered,Website,Tanvi Jadhav,Blue Dart,3,5,1942.51,656.49,0.2526,163.00,3073.88
IN240502113,10-May-2024,CUST21869,Omkar Kulkarni,38,Mumbai,Maharashtra,West,Home & Kitchen,Air Fryer,HOM-AIR228,2,7799,15598,FREESHIP,0.00,0.18,15598.00,2807.64,COD,Delivered,Mobile App,Rahul Verma,India Post,3,5,11175.60,4422.40,0.2835,89.00,18494.64
IN240500092,11-May-2024,CUST14315,Swati Deshmukh,40,Visakhapatnam,Andhra Pradesh,South,Home & Kitchen,Cookware Set,HOM-COO323,1,2799,2799,No Coupon,0.00,0.12,2799.00,335.88,UPI,Delivered,Website,Kavya Deshmukh,Xpressbees,3,5,1697.88,1101.12,0.3934,155.00,3289.88
IN240500360,11-May-2024,CUST53104,Sneha Banerjee,57,Hyderabad,Telangana,South,Books & Stationery,Notebook Pack,BOO-NOT851,1,433,433,No Coupon,0.00,0.18,433.00,77.94,UPI,Delivered,Mobile App,Manish Iyer,DTDC,4,5,304.96,128.04,0.2957,180.00,690.94
IN240500372,11-May-2024,CUST54654,Aditya Rathod,23,Mysuru,Karnataka,South,Home & Kitchen,Water Purifier,HOM-WAT655,1,20099,20099,NEWYEAR10,2009.90,0.18,18089.10,3256.04,Credit Card,Delivered,Marketplace,Anjali Joshi,Ecom Express,5,5,14788.08,3301.02,0.1825,66.00,21411.14
IN240502423,11-May-2024,CUST61905,Aadhya Joshi,20,Visakhapatnam,Andhra Pradesh,South,Grocery & Gourmet,Basmati Rice 5kg,GRO-BAS531,1,957,957,No Coupon,0.00,0.18,957.00,172.26,UPI,Delivered,Website,Kavya Deshmukh,India Post,4,5,726.75,230.25,0.2406,79.00,1208.26
IN240500591,12-May-2024,CUST36290,Ishaan Malhotra,29,Pune,Maharashtra,West,Grocery & Gourmet,Cold Pressed Oil,GRO-COL471,1,742,742,No Coupon,0.00,0.18,742.00,133.56,UPI,Delivered,Mobile App,Priya Nair,DTDC,1,2,542.65,199.35,0.2687,85.00,960.56
IN240501336,12-May-2024,CUST68323,Rutuja Tiwari,45,Pune,Maharashtra,West,Fashion,Sneakers,FAS-SNE421,2,3199,6398,No Coupon,0.00,0.12,6398.00,767.76,UPI,Delivered,Website,Sagar Pawar,Shadowfax,4,3,4152.00,2246.00,0.3510,179.00,7344.76
IN240501683,12-May-2024,CUST62858,Sagar Bansal,34,Chandigarh,Chandigarh,North,Electronics,Bluetooth Speaker,ELE-BLU866,1,3599,3599,No Coupon,0.00,0.18,3599.00,647.82,Debit Card,Delivered,Website,Nikhil Bansal,Ecom Express,1,5,3071.41,527.59,0.1466,78.00,4324.82
IN240501246,13-May-2024,CUST81270,Anika Malhotra,47,Gurugram,Haryana,North,Home & Kitchen,Bedsheet Set,HOM-BED452,5,979,4895,No Coupon,0.00,0.18,4895.00,881.10,UPI,Delivered,Website,Priya Nair,DTDC,2,5,3565.62,1329.38,0.2716,170.00,5946.10
IN240502083,13-May-2024,CUST22570,Kiara Iyer,49,Delhi,Delhi,North,Grocery & Gourmet,Basmati Rice 5kg,GRO-BAS670,1,713,713,No Coupon,0.00,0.12,713.00,85.56,Wallet,Delivered,Marketplace,Tanvi Jadhav,Xpressbees,5,5,425.80,287.20,0.4028,72.00,870.56
IN240502358,13-May-2024,CUST55865,Priya Verma,24,Chennai,Tamil Nadu,South,Fashion,Handbag,FAS-HAN600,1,4899,4899,No Coupon,0.00,0.18,4899.00,881.82,UPI,Delivered,Mobile App,Anjali Joshi,DTDC,3,4,3256.49,1642.51,0.3353,102.00,5882.82
IN240500812,14-May-2024,CUST99950,Deepak Mishra,18,Surat,Gujarat,West,Sports & Fitness,Dumbbell Set,SPO-DUM356,1,4299,4299,MEGADEAL,773.82,0.18,3525.18,634.53,Debit Card,Delivered,Mobile App,Karan Malhotra,India Post,3,5,3120.19,404.99,0.1149,166.00,4325.71
IN240501239,14-May-2024,CUST71923,Shaurya Sharma,49,Vadodara,Gujarat,West,Electronics,Bluetooth Speaker,ELE-BLU829,2,8199,16398,No Coupon,0.00,0.18,16398.00,2951.64,Net Banking,Shipped,Social Commerce,Pooja Reddy,India Post,5,,12573.96,3824.04,0.2332,63.00,19412.64
IN240500642,15-May-2024,CUST96337,Shaurya Chatterjee,37,Chandigarh,Chandigarh,North,Fashion,Men T-Shirt,FAS-MEN497,2,1599,3198,PAYDAY15,479.70,0.12,2718.30,326.20,UPI,Delivered,Marketplace,Kavya Deshmukh,Xpressbees,1,4,2467.88,250.42,0.0921,62.00,3106.50
IN240500942,15-May-2024,CUST98802,Aarav Gaikwad,39,Nashik,Maharashtra,West,Grocery & Gourmet,Spices Combo,GRO-SPI814,3,607,1821,No Coupon,0.00,0.12,1821.00,218.52,Credit Card,Delivered,Mobile App,Sneha Kulkarni,Blue Dart,3,4,1241.18,579.82,0.3184,84.00,2123.52
IN240501242,15-May-2024,CUST83492,Shaurya Chatterjee,27,Lucknow,Uttar Pradesh,North,Fashion,Jeans,FAS-JEA910,2,1899,3798,No Coupon,0.00,0.18,3798.00,683.64,Debit Card,Delivered,Marketplace,Pooja Reddy,Blue Dart,3,5,2365.52,1432.48,0.3772,92.00,4573.64
IN240500500,16-May-2024,CUST19389,Nisha Ansari,53,Coimbatore,Tamil Nadu,South,Beauty & Personal Care,Shampoo,BEA-SHA424,1,417,417,No Coupon,0.00,0.12,417.00,50.04,UPI,Cancelled,Marketplace,Kavya Deshmukh,Blue Dart,4,,321.87,95.13,0.2281,0.00,467.04
IN240501085,16-May-2024,CUST64741,Komal Dhawale,58,Coimbatore,Tamil Nadu,South,Beauty & Personal Care,Hair Oil,BEA-HAI853,1,254,254,No Coupon,0.00,0.18,254.00,45.72,Debit Card,Delivered,Mobile App,Manish Iyer,India Post,5,5,179.60,74.40,0.2929,140.00,439.72
IN240501442,16-May-2024,CUST30383,Tanvi Joshi,28,Mysuru,Karnataka,South,Electronics,Wireless Mouse,ELE-WIR894,1,2299,2299,FESTIVE10,229.90,0.18,2069.10,372.44,Wallet,Delivered,Mobile App,Neha Patel,Blue Dart,2,5,1844.08,225.02,0.1088,109.00,2550.54
IN240500471,17-May-2024,CUST34949,Kiara Bansal,32,Mumbai,Maharashtra,West,Fashion,Men T-Shirt,FAS-MEN212,1,1899,1899,No Coupon,0.00,0.18,1899.00,341.82,UPI,Delivered,Mobile App,Nikhil Bansal,Delhivery,3,4,1182.13,716.87,0.3775,161.00,2401.82
IN240500520,17-May-2024,CUST76891,Diya Pillai,48,Lucknow,Uttar Pradesh,North,Electronics,Laptop,ELE-LAP718,1,68999,68999,NEWYEAR10,6899.90,0.12,62099.10,7451.89,UPI,Shipped,Website,Sagar Pawar,Shadowfax,3,,56361.10,5738.00,0.0924,105.00,69655.99
IN240501626,17-May-2024,CUST45102,Omkar Shinde,34,Surat,Gujarat,West,Fashion,Women Kurti,FAS-WOM559,2,1299,2598,No Coupon,0.00,0.18,2598.00,467.64,UPI,Delivered,Website,Neha Patel,Xpressbees,6,4,1865.22,732.78,0.2821,161.00,3226.64
IN240501101,18-May-2024,CUST49965,Yash Chatterjee,43,Bhopal,Madhya Pradesh,Central,Grocery & Gourmet,Cold Pressed Oil,GRO-COL759,1,859,859,No Coupon,0.00,0.05,859.00,42.95,Net Banking,Cancelled,Mobile App,Manish Iyer,Delhivery,5,,530.79,328.21,0.3821,0.00,901.95
IN240501473,18-May-2024,CUST34663,Sagar Nair,46,Hyderabad,Telangana,South,Fashion,Jeans,FAS-JEA737,2,1799,3598,MEGADEAL,647.64,0.12,2950.36,354.04,Debit Card,Delivered,Mobile App,Kavya Deshmukh,India Post,4,5,2426.79,523.57,0.1775,173.00,3477.40
IN240501654,18-May-2024,CUST53576,Shruti Ansari,47,Coimbatore,Tamil Nadu,South,Beauty & Personal Care,Perfume,BEA-PER992,1,1699,1699,No Coupon,0.00,0.12,1699.00,203.88,Credit Card,Delivered,Mobile App,Anjali Joshi,Delhivery,4,2,1018.33,680.67,0.4006,103.00,2005.88
IN240501665,18-May-2024,CUST26993,Prachi Iyer,45,Surat,Gujarat,West,Books & Stationery,Office Diary,BOO-OFF823,4,386,1544,No Coupon,0.00,0.05,1544.00,77.20,Credit Card,Delivered,Website,Manish Iyer,Xpressbees,4,5,978.94,565.06,0.3660,122.00,1743.20
IN240501679,18-May-2024,CUST50444,Komal Iyer,38,Bhubaneswar,Odisha,East,Home & Kitchen,Bedsheet Set,HOM-BED275,5,827,4135,No Coupon,0.00,0.12,4135.00,496.20,Wallet,Delivered,Mobile App,Rohan Mehta,Shadowfax,6,5,3169.72,965.28,0.2334,169.00,4800.20
IN240502263,18-May-2024,CUST83201,Bhavna Rathod,25,Bengaluru,Karnataka,South,Mobiles & Accessories,Smartphone,MOB-SMA271,3,11899,35697,PAYDAY15,5354.55,0.12,30342.45,3641.09,Credit Card,Shipped,Mobile App,Rohan Mehta,Delhivery,5,,27443.03,2899.42,0.0956,148.00,34131.54
IN240500804,19-May-2024,CUST81276,Aarti Joshi,44,Guwahati,Assam,North East,Fashion,Saree,FAS-SAR762,1,5599,5599,No Coupon,0.00,0.12,5599.00,671.88,Credit Card,Delivered,Mobile App,Anjali Joshi,Shadowfax,3,5,3309.84,2289.16,0.4089,133.00,6403.88
IN240501249,19-May-2024,CUST18201,Shaurya More,55,Jaipur,Rajasthan,North,Fashion,Handbag,FAS-HAN714,1,4599,4599,No Coupon,0.00,0.18,4599.00,827.82,COD,Delivered,Website,Neha Patel,DTDC,1,4,3046.14,1552.86,0.3377,177.00,5603.82
IN240502046,19-May-2024,CUST44999,Neha Tiwari,30,Ranchi,Jharkhand,East,Home & Kitchen,Water Purifier,HOM-WAT711,2,6099,12198,PAYDAY15,1829.70,0.12,10368.30,1244.20,UPI,Delivered,Mobile App,Rohan Mehta,DTDC,3,5,8674.88,1693.42,0.1633,154.00,11766.50
IN240502121,19-May-2024,CUST45808,Sneha Agarwal,52,Pune,Maharashtra,West,Mobiles & Accessories,Power Bank,MOB-POW976,1,1799,1799,PAYDAY15,269.85,0.18,1529.15,275.25,UPI,Cancelled,Website,Neha Patel,Xpressbees,2,,1302.97,226.18,0.1479,0.00,1804.40
IN240502144,19-May-2024,CUST89298,Payal Mehta,39,Pune,Maharashtra,West,Beauty & Personal Care,Shampoo,BEA-SHA849,1,877,877,No Coupon,0.00,0.12,877.00,105.24,UPI,Delivered,Mobile App,Nikhil Bansal,Blue Dart,4,4,618.63,258.37,0.2946,90.00,1072.24
IN240500258,20-May-2024,CUST43863,Nikhil Reddy,45,Lucknow,Uttar Pradesh,North,Sports & Fitness,Running Shoes,SPO-RUN136,1,5299,5299,FESTIVE10,529.90,0.12,4769.10,572.29,Credit Card,Delivered,Marketplace,Rahul Verma,Delhivery,4,4,3874.11,894.99,0.1877,113.00,5454.39
IN240501576,20-May-2024,CUST65425,Amit Patel,38,Nashik,Maharashtra,West,Mobiles & Accessories,Smart Watch,MOB-SMA754,2,14399,28798,APPONLY,2303.84,0.12,26494.16,3179.30,Debit Card,Delivered,Marketplace,Isha Gupta,India Post,7,4,21563.79,4930.37,0.1861,94.00,29767.46
IN240502058,20-May-2024,CUST74714,Vivaan Kumar,44,Delhi,Delhi,North,Home & Kitchen,Mixer Grinder,HOM-MIX907,2,4699,9398,No Coupon,0.00,0.12,9398.00,1127.76,Credit Card,Delivered,Mobile App,Deepak Yadav,India Post,3,4,5843.93,3554.07,0.3782,64.00,10589.76
IN240500114,21-May-2024,CUST96296,Myra Reddy,52,Hyderabad,Telangana,South,Fashion,Men T-Shirt,FAS-MEN586,1,999,999,No Coupon,0.00,0.12,999.00,119.88,Debit Card,Shipped,Website,Pooja Reddy,Blue Dart,4,,593.28,405.72,0.4061,146.00,1264.88
IN240501110,21-May-2024,CUST44148,Aarav Reddy,20,Nagpur,Maharashtra,West,Electronics,Tablet,ELE-TAB609,1,32599,32599,PAYDAY15,4889.85,0.18,27709.15,4987.65,Debit Card,Cancelled,Mobile App,Sagar Pawar,Shadowfax,4,,26004.61,1704.54,0.0615,0.00,32696.80
IN240502087,21-May-2024,CUST32135,Pooja Dhawale,36,Nashik,Maharashtra,West,Grocery & Gourmet,Basmati Rice 5kg,GRO-BAS796,2,699,1398,No Coupon,0.00,0.05,1398.00,69.90,Wallet,Delivered,Mobile App,Sneha Kulkarni,Ecom Express,3,5,922.33,475.67,0.3403,100.00,1567.90
IN240502224,21-May-2024,CUST24914,Aadhya More,40,Guwahati,Assam,North East,Fashion,Handbag,FAS-HAN373,4,3299,13196,No Coupon,0.00,0.18,13196.00,2375.28,UPI,Delivered,Mobile App,Kavya Deshmukh,DTDC,1,4,9478.86,3717.14,0.2817,174.00,15745.28
IN240500887,22-May-2024,CUST97647,Deepak Kapoor,58,Pune,Maharashtra,West,Electronics,Tablet,ELE-TAB531,2,55699,111398,No Coupon,0.00,0.12,111398.00,13367.76,Credit Card,Delivered,Website,Priya Nair,Blue Dart,3,4,80511.19,30886.81,0.2773,143.00,124908.76
IN240502325,22-May-2024,CUST37481,Arjun Ghosh,57,Noida,Uttar Pradesh,North,Electronics,Keyboard,ELE-KEY738,2,751,1502,No Coupon,0.00,0.12,1502.00,180.24,Credit Card,Delivered,Mobile App,Anjali Joshi,Blue Dart,4,5,1206.29,295.71,0.1969,141.00,1823.24
IN240500498,23-May-2024,CUST27126,Aditya Gupta,31,Vijayawada,Andhra Pradesh,South,Mobiles & Accessories,Phone Cover,MOB-PHO869,2,631,1262,DIWALI20,252.40,0.18,1009.60,181.73,Debit Card,Delivered,Mobile App,Tanvi Jadhav,Ecom Express,2,3,963.42,46.18,0.0457,177.00,1368.33
IN240500886,23-May-2024,CUST29908,Siddharth Bhatia,57,Visakhapatnam,Andhra Pradesh,South,Books & Stationery,Pen Set,BOO-PEN471,1,179,179,No Coupon,0.00,0.05,179.00,8.95,Debit Card,Delivered,Website,Nikhil Bansal,India Post,1,4,135.89,43.11,0.2408,87.00,274.95
IN240502173,23-May-2024,CUST66488,Akshay Banerjee,46,Vadodara,Gujarat,West,Electronics,Tablet,ELE-TAB962,1,21499,21499,FESTIVE10,2149.90,0.18,19349.10,3482.84,UPI,Returned,Marketplace,Nikhil Bansal,India Post,5,5,17889.48,1459.62,0.0754,111.00,22942.94
IN240502458,23-May-2024,CUST25220,Kabir Pawar,39,Indore,Madhya Pradesh,Central,Home & Kitchen,Bedsheet Set,HOM-BED792,1,1899,1899,FREESHIP,0.00,0.18,1899.00,341.82,Credit Card,Delivered,Social Commerce,Neha Patel,Blue Dart,7,5,1360.10,538.90,0.2838,75.00,2315.82
IN240500153,24-May-2024,CUST41752,Komal Chatterjee,25,Chennai,Tamil Nadu,South,Home & Kitchen,Mixer Grinder,HOM-MIX682,1,2499,2499,No Coupon,0.00,0.12,2499.00,299.88,UPI,Delivered,Mobile App,Rohan Mehta,Ecom Express,6,5,1888.11,610.89,0.2445,84.00,2882.88
IN240500172,24-May-2024,CUST66756,Rohan Sharma,39,Chennai,Tamil Nadu,South,Electronics,Keyboard,ELE-KEY408,2,3599,7198,No Coupon,0.00,0.18,7198.00,1295.64,Wallet,Delivered,Social Commerce,Rohan Mehta,Ecom Express,6,4,5279.86,1918.14,0.2665,86.00,8579.64
IN240500432,24-May-2024,CUST91385,Swati Patel,51,Nagpur,Maharashtra,West,Grocery & Gourmet,Tea Pack,GRO-TEA167,1,537,537,MEGADEAL,96.66,0.05,440.34,22.02,UPI,Delivered,Website,Anjali Joshi,Ecom Express,2,3,362.39,77.95,0.1770,115.00,577.36
IN240501357,24-May-2024,CUST16062,Amit Verma,22,Thiruvananthapuram,Kerala,South,Sports & Fitness,Fitness Band,SPO-FIT324,1,4599,4599,No Coupon,0.00,0.12,4599.00,551.88,Net Banking,Delivered,Mobile App,Amit Sharma,Shadowfax,4,5,3491.42,1107.58,0.2408,133.00,5283.88
IN240500668,25-May-2024,CUST41701,Atharv Shinde,35,Jaipur,Rajasthan,North,Grocery & Gourmet,Spices Combo,GRO-SPI559,1,650,650,No Coupon,0.00,0.18,650.00,117.00,UPI,Delivered,Website,Kavya Deshmukh,Xpressbees,3,3,395.01,254.99,0.3923,112.00,879.00
IN240500883,25-May-2024,CUST85596,Vihaan Gaikwad,55,Nagpur,Maharashtra,West,Fashion,Jeans,FAS-JEA322,2,1199,2398,No Coupon,0.00,0.18,2398.00,431.64,Debit Card,Delivered,Mobile App,Manish Iyer,India Post,4,3,1554.92,843.08,0.3516,81.00,2910.64
IN240501698,25-May-2024,CUST36896,Amit Das,42,Mysuru,Karnataka,South,Home & Kitchen,Mixer Grinder,HOM-MIX419,1,6099,6099,WELCOME100,100.00,0.18,5999.00,1079.82,Wallet,Cancelled,Mobile App,Neha Patel,Delhivery,3,,4503.02,1495.98,0.2494,0.00,7078.82
IN240501702,25-May-2024,CUST53079,Rudra Das,43,Gurugram,Haryana,North,Home & Kitchen,Cookware Set,HOM-COO385,1,5499,5499,APPONLY,439.92,0.12,5059.08,607.09,UPI,Cancelled,Website,Isha Gupta,India Post,2,,4161.21,897.87,0.1775,0.00,5666.17
IN240501208,26-May-2024,CUST82399,Kiara Kulkarni,36,Surat,Gujarat,West,Books & Stationery,Pen Set,BOO-PEN958,2,228,456,No Coupon,0.00,0.18,456.00,82.08,UPI,Returned,Mobile App,Neha Patel,Ecom Express,4,4,321.61,134.39,0.2947,154.00,692.08
IN240502246,26-May-2024,CUST13153,Yash Malhotra,56,Pune,Maharashtra,West,Home & Kitchen,Air Fryer,HOM-AIR649,2,6599,13198,No Coupon,0.00,0.18,13198.00,2375.64,Credit Card,Delivered,Marketplace,Pooja Reddy,Ecom Express,1,5,8692.69,4505.31,0.3414,177.00,15750.64
IN240502182,27-May-2024,CUST31603,Kavya Malhotra,58,Kolkata,West Bengal,East,Mobiles & Accessories,Tempered Glass,MOB-TEM898,1,251,251,No Coupon,0.00,0.12,251.00,30.12,COD,Delivered,Marketplace,Anjali Joshi,Ecom Express,3,5,209.44,41.56,0.1656,147.00,428.12
IN240502413,27-May-2024,CUST58314,Siddharth Agarwal,47,Kochi,Kerala,South,Fashion,Men T-Shirt,FAS-MEN231,1,1599,1599,No Coupon,0.00,0.12,1599.00,191.88,COD,Delivered,Website,Nikhil Bansal,DTDC,3,4,1160.17,438.83,0.2744,84.00,1874.88
IN240501754,28-May-2024,CUST93089,Isha Saxena,40,Guwahati,Assam,North East,Beauty & Personal Care,Perfume,BEA-PER834,1,721,721,DIWALI20,144.20,0.18,576.80,103.82,Debit Card,Returned,Mobile App,Rahul Verma,Blue Dart,2,5,476.36,100.44,0.1741,147.00,827.62
IN240500692,29-May-2024,CUST62018,Rajesh More,26,Nashik,Maharashtra,West,Electronics,Tablet,ELE-TAB122,1,24499,24499,No Coupon,0.00,0.12,24499.00,2939.88,UPI,Delivered,Mobile App,Isha Gupta,India Post,1,5,19566.77,4932.23,0.2013,97.00,27535.88
IN240501080,31-May-2024,CUST54766,Nikhil Mishra,32,Kochi,Kerala,South,Home & Kitchen,Water Purifier,HOM-WAT386,1,15199,15199,FESTIVE10,1519.90,0.18,13679.10,2462.24,UPI,Delivered,Website,Vikram Singh,Xpressbees,4,4,8986.79,4692.31,0.3430,148.00,16289.34
IN240501087,31-May-2024,CUST61515,Bhavna Mishra,20,Bengaluru,Karnataka,South,Grocery & Gourmet,Coffee Pack,GRO-COF145,1,424,424,DIWALI20,84.80,0.12,339.20,40.70,UPI,Delivered,Mobile App,Sagar Pawar,Delhivery,5,5,266.93,72.27,0.2131,74.00,453.90
IN240501780,31-May-2024,CUST46568,Shruti Mehta,54,Bengaluru,Karnataka,South,Fashion,Jeans,FAS-JEA719,1,1399,1399,No Coupon,0.00,0.18,1399.00,251.82,Credit Card,Delivered,Website,Kavya Deshmukh,Blue Dart,3,5,921.25,477.75,0.3415,88.00,1738.82
IN240501803,31-May-2024,CUST19046,Ira Das,45,Nashik,Maharashtra,West,Grocery & Gourmet,Cold Pressed Oil,GRO-COL581,1,348,348,No Coupon,0.00,0.12,348.00,41.76,COD,Delivered,Website,Sneha Kulkarni,Shadowfax,3,2,251.94,96.06,0.2760,76.00,465.76
IN240600181,01-Jun-2024,CUST98707,Saanvi Joshi,39,Indore,Madhya Pradesh,Central,Books & Stationery,Notebook Pack,BOO-NOT524,1,440,440,PAYDAY15,66.00,0.12,374.00,44.88,UPI,Shipped,Website,Anjali Joshi,India Post,3,,293.18,80.82,0.2161,71.00,489.88
IN240600319,01-Jun-2024,CUST53314,Sagar More,33,Ranchi,Jharkhand,East,Grocery & Gourmet,Tea Pack,GRO-TEA274,2,220,440,No Coupon,0.00,0.12,440.00,52.80,UPI,Delivered,Marketplace,Swati Mishra,India Post,4,5,273.67,166.33,0.3780,143.00,635.80
IN240601192,01-Jun-2024,CUST24541,Sakshi Mishra,57,Bhopal,Madhya Pradesh,Central,Electronics,Wireless Mouse,ELE-WIR783,1,1899,1899,No Coupon,0.00,0.18,1899.00,341.82,Debit Card,Delivered,Mobile App,Rahul Verma,Blue Dart,5,4,1509.11,389.89,0.2053,123.00,2363.82
IN240601545,01-Jun-2024,CUST23178,Arjun Bhatia,29,Mysuru,Karnataka,South,Electronics,Wireless Mouse,ELE-WIR798,1,1899,1899,DIWALI20,379.80,0.18,1519.20,273.46,UPI,Delivered,Mobile App,Sneha Kulkarni,Xpressbees,7,5,1573.18,-53.98,-0.0355,102.00,1894.66
IN240602190,01-Jun-2024,CUST58679,Bhavna Tiwari,23,Chandigarh,Chandigarh,North,Electronics,Bluetooth Speaker,ELE-BLU363,1,1399,1399,PAYDAY15,209.85,0.18,1189.15,214.05,Wallet,Shipped,Mobile App,Neha Patel,Xpressbees,4,,1166.12,23.03,0.0194,64.00,1467.20
IN240600973,02-Jun-2024,CUST96408,Omkar Pillai,43,Lucknow,Uttar Pradesh,North,Books & Stationery,Kids Story Book,BOO-KID257,1,527,527,No Coupon,0.00,0.18,527.00,94.86,Debit Card,Delivered,Website,Swati Mishra,Shadowfax,2,5,399.87,127.13,0.2412,144.00,765.86
IN240601861,02-Jun-2024,CUST63217,Sai Dhawale,19,Bhubaneswar,Odisha,East,Fashion,Sneakers,FAS-SNE537,2,3599,7198,FREESHIP,0.00,0.18,7198.00,1295.64,UPI,Delivered,Website,Neha Patel,Shadowfax,6,5,4264.64,2933.36,0.4075,149.00,8642.64
IN240601927,02-Jun-2024,CUST23833,Ayaan Iyer,31,Visakhapatnam,Andhra Pradesh,South,Grocery & Gourmet,Dry Fruits Pack,GRO-DRY441,4,1399,5596,WELCOME100,100.00,0.05,5496.00,274.80,Debit Card,Delivered,Mobile App,Sneha Kulkarni,DTDC,3,3,3719.88,1776.12,0.3232,99.00,5869.80
IN240600381,03-Jun-2024,CUST77391,Amit Pillai,25,Chandigarh,Chandigarh,North,Electronics,Laptop,ELE-LAP811,1,43299,43299,No Coupon,0.00,0.18,43299.00,7793.82,Wallet,Delivered,Website,Neha Patel,Xpressbees,1,4,36921.63,6377.37,0.1473,62.00,51154.82
IN240601452,03-Jun-2024,CUST75942,Krishna Kadam,18,Hyderabad,Telangana,South,Mobiles & Accessories,Phone Cover,MOB-PHO872,5,754,3770,No Coupon,0.00,0.12,3770.00,452.40,Wallet,Delivered,Mobile App,Nikhil Bansal,India Post,2,5,3201.88,568.12,0.1507,140.00,4362.40
IN240601515,03-Jun-2024,CUST32319,Kavya Nair,56,Bengaluru,Karnataka,South,Beauty & Personal Care,Shampoo,BEA-SHA363,2,410,820,PAYDAY15,123.00,0.12,697.00,83.64,UPI,Returned,Mobile App,Kavya Deshmukh,Shadowfax,5,2,598.19,98.81,0.1418,157.00,937.64
IN240600549,04-Jun-2024,CUST74610,Swati Gaikwad,45,Vijayawada,Andhra Pradesh,South,Sports & Fitness,Running Shoes,SPO-RUN920,1,2399,2399,WELCOME100,100.00,0.18,2299.00,413.82,Debit Card,Delivered,Social Commerce,Deepak Yadav,Xpressbees,5,5,1657.23,641.77,0.2792,76.00,2788.82
IN240600859,04-Jun-2024,CUST68707,Rohan Das,31,Pune,Maharashtra,West,Fashion,Sneakers,FAS-SNE964,1,2099,2099,APPONLY,167.92,0.18,1931.08,347.59,UPI,Delivered,Mobile App,Kavya Deshmukh,Shadowfax,5,2,1454.13,476.95,0.2470,138.00,2416.67
IN240601021,04-Jun-2024,CUST19728,Harsh Agarwal,36,Indore,Madhya Pradesh,Central,Beauty & Personal Care,Perfume,BEA-PER616,1,345,345,No Coupon,0.00,0.18,345.00,62.10,COD,Delivered,Website,Pooja Reddy,DTDC,5,4,248.54,96.46,0.2796,146.00,553.10
IN240602012,04-Jun-2024,CUST24707,Nisha Pillai,47,Kochi,Kerala,South,Books & Stationery,Notebook Pack,BOO-NOT894,1,147,147,No Coupon,0.00,0.05,147.00,7.35,UPI,Delivered,Mobile App,Vikram Singh,Shadowfax,3,1,106.51,40.49,0.2754,64.00,218.35
IN240602273,04-Jun-2024,CUST73182,Arjun Tiwari,49,Mysuru,Karnataka,South,Beauty & Personal Care,Skin Cream,BEA-SKI853,1,615,615,No Coupon,0.00,0.12,615.00,73.80,Wallet,Returned,Marketplace,Vikram Singh,Shadowfax,3,1,363.92,251.08,0.4083,106.00,794.80
IN240601663,05-Jun-2024,CUST23526,Anika Yadav,25,Patna,Bihar,East,Grocery & Gourmet,Coffee Pack,GRO-COF651,3,731,2193,DIWALI20,438.60,0.12,1754.40,210.53,UPI,Delivered,Mobile App,Priya Nair,Xpressbees,3,5,1574.45,179.95,0.1026,71.00,2035.93
IN240601697,06-Jun-2024,CUST18817,Vivaan Shaikh,54,Bhubaneswar,Odisha,East,Mobiles & Accessories,Smartphone,MOB-SMA246,1,10399,10399,No Coupon,0.00,0.12,10399.00,1247.88,Credit Card,Delivered,Marketplace,Manish Iyer,Ecom Express,5,1,7802.65,2596.35,0.2497,158.00,11804.88
IN240602194,06-Jun-2024,CUST91628,Pooja Deshmukh,22,Indore,Madhya Pradesh,Central,Mobiles & Accessories,Smartphone,MOB-SMA455,1,30999,30999,No Coupon,0.00,0.18,30999.00,5579.82,Credit Card,Delivered,Marketplace,Sneha Kulkarni,Shadowfax,6,5,23741.43,7257.57,0.2341,129.00,36707.82
IN240601669,07-Jun-2024,CUST16746,Omkar Bansal,55,Nagpur,Maharashtra,West,Mobiles & Accessories,Phone Cover,MOB-PHO947,1,669,669,No Coupon,0.00,0.12,669.00,80.28,Debit Card,Delivered,Website,Kavya Deshmukh,Blue Dart,5,3,534.10,134.90,0.2016,141.00,890.28
IN240601182,08-Jun-2024,CUST33618,Isha Reddy,34,Nashik,Maharashtra,West,Sports & Fitness,Running Shoes,SPO-RUN387,1,5899,5899,APPONLY,471.92,0.12,5427.08,651.25,COD,Returned,Mobile App,Sagar Pawar,DTDC,4,3,4292.36,1134.72,0.2091,161.00,6239.33
IN240601742,08-Jun-2024,CUST69335,Ishaan Kulkarni,32,Ahmedabad,Gujarat,West,Mobiles & Accessories,Bluetooth Earbuds,MOB-BLU284,1,932,932,FESTIVE10,93.20,0.12,838.80,100.66,UPI,Delivered,Social Commerce,Manish Iyer,Xpressbees,2,3,770.79,68.01,0.0811,146.00,1085.46
IN240602199,08-Jun-2024,CUST66275,Suresh Kumar,49,Thiruvananthapuram,Kerala,South,Home & Kitchen,Water Purifier,HOM-WAT409,1,11099,11099,MEGADEAL,1997.82,0.12,9101.18,1092.14,Credit Card,Delivered,Social Commerce,Pooja Reddy,Shadowfax,4,5,6578.95,2522.23,0.2771,109.00,10302.32
IN240600096,09-Jun-2024,CUST38234,Rajesh Banerjee,37,Delhi,Delhi,North,Mobiles & Accessories,Bluetooth Earbuds,MOB-BLU484,2,4399,8798,No Coupon,0.00,0.12,8798.00,1055.76,UPI,Delivered,Website,Sagar Pawar,Delhivery,5,4,6537.12,2260.88,0.2570,99.00,9952.76
IN240600831,09-Jun-2024,CUST31998,Siddharth Shaikh,29,Guwahati,Assam,North East,Grocery & Gourmet,Cold Pressed Oil,GRO-COL318,3,449,1347,FESTIVE10,134.70,0.12,1212.30,145.48,Debit Card,Returned,Website,Manish Iyer,India Post,3,4,1040.13,172.17,0.1420,61.00,1418.78
IN240601287,09-Jun-2024,CUST13362,Krishna Reddy,39,Bhubaneswar,Odisha,East,Grocery & Gourmet,Dry Fruits Pack,GRO-DRY183,1,1699,1699,No Coupon,0.00,0.05,1699.00,84.95,Wallet,Shipped,Mobile App,Rahul Verma,DTDC,7,,1041.06,657.94,0.3873,92.00,1875.95
IN240601474,09-Jun-2024,CUST24906,Krishna Gaikwad,58,Visakhapatnam,Andhra Pradesh,South,Sports & Fitness,Fitness Band,SPO-FIT334,3,8999,26997,DIWALI20,5399.40,0.18,21597.60,3887.57,UPI,Delivered,Website,Swati Mishra,Delhivery,4,4,18360.34,3237.26,0.1499,180.00,25665.17
IN240602128,09-Jun-2024,CUST49015,Pranav Joshi,21,Chandigarh,Chandigarh,North,Beauty & Personal Care,Shampoo,BEA-SHA208,1,510,510,No Coupon,0.00,0.18,510.00,91.80,COD,Returned,Website,Deepak Yadav,Xpressbees,3,5,369.49,140.51,0.2755,152.00,753.80
IN240601849,10-Jun-2024,CUST55293,Nikhil Gaikwad,55,Chandigarh,Chandigarh,North,Electronics,Keyboard,ELE-KEY323,5,1599,7995,PAYDAY15,1199.25,0.18,6795.75,1223.23,COD,Delivered,Website,Manish Iyer,Delhivery,3,5,5838.13,957.62,0.1409,140.00,8158.98
IN240600707,11-Jun-2024,CUST59130,Prachi Pawar,21,Vijayawada,Andhra Pradesh,South,Mobiles & Accessories,Smartphone,MOB-SMA929,1,10499,10499,No Coupon,0.00,0.18,10499.00,1889.82,COD,Delivered,Website,Nikhil Bansal,Xpressbees,6,4,7722.67,2776.33,0.2644,133.00,12521.82
IN240601060,11-Jun-2024,CUST79108,Siddharth Khan,54,Ahmedabad,Gujarat,West,Grocery & Gourmet,Spices Combo,GRO-SPI419,3,682,2046,No Coupon,0.00,0.12,2046.00,245.52,Debit Card,Delivered,Mobile App,Isha Gupta,DTDC,2,5,1540.06,505.94,0.2473,119.00,2410.52
IN240602439,12-Jun-2024,CUST71177,Kiara Nair,30,Mysuru,Karnataka,South,Home & Kitchen,Bedsheet Set,HOM-BED919,1,946,946,No Coupon,0.00,0.12,946.00,113.52,Debit Card,Delivered,Website,Tanvi Jadhav,Blue Dart,5,4,579.64,366.36,0.3873,91.00,1150.52
IN240602495,12-Jun-2024,CUST65972,Sakshi Chatterjee,28,Lucknow,Uttar Pradesh,North,Fashion,Jeans,FAS-JEA397,5,3199,15995,PAYDAY15,2399.25,0.12,13595.75,1631.49,Debit Card,Delivered,Website,Tanvi Jadhav,DTDC,3,1,11989.48,1606.27,0.1181,172.00,15399.24
IN240600693,13-Jun-2024,CUST86578,Sakshi Joshi,46,Lucknow,Uttar Pradesh,North,Home & Kitchen,Cookware Set,HOM-COO653,1,3699,3699,No Coupon,0.00,0.18,3699.00,665.82,Debit Card,Delivered,Website,Deepak Yadav,DTDC,4,3,2170.46,1528.54,0.4132,139.00,4503.82
IN240600402,14-Jun-2024,CUST48043,Yash Das,41,Pune,Maharashtra,West,Books & Stationery,Kids Story Book,BOO-KID449,1,510,510,No Coupon,0.00,0.18,510.00,91.80,COD,Delivered,Mobile App,Rohan Mehta,Xpressbees,2,3,368.34,141.66,0.2778,164.00,765.80
IN240600860,14-Jun-2024,CUST95034,Aarav Sharma,38,Mysuru,Karnataka,South,Electronics,Laptop,ELE-LAP161,1,112999,112999,No Coupon,0.00,0.18,112999.00,20339.82,UPI,Delivered,Mobile App,Karan Malhotra,Shadowfax,5,4,90065.77,22933.23,0.2030,135.00,133473.82
IN240602106,14-Jun-2024,CUST28662,Akshay More,54,Hyderabad,Telangana,South,Grocery & Gourmet,Tea Pack,GRO-TEA900,2,479,958,MEGADEAL,172.44,0.18,785.56,141.40,Wallet,Delivered,Mobile App,Rahul Verma,Delhivery,4,4,681.49,104.07,0.1325,104.00,1030.96
IN240600504,15-Jun-2024,CUST74344,Manish Gupta,47,Vijayawada,Andhra Pradesh,South,Electronics,Laptop,ELE-LAP816,2,101499,202998,PAYDAY15,30449.70,0.12,172548.30,20705.80,Credit Card,Delivered,Marketplace,Isha Gupta,Blue Dart,4,2,173047.85,-499.55,-0.0029,175.00,193429.10
IN240601224,15-Jun-2024,CUST86526,Aditya Mehta,42,Bengaluru,Karnataka,South,Beauty & Personal Care,Face Wash,BEA-FAC793,2,596,1192,No Coupon,0.00,0.18,1192.00,214.56,Debit Card,Delivered,Mobile App,Karan Malhotra,Shadowfax,3,5,721.17,470.83,0.3950,91.00,1497.56
IN240602384,15-Jun-2024,CUST13632,Diya Kapoor,23,Gurugram,Haryana,North,Mobiles & Accessories,Phone Cover,MOB-PHO212,2,738,1476,FREESHIP,0.00,0.12,1476.00,177.12,COD,Delivered,Mobile App,Pooja Reddy,Ecom Express,6,1,1063.57,412.43,0.2794,60.00,1713.12
IN240602480,15-Jun-2024,CUST43825,Yash Jadhav,38,Surat,Gujarat,West,Books & Stationery,Office Diary,BOO-OFF640,2,706,1412,DIWALI20,282.40,0.12,1129.60,135.55,Debit Card,Delivered,Marketplace,Nikhil Bansal,Blue Dart,4,4,1051.64,77.96,0.0690,161.00,1426.15
IN240600160,16-Jun-2024,CUST38780,Deepak Bhatia,21,Surat,Gujarat,West,Home & Kitchen,Air Fryer,HOM-AIR945,1,4599,4599,No Coupon,0.00,0.12,4599.00,551.88,Credit Card,Returned,Website,Pooja Reddy,DTDC,2,5,2882.50,1716.50,0.3732,97.00,5247.88
IN240600546,17-Jun-2024,CUST90124,Rahul Saxena,22,Indore,Madhya Pradesh,Central,Mobiles & Accessories,Tempered Glass,MOB-TEM805,1,193,193,No Coupon,0.00,0.12,193.00,23.16,UPI,Delivered,Mobile App,Sagar Pawar,DTDC,3,5,145.67,47.33,0.2452,101.00,317.16
IN240601833,17-Jun-2024,CUST89214,Vikram Kapoor,52,Ludhiana,Punjab,North,Fashion,Men T-Shirt,FAS-MEN868,2,1099,2198,No Coupon,0.00,0.18,2198.00,395.64,Wallet,Returned,Marketplace,Nikhil Bansal,DTDC,4,3,1513.59,684.41,0.3114,85.00,2678.64
IN240601906,17-Jun-2024,CUST65332,Sakshi Mishra,22,Vadodara,Gujarat,West,Grocery & Gourmet,Tea Pack,GRO-TEA174,1,345,345,APPONLY,27.60,0.12,317.40,38.09,Wallet,Delivered,Website,Anjali Joshi,Ecom Express,3,3,245.61,71.79,0.2262,179.00,534.49
IN240602230,17-Jun-2024,CUST50754,Mansi Tiwari,37,Pune,Maharashtra,West,Electronics,Bluetooth Speaker,ELE-BLU349,2,7899,15798,APPONLY,1263.84,0.18,14534.16,2616.15,UPI,Delivered,Website,Karan Malhotra,Blue Dart,3,5,12236.45,2297.71,0.1581,109.00,17259.31
IN240602393,17-Jun-2024,CUST48613,Karan Singh,30,Ahmedabad,Gujarat,West,Books & Stationery,Office Diary,BOO-OFF882,2,352,704,No Coupon,0.00,0.12,704.00,84.48,UPI,Delivered,Social Commerce,Amit Sharma,India Post,1,4,535.24,168.76,0.2397,95.00,883.48
IN240601100,18-Jun-2024,CUST62658,Meera Kadam,55,Indore,Madhya Pradesh,Central,Grocery & Gourmet,Basmati Rice 5kg,GRO-BAS265,5,597,2985,APPONLY,238.80,0.18,2746.20,494.32,Wallet,Delivered,Marketplace,Isha Gupta,Xpressbees,4,3,2126.01,620.19,0.2258,81.00,3321.52
IN240601689,18-Jun-2024,CUST74611,Rahul Pillai,31,Hyderabad,Telangana,South,Home & Kitchen,Water Purifier,HOM-WAT450,1,23999,23999,No Coupon,0.00,0.18,23999.00,4319.82,Net Banking,Delivered,Social Commerce,Sagar Pawar,India Post,4,4,15902.07,8096.93,0.3374,163.00,28481.82
IN240601853,18-Jun-2024,CUST94246,Janhavi Joshi,33,Vadodara,Gujarat,West,Fashion,Saree,FAS-SAR744,1,2399,2399,No Coupon,0.00,0.12,2399.00,287.88,Net Banking,Delivered,Social Commerce,Sneha Kulkarni,Ecom Express,3,4,1569.73,829.27,0.3457,114.00,2800.88
IN240600310,19-Jun-2024,CUST10654,Meera Banerjee,46,Kolkata,West Bengal,East,Mobiles & Accessories,Phone Cover,MOB-PHO831,1,432,432,No Coupon,0.00,0.18,432.00,77.76,UPI,Delivered,Website,Manish Iyer,DTDC,8,5,358.64,73.36,0.1698,160.00,669.76
IN240600555,19-Jun-2024,CUST26461,Rajesh Ansari,50,Vijayawada,Andhra Pradesh,South,Mobiles & Accessories,Smart Watch,MOB-SMA114,1,16399,16399,APPONLY,1311.92,0.18,15087.08,2715.67,Debit Card,Cancelled,Marketplace,Amit Sharma,Blue Dart,5,,11864.04,3223.04,0.2136,0.00,17802.75
IN240601166,19-Jun-2024,CUST81075,Nikhil Deshmukh,50,Guwahati,Assam,North East,Electronics,Keyboard,ELE-KEY838,1,2099,2099,MEGADEAL,377.82,0.12,1721.18,206.54,UPI,Delivered,Mobile App,Nikhil Bansal,Blue Dart,6,4,1546.47,174.71,0.1015,110.00,2037.72
IN240600037,20-Jun-2024,CUST15408,Sakshi Mehta,25,Guwahati,Assam,North East,Books & Stationery,Exam Prep Book,BOO-EXA621,1,586,586,No Coupon,0.00,0.12,586.00,70.32,UPI,Returned,Marketplace,Swati Mishra,Ecom Express,5,3,401.49,184.51,0.3149,143.00,799.32
IN240600725,20-Jun-2024,CUST15437,Amit Reddy,54,Mumbai,Maharashtra,West,Books & Stationery,Office Diary,BOO-OFF949,1,372,372,FESTIVE10,37.20,0.05,334.80,16.74,Net Banking,Returned,Website,Deepak Yadav,Shadowfax,4,4,285.18,49.62,0.1482,139.00,490.54
IN240600798,20-Jun-2024,CUST61726,Kabir Sharma,38,Bhubaneswar,Odisha,East,Home & Kitchen,Pressure Cooker,HOM-PRE232,2,2799,5598,No Coupon,0.00,0.18,5598.00,1007.64,UPI,Delivered,Mobile App,Karan Malhotra,Xpressbees,3,1,3670.24,1927.76,0.3444,162.00,6767.64
IN240600551,21-Jun-2024,CUST97077,Shaurya Iyer,47,Mysuru,Karnataka,South,Mobiles & Accessories,Tempered Glass,MOB-TEM514,5,543,2715,PAYDAY15,407.25,0.18,2307.75,415.39,Credit Card,Shipped,Website,Karan Malhotra,Blue Dart,5,,2205.73,102.02,0.0442,91.00,2814.14
IN240602094,21-Jun-2024,CUST34161,Arjun More,31,Jaipur,Rajasthan,North,Electronics,Bluetooth Speaker,ELE-BLU265,1,6199,6199,No Coupon,0.00,0.18,6199.00,1115.82,Wallet,Delivered,Mobile App,Rohan Mehta,India Post,3,3,4862.26,1336.74,0.2156,172.00,7486.82
IN240600769,22-Jun-2024,CUST40679,Diya Saxena,56,Visakhapatnam,Andhra Pradesh,South,Electronics,Laptop,ELE-LAP154,1,54299,54299,PAYDAY15,8144.85,0.18,46154.15,8307.75,Debit Card,Cancelled,Website,Nikhil Bansal,Xpressbees,4,,40899.09,5255.06,0.1139,0.00,54461.90
IN240600967,23-Jun-2024,CUST85988,Kiara Bhatia,24,Bhubaneswar,Odisha,East,Books & Stationery,Pen Set,BOO-PEN519,1,362,362,APPONLY,28.96,0.18,333.04,59.95,Net Banking,Delivered,Mobile App,Rohan Mehta,Ecom Express,1,4,247.09,85.95,0.2581,173.00,565.99
IN240601449,23-Jun-2024,CUST74120,Kabir Chauhan,46,Pune,Maharashtra,West,Books & Stationery,Notebook Pack,BOO-NOT441,1,396,396,No Coupon,0.00,0.12,396.00,47.52,Credit Card,Delivered,Mobile App,Swati Mishra,Blue Dart,4,5,250.48,145.52,0.3675,132.00,575.52
IN240601195,25-Jun-2024,CUST34101,Reyansh Bhatia,37,Vijayawada,Andhra Pradesh,South,Electronics,Wireless Mouse,ELE-WIR468,1,1199,1199,No Coupon,0.00,0.18,1199.00,215.82,Debit Card,Delivered,Website,Anjali Joshi,Ecom Express,2,2,955.14,243.86,0.2034,160.00,1574.82
IN240602103,25-Jun-2024,CUST72406,Aditya Ghosh,54,Nagpur,Maharashtra,West,Mobiles & Accessories,Smartphone,MOB-SMA913,1,27299,27299,FREESHIP,0.00,0.12,27299.00,3275.88,Debit Card,Returned,Mobile App,Sagar Pawar,Xpressbees,2,4,21556.92,5742.08,0.2103,105.00,30679.88
IN240602171,25-Jun-2024,CUST19902,Isha Shinde,18,Guwahati,Assam,North East,Electronics,Wireless Mouse,ELE-WIR116,1,1599,1599,FESTIVE10,159.90,0.12,1439.10,172.69,Credit Card,Delivered,Mobile App,Nikhil Bansal,Delhivery,6,5,1364.52,74.58,0.0518,115.00,1726.79
IN240600347,26-Jun-2024,CUST42790,Myra Rathod,31,Hyderabad,Telangana,South,Electronics,Laptop,ELE-LAP343,1,61099,61099,No Coupon,0.00,0.18,61099.00,10997.82,UPI,Delivered,Mobile App,Karan Malhotra,Delhivery,3,5,48107.50,12991.50,0.2126,125.00,72221.82
IN240600524,26-Jun-2024,CUST44767,Karan Yadav,34,Mumbai,Maharashtra,West,Mobiles & Accessories,Bluetooth Earbuds,MOB-BLU497,2,2999,5998,No Coupon,0.00,0.12,5998.00,719.76,Wallet,Delivered,Website,Kavya Deshmukh,Ecom Express,6,4,4716.57,1281.43,0.2136,132.00,6849.76
IN240600673,26-Jun-2024,CUST29381,Krishna Bansal,51,Nashik,Maharashtra,West,Beauty & Personal Care,Trimmer,BEA-TRI774,4,2699,10796,No Coupon,0.00,0.12,10796.00,1295.52,Debit Card,Shipped,Marketplace,Anjali Joshi,Blue Dart,4,,6877.13,3918.87,0.3630,114.00,12205.52
IN240600800,26-Jun-2024,CUST40708,Bhavna Joshi,38,Bhopal,Madhya Pradesh,Central,Fashion,Jeans,FAS-JEA606,1,2699,2699,MEGADEAL,485.82,0.18,2213.18,398.37,UPI,Delivered,Mobile App,Amit Sharma,Shadowfax,5,4,1707.97,505.21,0.2283,150.00,2761.55
IN240602315,26-Jun-2024,CUST34596,Swati Patel,30,Hyderabad,Telangana,South,Mobiles & Accessories,Bluetooth Earbuds,MOB-BLU911,2,3099,6198,No Coupon,0.00,0.18,6198.00,1115.64,Debit Card,Returned,Mobile App,Manish Iyer,India Post,3,5,4969.90,1228.10,0.1981,68.00,7381.64
IN240601521,27-Jun-2024,CUST30245,Pranav Pawar,21,Guwahati,Assam,North East,Home & Kitchen,Cookware Set,HOM-COO769,2,4299,8598,APPONLY,687.84,0.12,7910.16,949.22,Wallet,Delivered,Mobile App,Sneha Kulkarni,Xpressbees,2,4,6171.19,1738.97,0.2198,65.00,8924.38
IN240602396,27-Jun-2024,CUST46654,Sneha Tiwari,37,Vijayawada,Andhra Pradesh,South,Mobiles & Accessories,Power Bank,MOB-POW659,5,1799,8995,No Coupon,0.00,0.12,8995.00,1079.40,UPI,Delivered,Mobile App,Sagar Pawar,DTDC,2,4,6750.60,2244.40,0.2495,101.00,10175.40
IN240600118,28-Jun-2024,CUST50477,Amit Kulkarni,46,Ahmedabad,Gujarat,West,Fashion,Handbag,FAS-HAN132,1,3999,3999,No Coupon,0.00,0.12,3999.00,479.88,UPI,Shipped,Website,Rohan Mehta,Delhivery,5,,2441.01,1557.99,0.3896,158.00,4636.88
IN240600670,28-Jun-2024,CUST69196,Omkar Saxena,56,Patna,Bihar,East,Mobiles & Accessories,Tempered Glass,MOB-TEM231,1,296,296,WELCOME100,59.20,0.12,236.80,28.42,Wallet,Delivered,Website,Neha Patel,Delhivery,3,4,224.93,11.87,0.0501,117.00,382.22
IN240601947,28-Jun-2024,CUST46057,Amit Reddy,54,Nashik,Maharashtra,West,Grocery & Gourmet,Spices Combo,GRO-SPI700,1,401,401,WELCOME100,80.20,0.05,320.80,16.04,COD,Delivered,Mobile App,Vikram Singh,DTDC,1,3,290.02,30.78,0.0959,141.00,477.84
IN240600663,29-Jun-2024,CUST90129,Sai Tiwari,58,Nagpur,Maharashtra,West,Grocery & Gourmet,Dry Fruits Pack,GRO-DRY659,1,1399,1399,NEWYEAR10,139.90,0.05,1259.10,62.95,Net Banking,Delivered,Social Commerce,Nikhil Bansal,Shadowfax,4,4,930.62,328.48,0.2609,72.00,1394.05
IN240600745,29-Jun-2024,CUST83447,Payal Deshmukh,32,Patna,Bihar,East,Books & Stationery,Pen Set,BOO-PEN459,2,145,290,No Coupon,0.00,0.05,290.00,14.50,Debit Card,Returned,Website,Manish Iyer,India Post,1,3,170.70,119.30,0.4114,153.00,457.50
IN240601936,29-Jun-2024,CUST12578,Aditya Pawar,53,Pune,Maharashtra,West,Home & Kitchen,Air Fryer,HOM-AIR979,1,10999,10999,No Coupon,0.00,0.18,10999.00,1979.82,Debit Card,Cancelled,Social Commerce,Tanvi Jadhav,DTDC,4,,6997.79,4001.21,0.3638,0.00,12978.82
IN240601966,29-Jun-2024,CUST15225,Rudra Rathod,53,Ranchi,Jharkhand,East,Sports & Fitness,Dumbbell Set,SPO-DUM654,1,801,801,No Coupon,0.00,0.18,801.00,144.18,Credit Card,Shipped,Website,Sneha Kulkarni,Blue Dart,4,,608.88,192.12,0.2399,101.00,1046.18
IN240601733,30-Jun-2024,CUST89097,Deepak Mehta,18,Ranchi,Jharkhand,East,Home & Kitchen,Air Fryer,HOM-AIR592,2,5599,11198,PAYDAY15,1679.70,0.12,9518.30,1142.20,Wallet,Delivered,Website,Karan Malhotra,Blue Dart,2,5,8516.82,1001.48,0.1052,165.00,10825.50
IN240602386,30-Jun-2024,CUST91813,Nikhil Mehta,32,Mumbai,Maharashtra,West,Fashion,Women Kurti,FAS-WOM197,1,2999,2999,No Coupon,0.00,0.18,2999.00,539.82,UPI,Returned,Marketplace,Nikhil Bansal,Blue Dart,5,4,1859.05,1139.95,0.3801,115.00,3653.82
IN240700187,01-Jul-2024,CUST21830,Vivaan Qureshi,24,Indore,Madhya Pradesh,Central,Electronics,Bluetooth Speaker,ELE-BLU856,1,1699,1699,MEGADEAL,305.82,0.18,1393.18,250.77,Credit Card,Delivered,Marketplace,Neha Patel,Ecom Express,4,4,1368.42,24.76,0.0178,85.00,1728.95
IN240700312,01-Jul-2024,CUST95063,Shaurya Das,36,Mumbai,Maharashtra,West,Sports & Fitness,Running Shoes,SPO-RUN228,1,1699,1699,FREESHIP,0.00,0.12,1699.00,203.88,UPI,Delivered,Mobile App,Neha Patel,Ecom Express,3,5,1190.09,508.91,0.2995,137.00,2039.88
IN240700492,01-Jul-2024,CUST94208,Shaurya Sharma,35,Delhi,Delhi,North,Grocery & Gourmet,Cold Pressed Oil,GRO-COL174,1,285,285,No Coupon,0.00,0.05,285.00,14.25,Net Banking,Delivered,Mobile App,Nikhil Bansal,Xpressbees,8,5,170.05,114.95,0.4033,133.00,432.25
IN240700689,01-Jul-2024,CUST21775,Meera Jadhav,19,Visakhapatnam,Andhra Pradesh,South,Home & Kitchen,Bedsheet Set,HOM-BED586,1,1199,1199,No Coupon,0.00,0.18,1199.00,215.82,Net Banking,Shipped,Website,Sagar Pawar,DTDC,5,,820.73,378.27,0.3155,118.00,1532.82
IN240701044,01-Jul-2024,CUST82325,Vikram Chauhan,41,Vadodara,Gujarat,West,Books & Stationery,Office Diary,BOO-OFF773,1,448,448,PAYDAY15,67.20,0.12,380.80,45.70,UPI,Delivered,Marketplace,Tanvi Jadhav,Blue Dart,7,3,285.35,95.45,0.2507,171.00,597.50
IN240702085,01-Jul-2024,CUST89021,Saanvi Agarwal,55,Guwahati,Assam,North East,Grocery & Gourmet,Tea Pack,GRO-TEA669,4,621,2484,No Coupon,0.00,0.18,2484.00,447.12,UPI,Delivered,Website,Amit Sharma,Blue Dart,3,4,1571.65,912.35,0.3673,123.00,3054.12
IN240702147,01-Jul-2024,CUST33877,Nikhil Sharma,26,Coimbatore,Tamil Nadu,South,Grocery & Gourmet,Coffee Pack,GRO-COF895,3,681,2043,No Coupon,0.00,0.12,2043.00,245.16,UPI,Delivered,Mobile App,Pooja Reddy,Ecom Express,2,4,1330.74,712.26,0.3486,123.00,2411.16
IN240700609,02-Jul-2024,CUST85534,Janhavi Ansari,58,Coimbatore,Tamil Nadu,South,Mobiles & Accessories,Smartphone,MOB-SMA496,3,31099,93297,No Coupon,0.00,0.18,93297.00,16793.46,Debit Card,Shipped,Mobile App,Deepak Yadav,Ecom Express,2,,73886.93,19410.07,0.2080,63.00,110153.46
IN240700814,02-Jul-2024,CUST43091,Nikhil Joshi,36,Mysuru,Karnataka,South,Home & Kitchen,Mixer Grinder,HOM-MIX566,1,3799,3799,PAYDAY15,569.85,0.12,3229.15,387.50,Debit Card,Delivered,Marketplace,Amit Sharma,Xpressbees,4,1,2230.14,999.01,0.3094,71.00,3687.65
IN240701146,02-Jul-2024,CUST63221,Vikram Mishra,33,Vijayawada,Andhra Pradesh,South,Home & Kitchen,Water Purifier,HOM-WAT693,1,10799,10799,No Coupon,0.00,0.12,10799.00,1295.88,Wallet,Delivered,Website,Karan Malhotra,Shadowfax,2,5,6425.61,4373.39,0.4050,159.00,12253.88
IN240701944,02-Jul-2024,CUST96263,Vivaan Deshmukh,30,Gurugram,Haryana,North,Fashion,Handbag,FAS-HAN255,1,1199,1199,PAYDAY15,179.85,0.12,1019.15,122.30,UPI,Shipped,Mobile App,Neha Patel,Ecom Express,5,,714.39,304.76,0.2990,122.00,1263.45
IN240700403,03-Jul-2024,CUST73162,Mansi Bansal,36,Bhubaneswar,Odisha,East,Grocery & Gourmet,Basmati Rice 5kg,GRO-BAS182,4,986,3944,No Coupon,0.00,0.05,3944.00,197.20,Net Banking,Delivered,Social Commerce,Tanvi Jadhav,Shadowfax,3,4,3026.88,917.12,0.2325,147.00,4288.20
IN240700758,04-Jul-2024,CUST26932,Akshay Ansari,50,Hyderabad,Telangana,South,Fashion,Women Kurti,FAS-WOM701,1,2299,2299,No Coupon,0.00,0.12,2299.00,275.88,Wallet,Delivered,Website,Tanvi Jadhav,Blue Dart,5,4,1771.34,527.66,0.2295,145.00,2719.88
IN240701126,04-Jul-2024,CUST82298,Aarti Khan,36,Guwahati,Assam,North East,Home & Kitchen,Mixer Grinder,HOM-MIX697,1,3599,3599,WELCOME100,100.00,0.18,3499.00,629.82,COD,Delivered,Website,Rohan Mehta,Ecom Express,4,5,2194.14,1304.86,0.3729,163.00,4291.82
IN240701130,04-Jul-2024,CUST77592,Siddharth Dhawale,36,Visakhapatnam,Andhra Pradesh,South,Mobiles & Accessories,Phone Cover,MOB-PHO174,4,834,3336,No Coupon,0.00,0.12,3336.00,400.32,COD,Returned,Social Commerce,Tanvi Jadhav,Blue Dart,5,5,2560.72,775.28,0.2324,104.00,3840.32
IN240701173,04-Jul-2024,CUST82209,Ishaan Mishra,40,Delhi,Delhi,North,Electronics,LED TV,ELE-LED234,1,55199,55199,No Coupon,0.00,0.12,55199.00,6623.88,Credit Card,Delivered,Mobile App,Sneha Kulkarni,India Post,2,4,40751.27,14447.73,0.2617,85.00,61907.88
IN240701291,04-Jul-2024,CUST12544,Diya Tiwari,54,Bhopal,Madhya Pradesh,Central,Mobiles & Accessories,Bluetooth Earbuds,MOB-BLU269,1,8699,8699,No Coupon,0.00,0.12,8699.00,1043.88,UPI,Delivered,Mobile App,Rahul Verma,Ecom Express,4,5,6996.22,1702.78,0.1957,97.00,9839.88
IN240701502,04-Jul-2024,CUST36382,Sneha Tiwari,31,Nashik,Maharashtra,West,Home & Kitchen,Water Purifier,HOM-WAT111,1,10299,10299,No Coupon,0.00,0.18,10299.00,1853.82,Debit Card,Delivered,Mobile App,Vikram Singh,Shadowfax,2,5,6031.87,4267.13,0.4143,132.00,12284.82
IN240702052,04-Jul-2024,CUST66177,Anaya Malhotra,57,Chandigarh,Chandigarh,North,Fashion,Handbag,FAS-HAN793,1,1899,1899,No Coupon,0.00,0.18,1899.00,341.82,Debit Card,Delivered,Mobile App,Swati Mishra,Ecom Express,4,5,1359.03,539.97,0.2843,146.00,2386.82
IN240702473,04-Jul-2024,CUST31388,Rutuja More,18,Thiruvananthapuram,Kerala,South,Electronics,Laptop,ELE-LAP770,3,50599,151797,WELCOME100,100.00,0.12,151697.00,18203.64,Credit Card,Returned,Website,Deepak Yadav,Blue Dart,1,4,123304.09,28392.91,0.1872,172.00,170072.64
IN240702307,05-Jul-2024,CUST26794,Aarti Singh,20,Bhopal,Madhya Pradesh,Central,Fashion,Handbag,FAS-HAN355,2,2599,5198,No Coupon,0.00,0.12,5198.00,623.76,UPI,Shipped,Social Commerce,Pooja Reddy,Shadowfax,3,,3752.22,1445.78,0.2781,159.00,5980.76
IN240701366,06-Jul-2024,CUST57810,Aditya Khan,42,Patna,Bihar,East,Sports & Fitness,Yoga Mat,SPO-YOG406,1,1299,1299,APPONLY,103.92,0.18,1195.08,215.11,UPI,Delivered,Mobile App,Amit Sharma,Shadowfax,4,3,783.14,411.94,0.3447,93.00,1503.19
IN240701837,06-Jul-2024,CUST95892,Omkar Saxena,54,Chandigarh,Chandigarh,North,Beauty & Personal Care,Skin Cream,BEA-SKI868,2,738,1476,No Coupon,0.00,0.18,1476.00,265.68,UPI,Shipped,Mobile App,Rahul Verma,Shadowfax,3,,1037.52,438.48,0.2971,148.00,1889.68
IN240700227,07-Jul-2024,CUST60103,Aditya Mishra,50,Nashik,Maharashtra,West,Fashion,Sneakers,FAS-SNE678,1,5899,5899,MEGADEAL,1061.82,0.12,4837.18,580.46,UPI,Delivered,Mobile App,Manish Iyer,Shadowfax,3,5,3777.59,1059.59,0.2191,132.00,5549.64
IN240700487,07-Jul-2024,CUST99194,Karan Rathod,49,Hyderabad,Telangana,South,Sports & Fitness,Yoga Mat,SPO-YOG657,1,1699,1699,FESTIVE10,169.90,0.12,1529.10,183.49,Debit Card,Delivered,Mobile App,Isha Gupta,Shadowfax,7,5,1012.85,516.25,0.3376,64.00,1776.59
IN240701018,07-Jul-2024,CUST57932,Mansi Bhatia,40,Jaipur,Rajasthan,North,Mobiles & Accessories,Smartphone,MOB-SMA219,1,16799,16799,No Coupon,0.00,0.12,16799.00,2015.88,UPI,Delivered,Mobile App,Swati Mishra,Xpressbees,2,4,14297.17,2501.83,0.1489,136.00,18950.88
IN240701319,07-Jul-2024,CUST59049,Prachi Bansal,19,Lucknow,Uttar Pradesh,North,Electronics,Bluetooth Speaker,ELE-BLU353,1,10199,10199,No Coupon,0.00,0.12,10199.00,1223.88,UPI,Delivered,Website,Neha Patel,Shadowfax,5,4,7824.32,2374.68,0.2328,129.00,11551.88
IN240702496,07-Jul-2024,CUST28729,Anaya Agarwal,37,Ahmedabad,Gujarat,West,Fashion,Saree,FAS-SAR617,1,3199,3199,No Coupon,0.00,0.18,3199.00,575.82,Credit Card,Delivered,Mobile App,Pooja Reddy,Blue Dart,5,2,2285.83,913.17,0.2855,72.00,3846.82
IN240700333,08-Jul-2024,CUST82647,Pranav Deshmukh,32,Jaipur,Rajasthan,North,Books & Stationery,Pen Set,BOO-PEN362,1,293,293,No Coupon,0.00,0.05,293.00,14.65,COD,Shipped,Mobile App,Rohan Mehta,Delhivery,4,,227.22,65.78,0.2245,135.00,442.65
IN240701589,08-Jul-2024,CUST53604,Pranav Ansari,43,Patna,Bihar,East,Grocery & Gourmet,Coffee Pack,GRO-COF486,1,380,380,FREESHIP,0.00,0.12,380.00,45.60,Debit Card,Delivered,Mobile App,Rahul Verma,India Post,3,5,240.38,139.62,0.3674,169.00,594.60
IN240700623,09-Jul-2024,CUST34792,Sakshi Ansari,28,Noida,Uttar Pradesh,North,Books & Stationery,Exam Prep Book,BOO-EXA810,1,687,687,DIWALI20,137.40,0.05,549.60,27.48,UPI,Cancelled,Mobile App,Tanvi Jadhav,Xpressbees,3,,437.76,111.84,0.2035,0.00,577.08
IN240701074,09-Jul-2024,CUST83402,Akshay Kadam,52,Patna,Bihar,East,Grocery & Gourmet,Spices Combo,GRO-SPI164,1,618,618,PAYDAY15,92.70,0.12,525.30,63.04,COD,Delivered,Website,Pooja Reddy,Xpressbees,5,5,443.76,81.54,0.1552,146.00,734.34
IN240701181,09-Jul-2024,CUST37666,Amit Saxena,32,Coimbatore,Tamil Nadu,South,Beauty & Personal Care,Face Wash,BEA-FAC269,1,457,457,No Coupon,0.00,0.18,457.00,82.26,Credit Card,Delivered,Social Commerce,Swati Mishra,India Post,4,1,310.47,146.53,0.3206,165.00,704.26
IN240702145,09-Jul-2024,CUST51605,Rahul Gaikwad,18,Gurugram,Haryana,North,Electronics,Bluetooth Speaker,ELE-BLU301,1,10199,10199,No Coupon,0.00,0.12,10199.00,1223.88,Wallet,Returned,Mobile App,Amit Sharma,Blue Dart,6,4,8020.97,2178.03,0.2136,111.00,11533.88
IN240702350,09-Jul-2024,CUST75858,Priya Gaikwad,37,Bhopal,Madhya Pradesh,Central,Grocery & Gourmet,Tea Pack,GRO-TEA552,2,402,804,No Coupon,0.00,0.12,804.00,96.48,UPI,Returned,Website,Deepak Yadav,Ecom Express,3,5,490.22,313.78,0.3903,138.00,1038.48
IN240700095,10-Jul-2024,CUST70289,Sai Gupta,49,Chandigarh,Chandigarh,North,Books & Stationery,Kids Story Book,BOO-KID259,4,214,856,FESTIVE10,85.60,0.05,770.40,38.52,COD,Returned,Website,Sagar Pawar,Blue Dart,3,4,526.76,243.64,0.3163,87.00,895.92
IN240700779,10-Jul-2024,CUST69437,Akshay Shaikh,25,Mysuru,Karnataka,South,Electronics,Bluetooth Speaker,ELE-BLU688,1,4799,4799,NEWYEAR10,479.90,0.18,4319.10,777.44,UPI,Returned,Marketplace,Pooja Reddy,Shadowfax,4,5,3846.69,472.41,0.1094,61.00,5157.54
IN240701974,10-Jul-2024,CUST12741,Kavya Shaikh,34,Chandigarh,Chandigarh,North,Mobiles & Accessories,Tempered Glass,MOB-TEM250,1,355,355,No Coupon,0.00,0.18,355.00,63.90,Credit Card,Delivered,Social Commerce,Priya Nair,Blue Dart,2,5,281.16,73.84,0.2080,70.00,488.90
IN240700361,11-Jul-2024,CUST76689,Reyansh Pawar,53,Coimbatore,Tamil Nadu,South,Grocery & Gourmet,Tea Pack,GRO-TEA471,1,276,276,DIWALI20,55.20,0.12,220.80,26.50,UPI,Delivered,Social Commerce,Sagar Pawar,India Post,3,4,192.51,28.29,0.1281,159.00,406.30
IN240702024,11-Jul-2024,CUST36661,Mansi Kadam,52,Thiruvananthapuram,Kerala,South,Grocery & Gourmet,Spices Combo,GRO-SPI912,1,531,531,WELCOME100,100.00,0.12,431.00,51.72,COD,Delivered,Marketplace,Sneha Kulkarni,Ecom Express,3,3,386.92,44.08,0.1023,60.00,542.72
IN240702153,11-Jul-2024,CUST45982,Atharv Singh,41,Delhi,Delhi,North,Fashion,Women Kurti,FAS-WOM965,2,1299,2598,No Coupon,0.00,0.12,2598.00,311.76,Wallet,Delivered,Mobile App,Neha Patel,DTDC,3,4,1903.85,694.15,0.2672,73.00,2982.76
IN240700667,12-Jul-2024,CUST99918,Nisha Patel,27,Jaipur,Rajasthan,North,Mobiles & Accessories,Smartphone,MOB-SMA629,2,22299,44598,WELCOME100,100.00,0.18,44498.00,8009.64,Debit Card,Delivered,Website,Sneha Kulkarni,Ecom Express,4,4,35300.39,9197.61,0.2067,132.00,52639.64
IN240701029,12-Jul-2024,CUST39515,Yash Kumar,34,Pune,Maharashtra,West,Electronics,LED TV,ELE-LED192,5,28499,142495,No Coupon,0.00,0.18,142495.00,25649.10,UPI,Delivered,Mobile App,Rahul Verma,Ecom Express,3,5,113844.80,28650.20,0.2011,111.00,168255.10
IN240701047,12-Jul-2024,CUST50937,Prachi Nair,24,Coimbatore,Tamil Nadu,South,Electronics,Wireless Mouse,ELE-WIR220,1,1899,1899,No Coupon,0.00,0.12,1899.00,227.88,UPI,Delivered,Website,Anjali Joshi,Blue Dart,3,3,1602.46,296.54,0.1562,104.00,2230.88
IN240701482,12-Jul-2024,CUST67119,Janhavi Tiwari,37,Patna,Bihar,East,Sports & Fitness,Fitness Band,SPO-FIT786,2,5899,11798,No Coupon,0.00,0.12,11798.00,1415.76,Wallet,Shipped,Mobile App,Swati Mishra,Xpressbees,7,,7243.19,4554.81,0.3861,86.00,13299.76
IN240701878,12-Jul-2024,CUST54019,Prachi Mehta,27,Mysuru,Karnataka,South,Mobiles & Accessories,Bluetooth Earbuds,MOB-BLU497,3,2899,8697,No Coupon,0.00,0.12,8697.00,1043.64,COD,Delivered,Marketplace,Kavya Deshmukh,Shadowfax,3,4,6693.16,2003.84,0.2304,158.00,9898.64
IN240702227,12-Jul-2024,CUST39805,Rohan Bansal,22,Delhi,Delhi,North,Beauty & Personal Care,Hair Oil,BEA-HAI211,1,159,159,No Coupon,0.00,0.12,159.00,19.08,COD,Delivered,Mobile App,Manish Iyer,Delhivery,2,4,105.46,53.54,0.3367,159.00,337.08
IN240700267,13-Jul-2024,CUST71144,Vikram Khan,49,Guwahati,Assam,North East,Home & Kitchen,Pressure Cooker,HOM-PRE756,1,2499,2499,PAYDAY15,374.85,0.18,2124.15,382.35,UPI,Delivered,Website,Rahul Verma,Delhivery,4,4,1655.61,468.54,0.2206,134.00,2640.50
IN240700577,13-Jul-2024,CUST52675,Neha Chatterjee,33,Bhubaneswar,Odisha,East,Books & Stationery,Notebook Pack,BOO-NOT955,1,138,138,FREESHIP,0.00,0.18,138.00,24.84,UPI,Delivered,Website,Amit Sharma,India Post,7,5,83.83,54.17,0.3925,68.00,230.84
IN240700036,14-Jul-2024,CUST56373,Reyansh Ghosh,33,Visakhapatnam,Andhra Pradesh,South,Fashion,Jeans,FAS-JEA374,2,1799,3598,PAYDAY15,539.70,0.12,3058.30,367.00,Credit Card,Delivered,Mobile App,Rohan Mehta,Blue Dart,4,3,2372.73,685.57,0.2242,180.00,3605.30
IN240700102,14-Jul-2024,CUST62890,Tanvi Pillai,43,Gurugram,Haryana,North,Grocery & Gourmet,Basmati Rice 5kg,GRO-BAS212,1,806,806,No Coupon,0.00,0.18,806.00,145.08,Credit Card,Delivered,Marketplace,Rohan Mehta,Ecom Express,2,4,575.31,230.69,0.2862,116.00,1067.08
IN240702428,14-Jul-2024,CUST77430,Ayaan Agarwal,56,Mysuru,Karnataka,South,Fashion,Jeans,FAS-JEA110,1,2099,2099,MEGADEAL,377.82,0.18,1721.18,309.81,UPI,Delivered,Website,Vikram Singh,Blue Dart,3,3,1451.18,270.00,0.1569,119.00,2149.99
IN240701636,15-Jul-2024,CUST51641,Siddharth Shaikh,46,Ranchi,Jharkhand,East,Electronics,Keyboard,ELE-KEY515,4,2899,11596,No Coupon,0.00,0.12,11596.00,1391.52,COD,Delivered,Website,Isha Gupta,Blue Dart,2,5,9056.23,2539.77,0.2190,74.00,13061.52
IN240701970,16-Jul-2024,CUST90891,Yash Bansal,57,Bhopal,Madhya Pradesh,Central,Books & Stationery,Notebook Pack,BOO-NOT992,2,329,658,No Coupon,0.00,0.05,658.00,32.90,Debit Card,Delivered,Website,Rohan Mehta,Xpressbees,1,2,398.38,259.62,0.3946,87.00,777.90
IN240701108,17-Jul-2024,CUST83487,Rudra Nair,37,Coimbatore,Tamil Nadu,South,Books & Stationery,Notebook Pack,BOO-NOT964,1,336,336,PAYDAY15,50.40,0.18,285.60,51.41,UPI,Delivered,Mobile App,Rahul Verma,DTDC,5,5,259.44,26.16,0.0916,157.00,494.01
IN240701459,17-Jul-2024,CUST56980,Sagar Deshmukh,58,Bhopal,Madhya Pradesh,Central,Grocery & Gourmet,Tea Pack,GRO-TEA174,1,175,175,No Coupon,0.00,0.18,175.00,31.50,COD,Returned,Mobile App,Tanvi Jadhav,DTDC,3,2,123.65,51.35,0.2934,116.00,322.50
IN240701933,17-Jul-2024,CUST50693,Rajesh Saxena,56,Jaipur,Rajasthan,North,Mobiles & Accessories,Smart Watch,MOB-SMA828,4,11999,47996,WELCOME100,100.00,0.18,47896.00,8621.28,Credit Card,Delivered,Website,Rohan Mehta,Shadowfax,3,4,39412.54,8483.46,0.1771,102.00,56619.28
IN240701244,18-Jul-2024,CUST20696,Aadhya Pillai,34,Bengaluru,Karnataka,South,Mobiles & Accessories,Tempered Glass,MOB-TEM279,2,570,1140,No Coupon,0.00,0.12,1140.00,136.80,UPI,Delivered,Website,Neha Patel,Xpressbees,2,4,906.46,233.54,0.2049,82.00,1358.80
IN240701848,18-Jul-2024,CUST23903,Yash Chauhan,41,Kochi,Kerala,South,Home & Kitchen,Air Fryer,HOM-AIR484,2,8799,17598,No Coupon,0.00,0.18,17598.00,3167.64,UPI,Delivered,Mobile App,Manish Iyer,Ecom Express,4,5,10647.80,6950.20,0.3949,84.00,20849.64
IN240701855,18-Jul-2024,CUST60260,Ira Banerjee,52,Guwahati,Assam,North East,Electronics,Wireless Mouse,ELE-WIR350,1,1699,1699,FREESHIP,0.00,0.18,1699.00,305.82,Debit Card,Shipped,Website,Anjali Joshi,Ecom Express,4,,1392.65,306.35,0.1803,131.00,2135.82
IN240702019,18-Jul-2024,CUST82501,Tanvi Yadav,57,Patna,Bihar,East,Electronics,Laptop,ELE-LAP438,2,117199,234398,FESTIVE10,23439.80,0.12,210958.20,25314.98,UPI,Delivered,Mobile App,Sneha Kulkarni,Blue Dart,3,3,169581.01,41377.19,0.1961,71.00,236344.18
IN240700105,19-Jul-2024,CUST46786,Komal More,46,Chennai,Tamil Nadu,South,Mobiles & Accessories,Power Bank,MOB-POW366,2,2799,5598,FESTIVE10,559.80,0.18,5038.20,906.88,UPI,Delivered,Marketplace,Rahul Verma,Ecom Express,3,5,4416.76,621.44,0.1233,113.00,6058.08
IN240700282,19-Jul-2024,CUST83965,Priya Mehta,18,Patna,Bihar,East,Books & Stationery,Kids Story Book,BOO-KID282,1,369,369,No Coupon,0.00,0.18,369.00,66.42,COD,Delivered,Mobile App,Manish Iyer,India Post,3,3,278.84,90.16,0.2443,131.00,566.42
IN240700353,19-Jul-2024,CUST95915,Siddharth Mishra,55,Vijayawada,Andhra Pradesh,South,Books & Stationery,Office Diary,BOO-OFF859,1,488,488,No Coupon,0.00,0.18,488.00,87.84,Debit Card,Delivered,Website,Pooja Reddy,Delhivery,2,4,359.41,128.59,0.2635,97.00,672.84
IN240702342,19-Jul-2024,CUST54677,Sai More,37,Visakhapatnam,Andhra Pradesh,South,Sports & Fitness,Fitness Band,SPO-FIT402,1,4399,4399,No Coupon,0.00,0.12,4399.00,527.88,UPI,Delivered,Mobile App,Pooja Reddy,Delhivery,4,5,2795.09,1603.91,0.3646,65.00,4991.88
IN240700397,20-Jul-2024,CUST94855,Sagar Sharma,33,Kolkata,West Bengal,East,Fashion,Women Kurti,FAS-WOM950,4,1299,5196,No Coupon,0.00,0.18,5196.00,935.28,COD,Delivered,Website,Rohan Mehta,Delhivery,3,5,3906.98,1289.02,0.2481,62.00,6193.28
IN240700531,20-Jul-2024,CUST15417,Sai Rathod,49,Vadodara,Gujarat,West,Home & Kitchen,Water Purifier,HOM-WAT504,1,22499,22499,No Coupon,0.00,0.18,22499.00,4049.82,UPI,Delivered,Mobile App,Sagar Pawar,Ecom Express,3,4,15526.26,6972.74,0.3099,65.00,26613.82
IN240700613,21-Jul-2024,CUST87228,Vivaan Khan,25,Vadodara,Gujarat,West,Electronics,LED TV,ELE-LED720,1,87899,87899,No Coupon,0.00,0.18,87899.00,15821.82,UPI,Delivered,Marketplace,Manish Iyer,Xpressbees,5,5,64006.78,23892.22,0.2718,155.00,103875.82
IN240700113,22-Jul-2024,CUST47332,Kabir Reddy,25,Gurugram,Haryana,North,Fashion,Saree,FAS-SAR914,1,4499,4499,No Coupon,0.00,0.18,4499.00,809.82,COD,Delivered,Website,Tanvi Jadhav,Xpressbees,2,5,2661.33,1837.67,0.4085,96.00,5404.82
IN240700637,22-Jul-2024,CUST93930,Aarti Chatterjee,19,Ranchi,Jharkhand,East,Books & Stationery,Pen Set,BOO-PEN201,1,102,102,NEWYEAR10,10.20,0.05,91.80,4.59,UPI,Delivered,Website,Tanvi Jadhav,Blue Dart,5,3,69.13,22.67,0.2469,161.00,257.39
IN240702262,22-Jul-2024,CUST71889,Krishna Mishra,35,Pune,Maharashtra,West,Fashion,Women Kurti,FAS-WOM634,1,2299,2299,PAYDAY15,344.85,0.12,1954.15,234.50,Wallet,Returned,Website,Deepak Yadav,Delhivery,4,3,1413.85,540.30,0.2765,63.00,2251.65
IN240700311,23-Jul-2024,CUST90907,Manish Yadav,34,Jaipur,Rajasthan,North,Home & Kitchen,Air Fryer,HOM-AIR139,1,13799,13799,PAYDAY15,2069.85,0.12,11729.15,1407.50,UPI,Delivered,Website,Nikhil Bansal,Ecom Express,3,5,8925.09,2804.06,0.2391,103.00,13239.65
IN240702018,23-Jul-2024,CUST83339,Ishaan Iyer,25,Nashik,Maharashtra,West,Home & Kitchen,Mixer Grinder,HOM-MIX788,1,3199,3199,No Coupon,0.00,0.12,3199.00,383.88,UPI,Delivered,Website,Sneha Kulkarni,Delhivery,8,1,2146.94,1052.06,0.3289,110.00,3692.88
IN240702077,23-Jul-2024,CUST16833,Sai Bansal,51,Ludhiana,Punjab,North,Mobiles & Accessories,Phone Cover,MOB-PHO534,2,385,770,FESTIVE10,77.00,0.18,693.00,124.74,UPI,Delivered,Mobile App,Nikhil Bansal,Blue Dart,3,2,623.99,69.01,0.0996,70.00,887.74
IN240701865,24-Jul-2024,CUST92859,Suresh Saxena,26,Kochi,Kerala,South,Home & Kitchen,Cookware Set,HOM-COO132,3,4799,14397,No Coupon,0.00,0.18,14397.00,2591.46,Credit Card,Delivered,Website,Swati Mishra,Ecom Express,2,5,8733.49,5663.51,0.3934,152.00,17140.46
IN240701073,25-Jul-2024,CUST27557,Harsh Shinde,19,Chennai,Tamil Nadu,South,Grocery & Gourmet,Dry Fruits Pack,GRO-DRY908,1,769,769,No Coupon,0.00,0.18,769.00,138.42,Debit Card,Delivered,Mobile App,Manish Iyer,Shadowfax,3,4,450.42,318.58,0.4143,130.00,1037.42
IN240701835,25-Jul-2024,CUST70723,Aadhya Malhotra,27,Nashik,Maharashtra,West,Fashion,Saree,FAS-SAR468,2,1699,3398,FREESHIP,0.00,0.18,3398.00,611.64,UPI,Delivered,Social Commerce,Kavya Deshmukh,Xpressbees,5,4,2176.80,1221.20,0.3594,72.00,4081.64
IN240700068,26-Jul-2024,CUST77662,Rahul Pawar,40,Lucknow,Uttar Pradesh,North,Books & Stationery,Exam Prep Book,BOO-EXA528,1,271,271,No Coupon,0.00,0.18,271.00,48.78,Credit Card,Delivered,Social Commerce,Nikhil Bansal,Shadowfax,4,5,164.12,106.88,0.3944,115.00,434.78
IN240700807,26-Jul-2024,CUST66598,Shruti Bansal,40,Visakhapatnam,Andhra Pradesh,South,Grocery & Gourmet,Tea Pack,GRO-TEA365,1,288,288,APPONLY,23.04,0.05,264.96,13.25,UPI,Delivered,Social Commerce,Amit Sharma,DTDC,5,5,177.47,87.49,0.3302,158.00,436.21
IN240701360,26-Jul-2024,CUST62765,Riya Bansal,51,Kolkata,West Bengal,East,Electronics,Bluetooth Speaker,ELE-BLU737,5,9799,48995,No Coupon,0.00,0.18,48995.00,8819.10,Wallet,Delivered,Social Commerce,Manish Iyer,Blue Dart,1,4,41484.31,7510.69,0.1533,153.00,57967.10
IN240700410,27-Jul-2024,CUST60207,Rutuja Qureshi,58,Indore,Madhya Pradesh,Central,Electronics,LED TV,ELE-LED769,1,63299,63299,No Coupon,0.00,0.18,63299.00,11393.82,UPI,Delivered,Mobile App,Sagar Pawar,Blue Dart,3,4,48024.09,15274.91,0.2413,126.00,74818.82
IN240700982,27-Jul-2024,CUST84557,Manish Bansal,43,Bengaluru,Karnataka,South,Mobiles & Accessories,Smart Watch,MOB-SMA443,2,3599,7198,No Coupon,0.00,0.18,7198.00,1295.64,Credit Card,Shipped,Website,Deepak Yadav,Delhivery,3,,6089.04,1108.96,0.1541,108.00,8601.64
IN240700752,28-Jul-2024,CUST65294,Mansi Verma,36,Pune,Maharashtra,West,Mobiles & Accessories,Power Bank,MOB-POW876,1,3599,3599,PAYDAY15,539.85,0.18,3059.15,550.65,UPI,Cancelled,Website,Manish Iyer,Ecom Express,4,,2809.60,249.55,0.0816,0.00,3609.80
IN240700789,28-Jul-2024,CUST95267,Ishaan Pillai,31,Gurugram,Haryana,North,Fashion,Jeans,FAS-JEA877,1,3299,3299,FESTIVE10,329.90,0.18,2969.10,534.44,COD,Delivered,Mobile App,Sagar Pawar,India Post,6,3,2168.97,800.13,0.2695,97.00,3600.54
IN240702467,28-Jul-2024,CUST24706,Anika Kapoor,49,Mumbai,Maharashtra,West,Grocery & Gourmet,Spices Combo,GRO-SPI691,1,755,755,PAYDAY15,113.25,0.05,641.75,32.09,Net Banking,Delivered,Website,Pooja Reddy,Blue Dart,4,4,466.38,175.37,0.2733,101.00,774.84
IN240701032,29-Jul-2024,CUST80454,Krishna Pawar,19,Kochi,Kerala,South,Home & Kitchen,Cookware Set,HOM-COO177,1,1399,1399,NEWYEAR10,139.90,0.12,1259.10,151.09,COD,Shipped,Marketplace,Sneha Kulkarni,Delhivery,1,,816.80,442.30,0.3513,123.00,1533.19
IN240701294,29-Jul-2024,CUST50785,Payal Verma,20,Thiruvananthapuram,Kerala,South,Fashion,Women Kurti,FAS-WOM203,1,1299,1299,NEWYEAR10,129.90,0.12,1169.10,140.29,COD,Delivered,Website,Sagar Pawar,Shadowfax,2,5,851.85,317.25,0.2714,115.00,1424.39
IN240702365,29-Jul-2024,CUST23391,Priya More,46,Chandigarh,Chandigarh,North,Grocery & Gourmet,Spices Combo,GRO-SPI660,2,775,1550,PAYDAY15,232.50,0.18,1317.50,237.15,Wallet,Delivered,Website,Anjali Joshi,Blue Dart,2,5,936.91,380.59,0.2889,144.00,1698.65
IN240700117,30-Jul-2024,CUST30908,Sakshi Patel,19,Kolkata,West Bengal,East,Books & Stationery,Pen Set,BOO-PEN896,2,150,300,No Coupon,0.00,0.12,300.00,36.00,Debit Card,Delivered,Social Commerce,Rohan Mehta,India Post,3,3,195.91,104.09,0.3470,150.00,486.00
IN240700621,30-Jul-2024,CUST84684,Isha Mishra,40,Lucknow,Uttar Pradesh,North,Grocery & Gourmet,Spices Combo,GRO-SPI293,5,363,1815,No Coupon,0.00,0.05,1815.00,90.75,Credit Card,Delivered,Website,Karan Malhotra,Shadowfax,4,4,1257.90,557.10,0.3069,60.00,1965.75
IN240700479,31-Jul-2024,CUST90778,Rudra Shinde,40,Visakhapatnam,Andhra Pradesh,South,Home & Kitchen,Mixer Grinder,HOM-MIX736,1,4299,4299,No Coupon,0.00,0.18,4299.00,773.82,UPI,Delivered,Website,Swati Mishra,Blue Dart,6,4,2818.86,1480.14,0.3443,100.00,5172.82
IN240700704,31-Jul-2024,CUST60052,Sagar Patel,53,Surat,Gujarat,West,Fashion,Women Kurti,FAS-WOM391,1,2099,2099,No Coupon,0.00,0.18,2099.00,377.82,Credit Card,Delivered,Mobile App,Karan Malhotra,Blue Dart,5,1,1527.11,571.89,0.2725,158.00,2634.82
IN240800007,01-Aug-2024,CUST65266,Omkar Jadhav,27,Nashik,Maharashtra,West,Fashion,Sneakers,FAS-SNE711,2,3099,6198,No Coupon,0.00,0.18,6198.00,1115.64,COD,Delivered,Website,Priya Nair,Ecom Express,3,4,3657.30,2540.70,0.4099,74.00,7387.64
IN240800041,01-Aug-2024,CUST29779,Ishaan Banerjee,50,Kochi,Kerala,South,Grocery & Gourmet,Dry Fruits Pack,GRO-DRY442,1,512,512,FESTIVE10,51.20,0.12,460.80,55.30,UPI,Delivered,Website,Isha Gupta,India Post,3,4,363.78,97.02,0.2105,180.00,696.10
IN240801255,01-Aug-2024,CUST97451,Karan Patel,58,Mysuru,Karnataka,South,Fashion,Women Kurti,FAS-WOM508,1,2199,2199,APPONLY,175.92,0.12,2023.08,242.77,Debit Card,Delivered,Mobile App,Karan Malhotra,Xpressbees,3,3,1469.82,553.26,0.2735,69.00,2334.85
IN240802104,01-Aug-2024,CUST90559,Rudra Verma,24,Surat,Gujarat,West,Sports & Fitness,Yoga Mat,SPO-YOG284,1,1499,1499,MEGADEAL,269.82,0.18,1229.18,221.25,Wallet,Delivered,Mobile App,Tanvi Jadhav,Delhivery,3,5,1020.98,208.20,0.1694,62.00,1512.43
IN240802380,01-Aug-2024,CUST57385,Priya Jadhav,51,Thiruvananthapuram,Kerala,South,Books & Stationery,Pen Set,BOO-PEN961,1,246,246,FREESHIP,0.00,0.18,246.00,44.28,Credit Card,Delivered,Website,Amit Sharma,Blue Dart,4,3,183.86,62.14,0.2526,104.00,394.28
IN240800382,02-Aug-2024,CUST95055,Vikram Shinde,38,Lucknow,Uttar Pradesh,North,Books & Stationery,Pen Set,BOO-PEN281,4,187,748,DIWALI20,149.60,0.05,598.40,29.92,COD,Delivered,Mobile App,Karan Malhotra,DTDC,4,5,434.16,164.24,0.2745,61.00,689.32
IN240801634,02-Aug-2024,CUST72236,Karan Gaikwad,52,Kochi,Kerala,South,Home & Kitchen,Water Purifier,HOM-WAT609,1,9899,9899,No Coupon,0.00,0.12,9899.00,1187.88,COD,Cancelled,Mobile App,Priya Nair,India Post,6,,7642.47,2256.53,0.2280,0.00,11086.88
IN240800051,03-Aug-2024,CUST75607,Ayaan Rathod,58,Nagpur,Maharashtra,West,Grocery & Gourmet,Cold Pressed Oil,GRO-COL290,1,403,403,No Coupon,0.00,0.18,403.00,72.54,Wallet,Delivered,Website,Pooja Reddy,Ecom Express,5,2,265.10,137.90,0.3422,97.00,572.54
IN240800367,03-Aug-2024,CUST21325,Kiara Singh,49,Mumbai,Maharashtra,West,Home & Kitchen,Air Fryer,HOM-AIR929,1,10099,10099,FREESHIP,0.00,0.18,10099.00,1817.82,Wallet,Shipped,Mobile App,Amit Sharma,Blue Dart,2,,7038.94,3060.06,0.3030,78.00,11994.82
IN240800571,04-Aug-2024,CUST13876,Manish Malhotra,34,Patna,Bihar,East,Fashion,Sneakers,FAS-SNE939,1,5799,5799,No Coupon,0.00,0.12,5799.00,695.88,UPI,Delivered,Marketplace,Anjali Joshi,Shadowfax,4,4,3371.84,2427.16,0.4185,67.00,6561.88
IN240800085,05-Aug-2024,CUST62182,Krishna Pillai,49,Delhi,Delhi,North,Mobiles & Accessories,Phone Cover,MOB-PHO712,1,948,948,APPONLY,75.84,0.18,872.16,156.99,Net Banking,Delivered,Website,Rahul Verma,Blue Dart,4,4,762.37,109.79,0.1259,166.00,1195.15
IN240801000,05-Aug-2024,CUST83357,Siddharth Verma,26,Mysuru,Karnataka,South,Sports & Fitness,Fitness Band,SPO-FIT434,2,5499,10998,No Coupon,0.00,0.18,10998.00,1979.64,UPI,Delivered,Website,Kavya Deshmukh,Shadowfax,8,4,6642.06,4355.94,0.3961,160.00,13137.64
IN240801699,05-Aug-2024,CUST77356,Swati Mehta,24,Lucknow,Uttar Pradesh,North,Fashion,Sneakers,FAS-SNE775,2,3599,7198,FESTIVE10,719.80,0.12,6478.20,777.38,COD,Delivered,Mobile App,Anjali Joshi,DTDC,4,5,4999.44,1478.76,0.2283,100.00,7355.58
IN240800529,06-Aug-2024,CUST21884,Anika More,46,Vadodara,Gujarat,West,Mobiles & Accessories,Smart Watch,MOB-SMA913,1,18999,18999,No Coupon,0.00,0.12,18999.00,2279.88,COD,Returned,Mobile App,Sneha Kulkarni,India Post,2,4,16224.75,2774.25,0.1460,65.00,21343.88
IN240801894,06-Aug-2024,CUST33705,Meera Jadhav,54,Ludhiana,Punjab,North,Electronics,Tablet,ELE-TAB732,1,25999,25999,No Coupon,0.00,0.18,25999.00,4679.82,COD,Returned,Website,Swati Mishra,Delhivery,2,5,21997.52,4001.48,0.1539,155.00,30833.82
IN240802045,06-Aug-2024,CUST35006,Arjun Nair,54,Visakhapatnam,Andhra Pradesh,South,Sports & Fitness,Yoga Mat,SPO-YOG576,1,1199,1199,FESTIVE10,119.90,0.12,1079.10,129.49,UPI,Delivered,Mobile App,Kavya Deshmukh,Blue Dart,2,4,784.11,294.99,0.2734,90.00,1298.59
IN240800605,07-Aug-2024,CUST79421,Rahul Iyer,42,Coimbatore,Tamil Nadu,South,Sports & Fitness,Yoga Mat,SPO-YOG217,1,1299,1299,No Coupon,0.00,0.18,1299.00,233.82,Debit Card,Shipped,Social Commerce,Sagar Pawar,India Post,3,,955.15,343.85,0.2647,67.00,1599.82
IN240800923,07-Aug-2024,CUST55351,Saanvi Patel,50,Chandigarh,Chandigarh,North,Beauty & Personal Care,Shampoo,BEA-SHA406,1,799,799,No Coupon,0.00,0.12,799.00,95.88,Net Banking,Delivered,Mobile App,Rohan Mehta,India Post,4,5,545.17,253.83,0.3177,173.00,1067.88
IN240802318,07-Aug-2024,CUST84548,Sneha More,47,Delhi,Delhi,North,Fashion,Men T-Shirt,FAS-MEN132,1,646,646,No Coupon,0.00,0.12,646.00,77.52,Debit Card,Delivered,Mobile App,Pooja Reddy,Blue Dart,4,4,384.55,261.45,0.4047,129.00,852.52
IN240800676,08-Aug-2024,CUST30920,Anaya Das,27,Surat,Gujarat,West,Mobiles & Accessories,Phone Cover,MOB-PHO918,1,975,975,PAYDAY15,146.25,0.12,828.75,99.45,Credit Card,Delivered,Mobile App,Manish Iyer,India Post,4,5,739.14,89.61,0.1081,157.00,1085.20
IN240800108,09-Aug-2024,CUST99351,Kabir Kumar,30,Chandigarh,Chandigarh,North,Fashion,Saree,FAS-SAR183,1,1999,1999,No Coupon,0.00,0.18,1999.00,359.82,Credit Card,Returned,Website,Deepak Yadav,DTDC,3,5,1524.86,474.14,0.2372,149.00,2507.82
IN240800702,09-Aug-2024,CUST33995,Vihaan Gaikwad,38,Hyderabad,Telangana,South,Books & Stationery,Office Diary,BOO-OFF761,1,488,488,No Coupon,0.00,0.12,488.00,58.56,COD,Cancelled,Mobile App,Anjali Joshi,Xpressbees,2,,350.00,138.00,0.2828,0.00,546.56
IN240801053,09-Aug-2024,CUST36502,Rudra Malhotra,41,Chandigarh,Chandigarh,North,Mobiles & Accessories,Bluetooth Earbuds,MOB-BLU501,1,1899,1899,No Coupon,0.00,0.18,1899.00,341.82,UPI,Delivered,Mobile App,Isha Gupta,Xpressbees,3,5,1583.71,315.29,0.1660,107.00,2347.82
IN240801161,10-Aug-2024,CUST47006,Arjun Verma,31,Pune,Maharashtra,West,Home & Kitchen,Water Purifier,HOM-WAT215,2,7799,15598,FREESHIP,0.00,0.18,15598.00,2807.64,Credit Card,Cancelled,Website,Karan Malhotra,Blue Dart,4,,9304.25,6293.75,0.4035,0.00,18405.64
IN240801407,10-Aug-2024,CUST65596,Swati Shaikh,40,Delhi,Delhi,North,Fashion,Women Kurti,FAS-WOM545,1,2099,2099,No Coupon,0.00,0.18,2099.00,377.82,UPI,Delivered,Website,Swati Mishra,Ecom Express,2,5,1360.01,738.99,0.3521,175.00,2651.82
IN240802221,10-Aug-2024,CUST13509,Prachi Iyer,57,Bhubaneswar,Odisha,East,Home & Kitchen,Bedsheet Set,HOM-BED189,1,1799,1799,No Coupon,0.00,0.18,1799.00,323.82,UPI,Delivered,Website,Deepak Yadav,Delhivery,2,5,1206.73,592.27,0.3292,87.00,2209.82
IN240800076,11-Aug-2024,CUST48546,Swati Reddy,28,Mumbai,Maharashtra,West,Home & Kitchen,Mixer Grinder,HOM-MIX913,1,3899,3899,No Coupon,0.00,0.12,3899.00,467.88,COD,Delivered,Marketplace,Rohan Mehta,Ecom Express,3,4,2828.45,1070.55,0.2746,107.00,4473.88
IN240801617,11-Aug-2024,CUST94509,Kiara Tiwari,29,Hyderabad,Telangana,South,Mobiles & Accessories,Phone Cover,MOB-PHO759,2,497,994,No Coupon,0.00,0.12,994.00,119.28,UPI,Delivered,Mobile App,Deepak Yadav,Shadowfax,2,5,788.67,205.33,0.2066,167.00,1280.28
IN240802132,11-Aug-2024,CUST91422,Vihaan Verma,43,Vijayawada,Andhra Pradesh,South,Grocery & Gourmet,Coffee Pack,GRO-COF484,2,909,1818,WELCOME100,100.00,0.12,1718.00,206.16,COD,Delivered,Social Commerce,Nikhil Bansal,Xpressbees,2,3,1351.57,366.43,0.2133,89.00,2013.16
IN240802283,11-Aug-2024,CUST22963,Sagar Chauhan,25,Ludhiana,Punjab,North,Mobiles & Accessories,Power Bank,MOB-POW297,2,3299,6598,APPONLY,527.84,0.18,6070.16,1092.63,Credit Card,Delivered,Mobile App,Kavya Deshmukh,India Post,4,4,4757.71,1312.45,0.2162,82.00,7244.79
IN240802461,11-Aug-2024,CUST62412,Shaurya Chauhan,40,Jaipur,Rajasthan,North,Fashion,Handbag,FAS-HAN919,3,1399,4197,No Coupon,0.00,0.12,4197.00,503.64,Debit Card,Shipped,Mobile App,Priya Nair,Ecom Express,3,,2490.83,1706.17,0.4065,79.00,4779.64
IN240800015,12-Aug-2024,CUST92858,Deepak Kapoor,54,Bhubaneswar,Odisha,East,Books & Stationery,Notebook Pack,BOO-NOT578,3,434,1302,PAYDAY15,195.30,0.18,1106.70,199.21,Wallet,Delivered,Mobile App,Rohan Mehta,Xpressbees,3,3,857.39,249.31,0.2253,101.00,1406.91
IN240800528,12-Aug-2024,CUST73004,Tanvi Pawar,29,Kochi,Kerala,South,Mobiles & Accessories,Power Bank,MOB-POW304,1,3099,3099,PAYDAY15,464.85,0.18,2634.15,474.15,Net Banking,Delivered,Mobile App,Isha Gupta,Ecom Express,3,5,2358.35,275.80,0.1047,141.00,3249.30
IN240801123,12-Aug-2024,CUST70808,Manish Verma,30,Thiruvananthapuram,Kerala,South,Grocery & Gourmet,Tea Pack,GRO-TEA340,2,637,1274,FREESHIP,0.00,0.18,1274.00,229.32,Wallet,Delivered,Website,Neha Patel,Xpressbees,2,3,882.63,391.37,0.3072,121.00,1624.32
IN240801460,12-Aug-2024,CUST64862,Kavya Ghosh,41,Mysuru,Karnataka,South,Sports & Fitness,Cricket Bat,SPO-CRI771,3,5599,16797,WELCOME100,100.00,0.18,16697.00,3005.46,UPI,Delivered,Mobile App,Deepak Yadav,Blue Dart,3,5,11076.53,5620.47,0.3366,128.00,19830.46
IN240800028,13-Aug-2024,CUST61072,Kiara Chauhan,37,Nagpur,Maharashtra,West,Mobiles & Accessories,Power Bank,MOB-POW904,2,1899,3798,PAYDAY15,569.70,0.12,3228.30,387.40,Debit Card,Delivered,Mobile App,Sneha Kulkarni,DTDC,4,5,2939.15,289.15,0.0896,114.00,3729.70
IN240800615,13-Aug-2024,CUST87104,Pooja Bhatia,28,Nagpur,Maharashtra,West,Books & Stationery,Kids Story Book,BOO-KID951,2,520,1040,No Coupon,0.00,0.18,1040.00,187.20,UPI,Shipped,Mobile App,Sneha Kulkarni,Shadowfax,4,,794.95,245.05,0.2356,103.00,1330.20
IN240800633,13-Aug-2024,CUST88032,Janhavi Shinde,30,Surat,Gujarat,West,Mobiles & Accessories,Phone Cover,MOB-PHO445,1,890,890,FREESHIP,0.00,0.12,890.00,106.80,COD,Returned,Social Commerce,Rahul Verma,India Post,3,5,765.24,124.76,0.1402,97.00,1093.80
IN240801490,13-Aug-2024,CUST92898,Kiara Ghosh,22,Bengaluru,Karnataka,South,Mobiles & Accessories,Bluetooth Earbuds,MOB-BLU770,1,1599,1599,APPONLY,127.92,0.18,1471.08,264.79,Credit Card,Delivered,Social Commerce,Rahul Verma,Ecom Express,7,3,1191.27,279.81,0.1902,94.00,1829.87
IN240801950,13-Aug-2024,CUST62809,Mansi More,58,Bengaluru,Karnataka,South,Grocery & Gourmet,Dry Fruits Pack,GRO-DRY392,2,1199,2398,FESTIVE10,239.80,0.05,2158.20,107.91,Wallet,Shipped,Website,Deepak Yadav,Shadowfax,1,,1659.09,499.11,0.2313,81.00,2347.11
IN240800174,14-Aug-2024,CUST85024,Aadhya Kumar,29,Mysuru,Karnataka,South,Home & Kitchen,Pressure Cooker,HOM-PRE264,1,1999,1999,APPONLY,159.92,0.18,1839.08,331.03,COD,Delivered,Social Commerce,Karan Malhotra,Shadowfax,2,2,1209.90,629.18,0.3421,90.00,2260.11
IN240801928,14-Aug-2024,CUST65206,Neha Mehta,36,Vadodara,Gujarat,West,Sports & Fitness,Running Shoes,SPO-RUN775,3,5299,15897,MEGADEAL,2861.46,0.18,13035.54,2346.40,UPI,Delivered,Mobile App,Anjali Joshi,Xpressbees,3,2,12299.22,736.32,0.0565,168.00,15549.94
IN240802306,14-Aug-2024,CUST96177,Neha Reddy,36,Indore,Madhya Pradesh,Central,Fashion,Handbag,FAS-HAN846,1,2899,2899,MEGADEAL,521.82,0.12,2377.18,285.26,UPI,Delivered,Mobile App,Sagar Pawar,Delhivery,5,4,1935.22,441.96,0.1859,137.00,2799.44
IN240800384,15-Aug-2024,CUST50670,Rutuja Ansari,20,Nagpur,Maharashtra,West,Electronics,Bluetooth Speaker,ELE-BLU815,4,8399,33596,PAYDAY15,5039.40,0.18,28556.60,5140.19,Credit Card,Delivered,Mobile App,Neha Patel,Delhivery,4,4,27966.86,589.74,0.0207,115.00,33811.79
IN240801651,15-Aug-2024,CUST60309,Deepak Gupta,32,Lucknow,Uttar Pradesh,North,Books & Stationery,Exam Prep Book,BOO-EXA391,1,623,623,APPONLY,49.84,0.05,573.16,28.66,COD,Shipped,Mobile App,Deepak Yadav,Blue Dart,2,,463.08,110.08,0.1921,61.00,662.82
IN240800281,16-Aug-2024,CUST13091,Aadhya Chatterjee,48,Bengaluru,Karnataka,South,Sports & Fitness,Cricket Bat,SPO-CRI986,1,1699,1699,No Coupon,0.00,0.12,1699.00,203.88,Debit Card,Cancelled,Website,Swati Mishra,Delhivery,5,,990.39,708.61,0.4171,0.00,1902.88
IN240800782,16-Aug-2024,CUST62600,Riya Shaikh,21,Ludhiana,Punjab,North,Fashion,Jeans,FAS-JEA726,1,2599,2599,PAYDAY15,389.85,0.18,2209.15,397.65,UPI,Returned,Social Commerce,Vikram Singh,DTDC,3,4,1838.31,370.84,0.1679,128.00,2734.80
IN240801451,16-Aug-2024,CUST49240,Atharv Kapoor,22,Patna,Bihar,East,Books & Stationery,Kids Story Book,BOO-KID847,2,124,248,MEGADEAL,44.64,0.05,203.36,10.17,UPI,Delivered,Mobile App,Priya Nair,DTDC,3,2,149.25,54.11,0.2661,150.00,363.53
IN240802254,16-Aug-2024,CUST20628,Sneha Iyer,20,Ranchi,Jharkhand,East,Mobiles & Accessories,Smartphone,MOB-SMA334,2,22199,44398,No Coupon,0.00,0.18,44398.00,7991.64,Credit Card,Delivered,Mobile App,Vikram Singh,Shadowfax,1,2,35389.49,9008.51,0.2029,94.00,52483.64
IN240802481,16-Aug-2024,CUST82354,Tanvi Chatterjee,43,Chennai,Tamil Nadu,South,Books & Stationery,Kids Story Book,BOO-KID770,2,213,426,DIWALI20,85.20,0.18,340.80,61.34,Credit Card,Shipped,Website,Anjali Joshi,DTDC,3,,320.98,19.82,0.0582,163.00,565.14
IN240800046,17-Aug-2024,CUST94992,Shruti Kumar,29,Delhi,Delhi,North,Electronics,Keyboard,ELE-KEY755,1,2399,2399,No Coupon,0.00,0.18,2399.00,431.82,UPI,Delivered,Marketplace,Priya Nair,DTDC,6,3,1983.28,415.72,0.1733,140.00,2970.82
IN240800088,17-Aug-2024,CUST46723,Kavya Chauhan,57,Mumbai,Maharashtra,West,Books & Stationery,Exam Prep Book,BOO-EXA212,1,994,994,No Coupon,0.00,0.12,994.00,119.28,UPI,Shipped,Mobile App,Rohan Mehta,Blue Dart,1,,593.19,400.81,0.4032,92.00,1205.28
IN240800939,17-Aug-2024,CUST90463,Tanvi Pawar,54,Pune,Maharashtra,West,Fashion,Men T-Shirt,FAS-MEN445,2,1299,2598,APPONLY,207.84,0.18,2390.16,430.23,Credit Card,Delivered,Mobile App,Rahul Verma,Shadowfax,5,4,1520.11,870.05,0.3640,167.00,2987.39
IN240801079,17-Aug-2024,CUST79106,Pranav Chauhan,52,Chennai,Tamil Nadu,South,Fashion,Saree,FAS-SAR938,1,1099,1099,No Coupon,0.00,0.12,1099.00,131.88,UPI,Delivered,Marketplace,Deepak Yadav,DTDC,1,4,691.95,407.05,0.3704,160.00,1390.88
IN240801417,17-Aug-2024,CUST72710,Rudra Saxena,54,Chennai,Tamil Nadu,South,Fashion,Women Kurti,FAS-WOM530,2,1699,3398,DIWALI20,679.60,0.18,2718.40,489.31,Wallet,Shipped,Marketplace,Isha Gupta,Shadowfax,2,,2005.02,713.38,0.2624,168.00,3375.71
IN240801667,17-Aug-2024,CUST80765,Akshay Kadam,42,Gurugram,Haryana,North,Fashion,Men T-Shirt,FAS-MEN555,1,1499,1499,DIWALI20,299.80,0.18,1199.20,215.86,UPI,Shipped,Website,Kavya Deshmukh,Blue Dart,1,,982.47,216.73,0.1807,111.00,1526.06
IN240801823,17-Aug-2024,CUST28083,Janhavi Kapoor,41,Ranchi,Jharkhand,East,Books & Stationery,Pen Set,BOO-PEN649,1,273,273,PAYDAY15,40.95,0.12,232.05,27.85,Credit Card,Returned,Website,Isha Gupta,India Post,2,4,170.57,61.48,0.2649,128.00,387.90
IN240802430,17-Aug-2024,CUST28753,Aditya Malhotra,35,Indore,Madhya Pradesh,Central,Electronics,Keyboard,ELE-KEY620,1,3299,3299,No Coupon,0.00,0.12,3299.00,395.88,Wallet,Delivered,Mobile App,Karan Malhotra,India Post,3,5,2750.84,548.16,0.1662,171.00,3865.88
IN240800091,18-Aug-2024,CUST73783,Shaurya Pillai,46,Nagpur,Maharashtra,West,Fashion,Handbag,FAS-HAN888,2,3599,7198,No Coupon,0.00,0.12,7198.00,863.76,UPI,Delivered,Mobile App,Manish Iyer,Blue Dart,2,4,4477.45,2720.55,0.3780,150.00,8211.76
IN240800215,18-Aug-2024,CUST93185,Pooja Kulkarni,26,Kolkata,West Bengal,East,Grocery & Gourmet,Spices Combo,GRO-SPI941,1,701,701,No Coupon,0.00,0.18,701.00,126.18,UPI,Delivered,Mobile App,Neha Patel,DTDC,1,3,498.90,202.10,0.2883,134.00,961.18
IN240801232,18-Aug-2024,CUST17178,Sagar Gaikwad,55,Bhopal,Madhya Pradesh,Central,Sports & Fitness,Yoga Mat,SPO-YOG851,2,1299,2598,No Coupon,0.00,0.18,2598.00,467.64,COD,Returned,Website,Sneha Kulkarni,India Post,7,5,1654.68,943.32,0.3631,118.00,3183.64
IN240801638,18-Aug-2024,CUST43642,Myra Jadhav,27,Mysuru,Karnataka,South,Electronics,Wireless Mouse,ELE-WIR222,1,675,675,No Coupon,0.00,0.12,675.00,81.00,Wallet,Delivered,Mobile App,Rahul Verma,Ecom Express,4,5,509.16,165.84,0.2457,118.00,874.00
IN240801907,18-Aug-2024,CUST17000,Rajesh Rathod,25,Noida,Uttar Pradesh,North,Books & Stationery,Pen Set,BOO-PEN825,3,113,339,FESTIVE10,33.90,0.12,305.10,36.61,COD,Delivered,Website,Neha Patel,Shadowfax,2,5,213.27,91.83,0.3010,127.00,468.71
IN240802164,18-Aug-2024,CUST32688,Siddharth Yadav,40,Jaipur,Rajasthan,North,Fashion,Handbag,FAS-HAN249,1,1899,1899,DIWALI20,379.80,0.18,1519.20,273.46,Credit Card,Shipped,Mobile App,Sagar Pawar,Shadowfax,1,,1186.09,333.11,0.2193,85.00,1877.66
IN240802429,18-Aug-2024,CUST71112,Aadhya Agarwal,29,Hyderabad,Telangana,South,Grocery & Gourmet,Basmati Rice 5kg,GRO-BAS957,1,606,606,WELCOME100,100.00,0.12,506.00,60.72,Wallet,Delivered,Mobile App,Tanvi Jadhav,Delhivery,3,5,438.44,67.56,0.1335,87.00,653.72
IN240800927,19-Aug-2024,CUST68467,Rudra Yadav,41,Ranchi,Jharkhand,East,Books & Stationery,Pen Set,BOO-PEN108,2,121,242,APPONLY,19.36,0.18,222.64,40.08,Debit Card,Delivered,Marketplace,Sagar Pawar,Shadowfax,2,5,143.95,78.69,0.3534,157.00,419.72
IN240801606,19-Aug-2024,CUST34868,Vihaan Tiwari,51,Bhubaneswar,Odisha,East,Beauty & Personal Care,Hair Oil,BEA-HAI941,1,240,240,WELCOME100,48.00,0.18,192.00,34.56,UPI,Delivered,Mobile App,Tanvi Jadhav,Delhivery,2,4,184.56,7.44,0.0387,111.00,337.56
IN240801879,19-Aug-2024,CUST56609,Manish Shinde,31,Mumbai,Maharashtra,West,Grocery & Gourmet,Dry Fruits Pack,GRO-DRY810,2,1499,2998,PAYDAY15,449.70,0.05,2548.30,127.42,Debit Card,Delivered,Mobile App,Tanvi Jadhav,DTDC,4,5,1842.35,705.95,0.2770,114.00,2789.72
IN240802437,19-Aug-2024,CUST11759,Payal Jadhav,38,Nagpur,Maharashtra,West,Electronics,Wireless Mouse,ELE-WIR311,1,937,937,FESTIVE10,93.70,0.18,843.30,151.79,UPI,Delivered,Mobile App,Isha Gupta,Ecom Express,5,4,769.19,74.11,0.0879,88.00,1083.09
IN240800305,20-Aug-2024,CUST91945,Pooja Singh,55,Visakhapatnam,Andhra Pradesh,South,Fashion,Saree,FAS-SAR220,2,3199,6398,No Coupon,0.00,0.12,6398.00,767.76,Debit Card,Delivered,Marketplace,Anjali Joshi,DTDC,3,4,4813.77,1584.23,0.2476,137.00,7302.76
IN240800735,20-Aug-2024,CUST90200,Rahul Bansal,21,Gurugram,Haryana,North,Grocery & Gourmet,Spices Combo,GRO-SPI559,2,620,1240,FREESHIP,0.00,0.18,1240.00,223.20,COD,Delivered,Marketplace,Tanvi Jadhav,Xpressbees,3,3,796.00,444.00,0.3581,177.00,1640.20
IN240800841,20-Aug-2024,CUST23804,Anika Saxena,32,Bhopal,Madhya Pradesh,Central,Fashion,Saree,FAS-SAR372,1,4399,4399,No Coupon,0.00,0.12,4399.00,527.88,UPI,Delivered,Website,Rahul Verma,Xpressbees,3,5,2634.50,1764.50,0.4011,114.00,5040.88
IN240801122,20-Aug-2024,CUST89535,Kiara Sharma,47,Jaipur,Rajasthan,North,Home & Kitchen,Mixer Grinder,HOM-MIX832,1,6799,6799,DIWALI20,1359.80,0.12,5439.20,652.70,COD,Delivered,Website,Kavya Deshmukh,Delhivery,4,5,5113.98,325.22,0.0598,103.00,6194.90
IN240801214,20-Aug-2024,CUST65922,Atharv Ansari,46,Ranchi,Jharkhand,East,Home & Kitchen,Cookware Set,HOM-COO101,3,7599,22797,PAYDAY15,3419.55,0.12,19377.45,2325.29,Credit Card,Delivered,Social Commerce,Kavya Deshmukh,Xpressbees,1,2,14926.53,4450.92,0.2297,115.00,21817.74
IN240800170,21-Aug-2024,CUST29695,Rudra Mishra,39,Guwahati,Assam,North East,Home & Kitchen,Bedsheet Set,HOM-BED731,1,1299,1299,PAYDAY15,194.85,0.18,1104.15,198.75,Debit Card,Delivered,Mobile App,Nikhil Bansal,Delhivery,2,4,933.64,170.51,0.1544,171.00,1473.90
IN240800662,21-Aug-2024,CUST14547,Rohan Mishra,53,Surat,Gujarat,West,Grocery & Gourmet,Spices Combo,GRO-SPI810,2,338,676,PAYDAY15,101.40,0.18,574.60,103.43,COD,Delivered,Website,Pooja Reddy,Ecom Express,2,1,499.61,74.99,0.1305,172.00,850.03
IN240801031,21-Aug-2024,CUST47122,Aadhya Bhatia,30,Thiruvananthapuram,Kerala,South,Fashion,Saree,FAS-SAR997,2,2899,5798,DIWALI20,1159.60,0.18,4638.40,834.91,Credit Card,Delivered,Website,Manish Iyer,Ecom Express,1,5,4428.46,209.94,0.0453,124.00,5597.31
IN240801133,21-Aug-2024,CUST21702,Isha Deshmukh,20,Vijayawada,Andhra Pradesh,South,Mobiles & Accessories,Bluetooth Earbuds,MOB-BLU242,1,7499,7499,APPONLY,599.92,0.18,6899.08,1241.83,Credit Card,Delivered,Website,Sneha Kulkarni,Delhivery,3,5,5945.79,953.29,0.1382,82.00,8222.91
IN240801958,21-Aug-2024,CUST81432,Anika Kulkarni,26,Visakhapatnam,Andhra Pradesh,South,Home & Kitchen,Water Purifier,HOM-WAT679,2,18799,37598,WELCOME100,100.00,0.12,37498.00,4499.76,Wallet,Delivered,Website,Kavya Deshmukh,India Post,3,3,26304.29,11193.71,0.2985,82.00,42079.76
IN240800004,22-Aug-2024,CUST61615,Suresh Kapoor,38,Bengaluru,Karnataka,South,Sports & Fitness,Fitness Band,SPO-FIT631,2,5599,11198,APPONLY,895.84,0.18,10302.16,1854.39,Credit Card,Delivered,Mobile App,Priya Nair,India Post,2,3,8534.57,1767.59,0.1716,161.00,12317.55
IN240800447,22-Aug-2024,CUST84558,Ishaan Chauhan,52,Nashik,Maharashtra,West,Electronics,Laptop,ELE-LAP873,1,109399,109399,NEWYEAR10,10939.90,0.12,98459.10,11815.09,UPI,Delivered,Marketplace,Pooja Reddy,Blue Dart,5,4,79449.59,19009.51,0.1931,84.00,110358.19
IN240801335,22-Aug-2024,CUST76050,Arjun Deshmukh,52,Patna,Bihar,East,Fashion,Handbag,FAS-HAN298,1,993,993,WELCOME100,100.00,0.12,893.00,107.16,Debit Card,Shipped,Website,Pooja Reddy,India Post,3,,661.67,231.33,0.2590,133.00,1133.16
IN240801755,22-Aug-2024,CUST35300,Amit Rathod,29,Jaipur,Rajasthan,North,Home & Kitchen,Pressure Cooker,HOM-PRE746,1,3799,3799,DIWALI20,759.80,0.18,3039.20,547.06,Debit Card,Shipped,Website,Karan Malhotra,Blue Dart,5,,2681.10,358.10,0.1178,72.00,3658.26
IN240802009,22-Aug-2024,CUST83484,Arjun Das,51,Chennai,Tamil Nadu,South,Mobiles & Accessories,Phone Cover,MOB-PHO506,3,581,1743,No Coupon,0.00,0.18,1743.00,313.74,UPI,Delivered,Mobile App,Kavya Deshmukh,India Post,2,5,1319.58,423.42,0.2429,133.00,2189.74
IN240802455,22-Aug-2024,CUST26564,Karan Bhatia,22,Nashik,Maharashtra,West,Beauty & Personal Care,Shampoo,BEA-SHA899,1,711,711,No Coupon,0.00,0.12,711.00,85.32,Debit Card,Delivered,Marketplace,Amit Sharma,DTDC,7,3,509.82,201.18,0.2830,81.00,877.32
IN240801137,23-Aug-2024,CUST50037,Aditya Gaikwad,48,Mysuru,Karnataka,South,Mobiles & Accessories,Bluetooth Earbuds,MOB-BLU915,3,5399,16197,No Coupon,0.00,0.18,16197.00,2915.46,Credit Card,Delivered,Mobile App,Vikram Singh,DTDC,2,5,12723.88,3473.12,0.2144,121.00,19233.46
IN240801552,23-Aug-2024,CUST82329,Nisha Nair,48,Patna,Bihar,East,Beauty & Personal Care,Skin Cream,BEA-SKI535,1,994,994,WELCOME100,100.00,0.18,894.00,160.92,Credit Card,Delivered,Mobile App,Anjali Joshi,India Post,2,5,692.74,201.26,0.2251,80.00,1134.92
IN240801863,23-Aug-2024,CUST90685,Pranav Banerjee,24,Lucknow,Uttar Pradesh,North,Sports & Fitness,Fitness Band,SPO-FIT525,3,2899,8697,PAYDAY15,1304.55,0.12,7392.45,887.09,COD,Delivered,Website,Pooja Reddy,Delhivery,4,4,6424.43,968.02,0.1309,167.00,8446.54
IN240801884,23-Aug-2024,CUST61480,Rudra Shaikh,36,Indore,Madhya Pradesh,Central,Electronics,Keyboard,ELE-KEY718,1,1899,1899,No Coupon,0.00,0.12,1899.00,227.88,UPI,Returned,Marketplace,Vikram Singh,India Post,3,5,1532.33,366.67,0.1931,162.00,2288.88
IN240801960,23-Aug-2024,CUST96707,Omkar Deshmukh,26,Guwahati,Assam,North East,Mobiles & Accessories,Smartphone,MOB-SMA363,1,39999,39999,PAYDAY15,5999.85,0.18,33999.15,6119.85,Wallet,Delivered,Marketplace,Anjali Joshi,Ecom Express,4,5,30371.69,3627.46,0.1067,146.00,40265.00
IN240802003,23-Aug-2024,CUST54830,Rutuja Das,41,Indore,Madhya Pradesh,Central,Books & Stationery,Notebook Pack,BOO-NOT824,1,317,317,PAYDAY15,47.55,0.05,269.45,13.47,UPI,Delivered,Mobile App,Swati Mishra,DTDC,3,5,209.94,59.51,0.2209,157.00,439.92
IN240802197,23-Aug-2024,CUST99425,Priya Kadam,42,Patna,Bihar,East,Electronics,Laptop,ELE-LAP554,1,85199,85199,No Coupon,0.00,0.12,85199.00,10223.88,UPI,Delivered,Website,Karan Malhotra,Xpressbees,5,4,63376.12,21822.88,0.2561,102.00,95524.88
IN240800131,24-Aug-2024,CUST60477,Sai Banerjee,41,Hyderabad,Telangana,South,Home & Kitchen,Mixer Grinder,HOM-MIX695,1,6599,6599,WELCOME100,100.00,0.12,6499.00,779.88,COD,Delivered,Mobile App,Kavya Deshmukh,Delhivery,3,4,4592.86,1906.14,0.2933,90.00,7368.88
IN240800464,24-Aug-2024,CUST52971,Nisha Kulkarni,23,Jaipur,Rajasthan,North,Mobiles & Accessories,Smartphone,MOB-SMA711,2,49999,99998,DIWALI20,19999.60,0.18,79998.40,14399.71,UPI,Delivered,Social Commerce,Swati Mishra,Xpressbees,4,4,83138.90,-3140.50,-0.0393,140.00,94538.11
IN240802487,24-Aug-2024,CUST47505,Kabir Tiwari,50,Visakhapatnam,Andhra Pradesh,South,Fashion,Handbag,FAS-HAN640,2,3799,7598,No Coupon,0.00,0.12,7598.00,911.76,UPI,Returned,Marketplace,Rohan Mehta,Xpressbees,2,4,4934.74,2663.26,0.3505,116.00,8625.76
IN240800362,25-Aug-2024,CUST68925,Neha Jadhav,20,Pune,Maharashtra,West,Beauty & Personal Care,Shampoo,BEA-SHA753,1,538,538,NEWYEAR10,53.80,0.18,484.20,87.16,UPI,Shipped,Website,Anjali Joshi,Shadowfax,3,,326.10,158.10,0.3265,106.00,677.36
IN240801564,25-Aug-2024,CUST68067,Pranav Saxena,55,Coimbatore,Tamil Nadu,South,Home & Kitchen,Air Fryer,HOM-AIR607,1,9099,9099,No Coupon,0.00,0.18,9099.00,1637.82,COD,Delivered,Website,Isha Gupta,DTDC,2,5,5362.95,3736.05,0.4106,68.00,10804.82
IN240801773,25-Aug-2024,CUST55430,Vihaan Reddy,33,Mumbai,Maharashtra,West,Fashion,Sneakers,FAS-SNE399,1,2199,2199,PAYDAY15,329.85,0.18,1869.15,336.45,Credit Card,Delivered,Social Commerce,Neha Patel,Blue Dart,3,3,1525.93,343.22,0.1836,144.00,2349.60
IN240802039,25-Aug-2024,CUST96617,Kabir Reddy,34,Hyderabad,Telangana,South,Home & Kitchen,Air Fryer,HOM-AIR827,1,13099,13099,WELCOME100,100.00,0.18,12999.00,2339.82,COD,Delivered,Marketplace,Tanvi Jadhav,Delhivery,3,4,9648.85,3350.15,0.2577,66.00,15404.82
IN240802064,25-Aug-2024,CUST59826,Meera Saxena,51,Nagpur,Maharashtra,West,Sports & Fitness,Running Shoes,SPO-RUN196,2,2999,5998,WELCOME100,100.00,0.18,5898.00,1061.64,COD,Delivered,Website,Sneha Kulkarni,Delhivery,3,3,4411.87,1486.13,0.2520,80.00,7039.64
IN240800242,26-Aug-2024,CUST96391,Vikram Pillai,29,Bengaluru,Karnataka,South,Mobiles & Accessories,Power Bank,MOB-POW861,2,2699,5398,FREESHIP,0.00,0.18,5398.00,971.64,UPI,Delivered,Website,Tanvi Jadhav,DTDC,2,3,4399.77,998.23,0.1849,172.00,6541.64
IN240801447,26-Aug-2024,CUST57090,Payal Mishra,44,Pune,Maharashtra,West,Mobiles & Accessories,Tempered Glass,MOB-TEM386,1,439,439,No Coupon,0.00,0.18,439.00,79.02,UPI,Shipped,Mobile App,Rahul Verma,India Post,4,,340.92,98.08,0.2234,113.00,631.02
IN240801880,26-Aug-2024,CUST95141,Kiara Tiwari,30,Mumbai,Maharashtra,West,Electronics,Tablet,ELE-TAB532,1,12899,12899,FESTIVE10,1289.90,0.12,11609.10,1393.09,Credit Card,Delivered,Mobile App,Rohan Mehta,DTDC,4,1,10641.62,967.48,0.0833,158.00,13160.19
IN240800183,27-Aug-2024,CUST21624,Nisha Kulkarni,18,Ahmedabad,Gujarat,West,Home & Kitchen,Cookware Set,HOM-COO500,1,3099,3099,No Coupon,0.00,0.12,3099.00,371.88,UPI,Delivered,Website,Swati Mishra,Shadowfax,7,4,1998.33,1100.67,0.3552,97.00,3567.88
IN240800944,27-Aug-2024,CUST76262,Amit Yadav,55,Nashik,Maharashtra,West,Home & Kitchen,Pressure Cooker,HOM-PRE720,1,3199,3199,WELCOME100,100.00,0.12,3099.00,371.88,COD,Delivered,Website,Kavya Deshmukh,India Post,3,4,2421.67,677.33,0.2186,115.00,3585.88
IN240800983,27-Aug-2024,CUST60700,Shruti Qureshi,20,Patna,Bihar,East,Grocery & Gourmet,Coffee Pack,GRO-COF384,1,957,957,FESTIVE10,95.70,0.12,861.30,103.36,UPI,Cancelled,Mobile App,Amit Sharma,Shadowfax,3,,696.65,164.65,0.1912,0.00,964.66
IN240801115,27-Aug-2024,CUST70868,Swati Pawar,26,Ranchi,Jharkhand,East,Electronics,Wireless Mouse,ELE-WIR595,1,2199,2199,No Coupon,0.00,0.12,2199.00,263.88,UPI,Delivered,Website,Karan Malhotra,Delhivery,3,4,1851.56,347.44,0.1580,61.00,2523.88
IN240800150,28-Aug-2024,CUST81191,Shaurya Pillai,33,Vadodara,Gujarat,West,Sports & Fitness,Fitness Band,SPO-FIT199,1,1999,1999,APPONLY,159.92,0.12,1839.08,220.69,UPI,Shipped,Marketplace,Karan Malhotra,India Post,6,,1170.01,669.07,0.3638,163.00,2222.77
IN240800247,28-Aug-2024,CUST59669,Anaya Ansari,26,Chennai,Tamil Nadu,South,Electronics,Laptop,ELE-LAP133,1,90499,90499,MEGADEAL,16289.82,0.12,74209.18,8905.10,Wallet,Delivered,Website,Sneha Kulkarni,Blue Dart,3,5,77656.01,-3446.83,-0.0464,163.00,83277.28
IN240800415,28-Aug-2024,CUST97791,Vihaan Iyer,45,Patna,Bihar,East,Fashion,Women Kurti,FAS-WOM405,1,2199,2199,No Coupon,0.00,0.12,2199.00,263.88,COD,Delivered,Marketplace,Swati Mishra,DTDC,2,2,1388.66,810.34,0.3685,119.00,2581.88
IN240801653,28-Aug-2024,CUST64280,Myra Mehta,43,Ranchi,Jharkhand,East,Sports & Fitness,Cricket Bat,SPO-CRI170,1,1599,1599,No Coupon,0.00,0.12,1599.00,191.88,Credit Card,Shipped,Social Commerce,Nikhil Bansal,India Post,3,,1159.69,439.31,0.2747,93.00,1883.88
IN240800188,29-Aug-2024,CUST22996,Saanvi Reddy,24,Bhopal,Madhya Pradesh,Central,Fashion,Men T-Shirt,FAS-MEN285,1,1799,1799,FESTIVE10,179.90,0.18,1619.10,291.44,COD,Delivered,Website,Pooja Reddy,DTDC,2,1,1231.35,387.75,0.2395,71.00,1981.54
IN240801027,29-Aug-2024,CUST95983,Kiara Saxena,34,Hyderabad,Telangana,South,Mobiles & Accessories,Bluetooth Earbuds,MOB-BLU776,1,944,944,No Coupon,0.00,0.18,944.00,169.92,Net Banking,Delivered,Website,Nikhil Bansal,Blue Dart,3,5,687.50,256.50,0.2717,111.00,1224.92
IN240801003,30-Aug-2024,CUST21880,Omkar Kapoor,37,Ludhiana,Punjab,North,Sports & Fitness,Cricket Bat,SPO-CRI652,1,5499,5499,No Coupon,0.00,0.18,5499.00,989.82,COD,Returned,Website,Pooja Reddy,Blue Dart,2,4,4118.21,1380.79,0.2511,147.00,6635.82
IN240800178,31-Aug-2024,CUST67015,Payal Yadav,46,Ludhiana,Punjab,North,Books & Stationery,Notebook Pack,BOO-NOT955,1,405,405,WELCOME100,81.00,0.18,324.00,58.32,Net Banking,Delivered,Marketplace,Priya Nair,Ecom Express,4,5,237.75,86.25,0.2662,104.00,486.32
IN240801732,31-Aug-2024,CUST12849,Payal Qureshi,50,Bengaluru,Karnataka,South,Electronics,Laptop,ELE-LAP485,4,96099,384396,APPONLY,30751.68,0.18,353644.32,63655.98,COD,Cancelled,Marketplace,Isha Gupta,DTDC,2,,306838.47,46805.85,0.1324,0.00,417300.30
IN240802313,31-Aug-2024,CUST84572,Siddharth Pillai,53,Surat,Gujarat,West,Fashion,Handbag,FAS-HAN754,2,4499,8998,APPONLY,719.84,0.18,8278.16,1490.07,Net Banking,Shipped,Marketplace,Isha Gupta,Blue Dart,5,,6798.46,1479.70,0.1787,179.00,9947.23
IN240900244,01-Sep-2024,CUST19478,Pooja Sharma,36,Chennai,Tamil Nadu,South,Electronics,Tablet,ELE-TAB975,1,23799,23799,No Coupon,0.00,0.18,23799.00,4283.82,Net Banking,Cancelled,Mobile App,Tanvi Jadhav,India Post,6,,19526.89,4272.11,0.1795,0.00,28082.82
IN240900966,01-Sep-2024,CUST88927,Bhavna Jadhav,22,Surat,Gujarat,West,Grocery & Gourmet,Tea Pack,GRO-TEA378,1,602,602,WELCOME100,100.00,0.05,502.00,25.10,UPI,Delivered,Marketplace,Sagar Pawar,Blue Dart,4,3,460.57,41.43,0.0825,167.00,694.10
IN240901762,01-Sep-2024,CUST96685,Saanvi Reddy,43,Noida,Uttar Pradesh,North,Books & Stationery,Notebook Pack,BOO-NOT720,1,167,167,FREESHIP,0.00,0.05,167.00,8.35,COD,Delivered,Mobile App,Kavya Deshmukh,India Post,4,4,99.27,67.73,0.4056,160.00,335.35
IN240901887,01-Sep-2024,CUST86421,Anaya Mehta,32,Gurugram,Haryana,North,Mobiles & Accessories,Power Bank,MOB-POW181,2,732,1464,APPONLY,117.12,0.12,1346.88,161.63,Net Banking,Cancelled,Social Commerce,Neha Patel,Xpressbees,2,,1066.49,280.39,0.2082,0.00,1508.51
IN240902210,01-Sep-2024,CUST14723,Shruti Patel,45,Mumbai,Maharashtra,West,Mobiles & Accessories,Tempered Glass,MOB-TEM993,4,270,1080,No Coupon,0.00,0.18,1080.00,194.40,UPI,Delivered,Social Commerce,Manish Iyer,Delhivery,6,4,813.11,266.89,0.2471,99.00,1373.40
IN240901415,02-Sep-2024,CUST92985,Ira Gupta,38,Pune,Maharashtra,West,Fashion,Women Kurti,FAS-WOM150,1,1399,1399,APPONLY,111.92,0.18,1287.08,231.67,UPI,Returned,Mobile App,Nikhil Bansal,Delhivery,8,4,820.28,466.80,0.3627,176.00,1694.75
IN240901691,02-Sep-2024,CUST64439,Ishaan Das,26,Thiruvananthapuram,Kerala,South,Home & Kitchen,Water Purifier,HOM-WAT475,2,9499,18998,No Coupon,0.00,0.18,18998.00,3419.64,UPI,Delivered,Marketplace,Sagar Pawar,Xpressbees,3,1,14195.14,4802.86,0.2528,64.00,22481.64
IN240901316,03-Sep-2024,CUST72662,Sai Kadam,23,Indore,Madhya Pradesh,Central,Books & Stationery,Kids Story Book,BOO-KID739,5,298,1490,No Coupon,0.00,0.05,1490.00,74.50,UPI,Delivered,Website,Nikhil Bansal,DTDC,3,5,1051.32,438.68,0.2944,73.00,1637.50
IN240901584,03-Sep-2024,CUST41242,Rahul Ghosh,22,Jaipur,Rajasthan,North,Grocery & Gourmet,Dry Fruits Pack,GRO-DRY438,2,1399,2798,No Coupon,0.00,0.18,2798.00,503.64,Credit Card,Delivered,Mobile App,Kavya Deshmukh,Blue Dart,4,5,1925.59,872.41,0.3118,65.00,3366.64
IN240901832,03-Sep-2024,CUST69330,Bhavna More,19,Mumbai,Maharashtra,West,Home & Kitchen,Mixer Grinder,HOM-MIX126,2,6399,12798,No Coupon,0.00,0.12,12798.00,1535.76,UPI,Delivered,Social Commerce,Isha Gupta,Ecom Express,5,5,8824.67,3973.33,0.3105,125.00,14458.76
IN240902060,03-Sep-2024,CUST27328,Komal Shaikh,41,Vijayawada,Andhra Pradesh,South,Home & Kitchen,Mixer Grinder,HOM-MIX886,1,1499,1499,FESTIVE10,149.90,0.12,1349.10,161.89,UPI,Delivered,Website,Swati Mishra,Ecom Express,3,5,1122.69,226.41,0.1678,81.00,1591.99
IN240900593,04-Sep-2024,CUST70808,Janhavi Kumar,24,Kolkata,West Bengal,East,Mobiles & Accessories,Phone Cover,MOB-PHO175,1,367,367,No Coupon,0.00,0.18,367.00,66.06,UPI,Delivered,Website,Manish Iyer,DTDC,2,5,292.48,74.52,0.2031,126.00,559.06
IN240901583,04-Sep-2024,CUST64247,Nisha Pawar,53,Patna,Bihar,East,Books & Stationery,Pen Set,BOO-PEN166,1,203,203,APPONLY,16.24,0.05,186.76,9.34,UPI,Cancelled,Website,Priya Nair,Xpressbees,4,,140.05,46.71,0.2501,0.00,196.10
IN240901811,04-Sep-2024,CUST67917,Meera Shinde,38,Pune,Maharashtra,West,Books & Stationery,Kids Story Book,BOO-KID709,1,324,324,FREESHIP,0.00,0.12,324.00,38.88,Wallet,Delivered,Website,Isha Gupta,Shadowfax,2,4,239.66,84.34,0.2603,153.00,515.88
IN240900027,05-Sep-2024,CUST85851,Shruti Ansari,28,Gurugram,Haryana,North,Electronics,Bluetooth Speaker,ELE-BLU434,1,8099,8099,No Coupon,0.00,0.18,8099.00,1457.82,Debit Card,Delivered,Mobile App,Amit Sharma,Blue Dart,5,4,6441.87,1657.13,0.2046,110.00,9666.82
IN240900960,05-Sep-2024,CUST81590,Prachi Bhatia,57,Ludhiana,Punjab,North,Fashion,Women Kurti,FAS-WOM833,1,918,918,No Coupon,0.00,0.18,918.00,165.24,Net Banking,Delivered,Website,Anjali Joshi,India Post,1,5,576.42,341.58,0.3721,114.00,1197.24
IN240901504,06-Sep-2024,CUST41296,Aarav Khan,33,Bhubaneswar,Odisha,East,Home & Kitchen,Mixer Grinder,HOM-MIX914,2,5399,10798,No Coupon,0.00,0.18,10798.00,1943.64,Debit Card,Shipped,Social Commerce,Manish Iyer,DTDC,2,,6889.46,3908.54,0.3620,76.00,12817.64
IN240901993,06-Sep-2024,CUST90831,Aarti Sharma,19,Thiruvananthapuram,Kerala,South,Fashion,Women Kurti,FAS-WOM400,1,2599,2599,No Coupon,0.00,0.18,2599.00,467.82,Net Banking,Delivered,Mobile App,Swati Mishra,India Post,1,4,1732.68,866.32,0.3333,128.00,3194.82
IN240901109,07-Sep-2024,CUST48665,Payal Ghosh,27,Chandigarh,Chandigarh,North,Fashion,Jeans,FAS-JEA986,1,1599,1599,No Coupon,0.00,0.18,1599.00,287.82,Debit Card,Shipped,Mobile App,Sagar Pawar,India Post,4,,1074.94,524.06,0.3277,172.00,2058.82
IN240901363,07-Sep-2024,CUST83938,Shaurya Reddy,30,Ludhiana,Punjab,North,Books & Stationery,Office Diary,BOO-OFF301,1,361,361,No Coupon,0.00,0.12,361.00,43.32,UPI,Returned,Website,Nikhil Bansal,Delhivery,3,4,236.47,124.53,0.3450,143.00,547.32
IN240902122,07-Sep-2024,CUST44868,Reyansh Qureshi,40,Nagpur,Maharashtra,West,Electronics,LED TV,ELE-LED163,1,79899,79899,No Coupon,0.00,0.18,79899.00,14381.82,UPI,Returned,Website,Deepak Yadav,Blue Dart,3,4,61781.37,18117.63,0.2268,116.00,94396.82
IN240900338,08-Sep-2024,CUST18422,Ira Ghosh,48,Mysuru,Karnataka,South,Grocery & Gourmet,Tea Pack,GRO-TEA630,2,303,606,No Coupon,0.00,0.18,606.00,109.08,UPI,Delivered,Mobile App,Amit Sharma,Delhivery,4,4,439.92,166.08,0.2741,86.00,801.08
IN240900414,08-Sep-2024,CUST88102,Priya Yadav,22,Vijayawada,Andhra Pradesh,South,Mobiles & Accessories,Smartphone,MOB-SMA929,2,16399,32798,No Coupon,0.00,0.18,32798.00,5903.64,Debit Card,Returned,Mobile App,Vikram Singh,Blue Dart,6,5,28172.10,4625.90,0.1410,172.00,38873.64
IN240901258,08-Sep-2024,CUST62424,Suresh Pawar,24,Bengaluru,Karnataka,South,Mobiles & Accessories,Power Bank,MOB-POW653,1,2499,2499,No Coupon,0.00,0.18,2499.00,449.82,UPI,Returned,Mobile App,Deepak Yadav,Shadowfax,2,5,1865.30,633.70,0.2536,97.00,3045.82
IN240900233,09-Sep-2024,CUST31394,Shaurya Iyer,24,Ahmedabad,Gujarat,West,Fashion,Women Kurti,FAS-WOM675,1,2399,2399,No Coupon,0.00,0.12,2399.00,287.88,Credit Card,Delivered,Website,Vikram Singh,DTDC,1,4,1707.09,691.91,0.2884,126.00,2812.88
IN240901317,09-Sep-2024,CUST41976,Vivaan Khan,49,Guwahati,Assam,North East,Mobiles & Accessories,Power Bank,MOB-POW507,1,2499,2499,No Coupon,0.00,0.18,2499.00,449.82,COD,Delivered,Website,Rohan Mehta,Xpressbees,1,4,1871.16,627.84,0.2512,69.00,3017.82
IN240902169,09-Sep-2024,CUST49750,Pranav Reddy,50,Hyderabad,Telangana,South,Fashion,Handbag,FAS-HAN242,1,2399,2399,No Coupon,0.00,0.18,2399.00,431.82,Debit Card,Delivered,Website,Rahul Verma,Xpressbees,1,5,1799.67,599.33,0.2498,168.00,2998.82
IN240902319,09-Sep-2024,CUST56108,Bhavna Ansari,27,Bhopal,Madhya Pradesh,Central,Fashion,Jeans,FAS-JEA943,1,1999,1999,No Coupon,0.00,0.12,1999.00,239.88,UPI,Delivered,Website,Rohan Mehta,India Post,3,3,1437.49,561.51,0.2809,153.00,2391.88
IN240900230,10-Sep-2024,CUST59103,Mansi Pillai,30,Bhubaneswar,Odisha,East,Mobiles & Accessories,Power Bank,MOB-POW429,1,2199,2199,WELCOME100,100.00,0.18,2099.00,377.82,Debit Card,Shipped,Marketplace,Tanvi Jadhav,Ecom Express,3,,1843.92,255.08,0.1215,152.00,2628.82
IN240900986,10-Sep-2024,CUST31140,Rudra Gupta,41,Kolkata,West Bengal,East,Fashion,Women Kurti,FAS-WOM564,2,2099,4198,No Coupon,0.00,0.18,4198.00,755.64,Credit Card,Delivered,Mobile App,Kavya Deshmukh,Blue Dart,5,5,2517.04,1680.96,0.4004,164.00,5117.64
IN240901202,10-Sep-2024,CUST41196,Krishna Bhatia,48,Ludhiana,Punjab,North,Sports & Fitness,Dumbbell Set,SPO-DUM130,2,2899,5798,MEGADEAL,1043.64,0.18,4754.36,855.78,Debit Card,Delivered,Website,Rahul Verma,Shadowfax,4,4,3865.09,889.27,0.1870,165.00,5775.14
IN240901821,10-Sep-2024,CUST16575,Komal Ansari,40,Coimbatore,Tamil Nadu,South,Mobiles & Accessories,Tempered Glass,MOB-TEM636,1,336,336,FESTIVE10,33.60,0.12,302.40,36.29,Net Banking,Delivered,Website,Neha Patel,Xpressbees,3,4,265.03,37.37,0.1236,149.00,487.69
IN240902499,10-Sep-2024,CUST71214,Shaurya Agarwal,50,Vijayawada,Andhra Pradesh,South,Fashion,Men T-Shirt,FAS-MEN699,1,782,782,PAYDAY15,117.30,0.12,664.70,79.76,COD,Delivered,Website,Deepak Yadav,India Post,5,4,605.53,59.17,0.0890,63.00,807.46
IN240900332,11-Sep-2024,CUST94052,Vihaan Banerjee,46,Vadodara,Gujarat,West,Books & Stationery,Exam Prep Book,BOO-EXA363,2,753,1506,No Coupon,0.00,0.05,1506.00,75.30,Debit Card,Delivered,Website,Karan Malhotra,DTDC,2,4,936.34,569.66,0.3783,76.00,1657.30
IN240901868,11-Sep-2024,CUST27061,Priya Pawar,27,Coimbatore,Tamil Nadu,South,Mobiles & Accessories,Smart Watch,MOB-SMA544,1,6399,6399,No Coupon,0.00,0.18,6399.00,1151.82,Credit Card,Delivered,Marketplace,Swati Mishra,India Post,4,3,4619.28,1779.72,0.2781,119.00,7669.82
IN240901975,11-Sep-2024,CUST73234,Pooja Bhatia,55,Nashik,Maharashtra,West,Electronics,Laptop,ELE-LAP218,1,51599,51599,WELCOME100,100.00,0.18,51499.00,9269.82,UPI,Delivered,Marketplace,Manish Iyer,DTDC,3,4,43309.19,8189.81,0.1590,174.00,60942.82
IN240901752,12-Sep-2024,CUST97556,Ishaan Kumar,32,Kochi,Kerala,South,Home & Kitchen,Mixer Grinder,HOM-MIX452,1,3299,3299,FESTIVE10,329.90,0.12,2969.10,356.29,Debit Card,Delivered,Mobile App,Sagar Pawar,DTDC,1,4,1956.63,1012.47,0.3410,121.00,3446.39
IN240902028,12-Sep-2024,CUST36609,Shruti Mehta,19,Vadodara,Gujarat,West,Books & Stationery,Office Diary,BOO-OFF187,1,508,508,No Coupon,0.00,0.05,508.00,25.40,Debit Card,Delivered,Marketplace,Rahul Verma,Blue Dart,1,1,315.34,192.66,0.3793,169.00,702.40
IN240902274,12-Sep-2024,CUST76706,Rahul Deshmukh,33,Visakhapatnam,Andhra Pradesh,South,Fashion,Jeans,FAS-JEA602,1,1299,1299,APPONLY,103.92,0.18,1195.08,215.11,COD,Delivered,Website,Nikhil Bansal,Ecom Express,2,4,959.37,235.71,0.1972,139.00,1549.19
IN240900572,13-Sep-2024,CUST80181,Tanvi Kulkarni,58,Jaipur,Rajasthan,North,Fashion,Saree,FAS-SAR103,1,2399,2399,APPONLY,191.92,0.18,2207.08,397.27,COD,Delivered,Mobile App,Rohan Mehta,Delhivery,5,4,1640.37,566.71,0.2568,75.00,2679.35
IN240900767,13-Sep-2024,CUST59854,Kabir Jadhav,52,Chandigarh,Chandigarh,North,Books & Stationery,Pen Set,BOO-PEN578,1,106,106,No Coupon,0.00,0.18,106.00,19.08,UPI,Delivered,Website,Manish Iyer,DTDC,4,4,81.72,24.28,0.2291,73.00,198.08
IN240900270,14-Sep-2024,CUST62876,Kiara Chatterjee,18,Delhi,Delhi,North,Fashion,Handbag,FAS-HAN625,2,3999,7998,FREESHIP,0.00,0.12,7998.00,959.76,Debit Card,Delivered,Website,Kavya Deshmukh,Blue Dart,5,5,5095.74,2902.26,0.3629,122.00,9079.76
IN240901035,14-Sep-2024,CUST70733,Amit Chatterjee,47,Vijayawada,Andhra Pradesh,South,Sports & Fitness,Dumbbell Set,SPO-DUM629,1,4899,4899,No Coupon,0.00,0.12,4899.00,587.88,Debit Card,Delivered,Marketplace,Amit Sharma,Ecom Express,3,5,3799.81,1099.19,0.2244,170.00,5656.88
IN240901550,15-Sep-2024,CUST41320,Mansi Sharma,27,Lucknow,Uttar Pradesh,North,Grocery & Gourmet,Dry Fruits Pack,GRO-DRY251,1,780,780,WELCOME100,100.00,0.18,680.00,122.40,Credit Card,Returned,Mobile App,Rahul Verma,DTDC,3,5,606.91,73.09,0.1075,107.00,909.40
IN240902345,15-Sep-2024,CUST99145,Pranav Gaikwad,58,Hyderabad,Telangana,South,Beauty & Personal Care,Face Wash,BEA-FAC734,2,320,640,DIWALI20,128.00,0.18,512.00,92.16,Credit Card,Cancelled,Mobile App,Manish Iyer,Xpressbees,3,,433.56,78.44,0.1532,0.00,604.16
IN240901184,16-Sep-2024,CUST96104,Anika Chatterjee,49,Ahmedabad,Gujarat,West,Grocery & Gourmet,Basmati Rice 5kg,GRO-BAS593,2,845,1690,NEWYEAR10,169.00,0.05,1521.00,76.05,Net Banking,Delivered,Marketplace,Deepak Yadav,Ecom Express,2,2,1025.09,495.91,0.3260,137.00,1734.05
IN240901235,16-Sep-2024,CUST71032,Vikram Bhatia,34,Bhubaneswar,Odisha,East,Grocery & Gourmet,Dry Fruits Pack,GRO-DRY828,1,1899,1899,No Coupon,0.00,0.05,1899.00,94.95,Credit Card,Delivered,Mobile App,Vikram Singh,Shadowfax,2,2,1138.03,760.97,0.4007,123.00,2116.95
IN240901804,16-Sep-2024,CUST22535,Kavya Kumar,36,Patna,Bihar,East,Home & Kitchen,Water Purifier,HOM-WAT176,1,21999,21999,FREESHIP,0.00,0.12,21999.00,2639.88,Wallet,Delivered,Website,Priya Nair,Delhivery,4,4,13214.88,8784.12,0.3993,96.00,24734.88
IN240901040,18-Sep-2024,CUST94623,Vivaan Banerjee,39,Indore,Madhya Pradesh,Central,Home & Kitchen,Pressure Cooker,HOM-PRE161,1,3099,3099,PAYDAY15,464.85,0.18,2634.15,474.15,UPI,Shipped,Mobile App,Sagar Pawar,India Post,3,,2183.18,450.97,0.1712,110.00,3218.30
IN240901119,18-Sep-2024,CUST10778,Anika Bansal,39,Ludhiana,Punjab,North,Mobiles & Accessories,Power Bank,MOB-POW421,1,1599,1599,DIWALI20,319.80,0.12,1279.20,153.50,Credit Card,Delivered,Website,Swati Mishra,DTDC,3,4,1197.47,81.73,0.0639,99.00,1531.70
IN240900570,19-Sep-2024,CUST97234,Rajesh Nair,27,Ahmedabad,Gujarat,West,Home & Kitchen,Pressure Cooker,HOM-PRE511,3,1499,4497,No Coupon,0.00,0.18,4497.00,809.46,Debit Card,Delivered,Mobile App,Rahul Verma,Xpressbees,4,4,2834.65,1662.35,0.3697,106.00,5412.46
IN240901399,19-Sep-2024,CUST24740,Diya Banerjee,50,Hyderabad,Telangana,South,Books & Stationery,Exam Prep Book,BOO-EXA959,2,206,412,MEGADEAL,74.16,0.18,337.84,60.81,Debit Card,Delivered,Mobile App,Neha Patel,DTDC,3,3,255.30,82.54,0.2443,139.00,537.65
IN240901652,19-Sep-2024,CUST56301,Sakshi Saxena,20,Patna,Bihar,East,Grocery & Gourmet,Dry Fruits Pack,GRO-DRY693,2,1599,3198,No Coupon,0.00,0.18,3198.00,575.64,Net Banking,Delivered,Mobile App,Neha Patel,Xpressbees,1,5,2330.28,867.72,0.2713,162.00,3935.64
IN240901901,19-Sep-2024,CUST75632,Yash Banerjee,41,Bengaluru,Karnataka,South,Mobiles & Accessories,Smart Watch,MOB-SMA235,3,15899,47697,No Coupon,0.00,0.18,47697.00,8585.46,UPI,Delivered,Website,Kavya Deshmukh,Delhivery,6,5,38895.28,8801.72,0.1845,124.00,56406.46
IN240901396,20-Sep-2024,CUST87379,Manish Yadav,39,Visakhapatnam,Andhra Pradesh,South,Electronics,Tablet,ELE-TAB675,1,26699,26699,No Coupon,0.00,0.12,26699.00,3203.88,COD,Delivered,Mobile App,Nikhil Bansal,Blue Dart,4,4,21533.68,5165.32,0.1935,115.00,30017.88
IN240901746,20-Sep-2024,CUST14022,Vikram Gupta,27,Delhi,Delhi,North,Fashion,Sneakers,FAS-SNE430,1,3199,3199,DIWALI20,639.80,0.18,2559.20,460.66,COD,Delivered,Website,Amit Sharma,Xpressbees,3,3,2383.70,175.50,0.0686,127.00,3146.86
IN240900476,21-Sep-2024,CUST55696,Yash Tiwari,22,Chandigarh,Chandigarh,North,Electronics,Tablet,ELE-TAB834,1,34299,34299,PAYDAY15,5144.85,0.18,29154.15,5247.75,Wallet,Delivered,Website,Priya Nair,DTDC,6,3,28256.10,898.05,0.0308,114.00,34515.90
IN240901380,21-Sep-2024,CUST98889,Krishna Khan,29,Ranchi,Jharkhand,East,Sports & Fitness,Fitness Band,SPO-FIT601,1,3399,3399,DIWALI20,679.80,0.18,2719.20,489.46,UPI,Delivered,Mobile App,Neha Patel,Delhivery,3,5,2600.18,119.02,0.0438,71.00,3279.66
IN240901431,21-Sep-2024,CUST45680,Kavya Ansari,22,Indore,Madhya Pradesh,Central,Fashion,Women Kurti,FAS-WOM604,1,2499,2499,No Coupon,0.00,0.12,2499.00,299.88,UPI,Delivered,Social Commerce,Amit Sharma,DTDC,3,3,1491.33,1007.67,0.4032,95.00,2893.88
IN240901469,21-Sep-2024,CUST80691,Siddharth More,23,Vadodara,Gujarat,West,Mobiles & Accessories,Smartphone,MOB-SMA698,1,25399,25399,No Coupon,0.00,0.12,25399.00,3047.88,UPI,Shipped,Website,Sneha Kulkarni,Delhivery,5,,21387.07,4011.93,0.1580,130.00,28576.88
IN240901620,21-Sep-2024,CUST73452,Harsh Jadhav,25,Bhubaneswar,Odisha,East,Home & Kitchen,Cookware Set,HOM-COO871,1,5299,5299,No Coupon,0.00,0.18,5299.00,953.82,UPI,Delivered,Mobile App,Pooja Reddy,Shadowfax,3,4,3206.46,2092.54,0.3949,73.00,6325.82
IN240901642,21-Sep-2024,CUST73052,Komal Mehta,46,Vadodara,Gujarat,West,Fashion,Men T-Shirt,FAS-MEN188,1,1499,1499,No Coupon,0.00,0.12,1499.00,179.88,Net Banking,Delivered,Mobile App,Kavya Deshmukh,Shadowfax,5,5,969.47,529.53,0.3533,106.00,1784.88
IN240900065,22-Sep-2024,CUST81942,Prachi Ghosh,31,Indore,Madhya Pradesh,Central,Electronics,Wireless Mouse,ELE-WIR969,1,1899,1899,FESTIVE10,189.90,0.12,1709.10,205.09,UPI,Delivered,Website,Pooja Reddy,India Post,2,3,1593.54,115.56,0.0676,127.00,2041.19
IN240900640,22-Sep-2024,CUST27317,Akshay Agarwal,33,Bhopal,Madhya Pradesh,Central,Electronics,Laptop,ELE-LAP945,1,72199,72199,No Coupon,0.00,0.12,72199.00,8663.88,Wallet,Delivered,Marketplace,Nikhil Bansal,Xpressbees,5,5,60622.12,11576.88,0.1603,88.00,80950.88
IN240900652,22-Sep-2024,CUST51431,Rajesh Kulkarni,21,Bhubaneswar,Odisha,East,Mobiles & Accessories,Bluetooth Earbuds,MOB-BLU992,1,2599,2599,PAYDAY15,389.85,0.12,2209.15,265.10,UPI,Delivered,Website,Kavya Deshmukh,DTDC,3,5,1874.15,335.00,0.1516,83.00,2557.25
IN240900695,22-Sep-2024,CUST65901,Ishaan More,27,Jaipur,Rajasthan,North,Mobiles & Accessories,Phone Cover,MOB-PHO737,1,224,224,No Coupon,0.00,0.12,224.00,26.88,COD,Delivered,Website,Sneha Kulkarni,India Post,4,4,185.55,38.45,0.1717,68.00,318.88
IN240901740,22-Sep-2024,CUST63711,Reyansh Pillai,47,Ahmedabad,Gujarat,West,Grocery & Gourmet,Tea Pack,GRO-TEA591,3,364,1092,FESTIVE10,109.20,0.05,982.80,49.14,UPI,Delivered,Mobile App,Karan Malhotra,Shadowfax,4,5,751.78,231.02,0.2351,145.00,1176.94
IN240901758,23-Sep-2024,CUST96530,Reyansh Tiwari,32,Bengaluru,Karnataka,South,Sports & Fitness,Cricket Bat,SPO-CRI982,3,1199,3597,FREESHIP,0.00,0.18,3597.00,647.46,UPI,Delivered,Website,Isha Gupta,Xpressbees,3,3,2508.98,1088.02,0.3025,118.00,4362.46
IN240902338,23-Sep-2024,CUST77385,Vihaan Iyer,25,Bengaluru,Karnataka,South,Electronics,Keyboard,ELE-KEY959,1,2399,2399,No Coupon,0.00,0.12,2399.00,287.88,COD,Returned,Mobile App,Kavya Deshmukh,Ecom Express,3,5,1967.88,431.12,0.1797,159.00,2845.88
IN240900566,24-Sep-2024,CUST69008,Mansi More,22,Jaipur,Rajasthan,North,Fashion,Women Kurti,FAS-WOM278,3,1499,4497,DIWALI20,899.40,0.18,3597.60,647.57,UPI,Delivered,Social Commerce,Karan Malhotra,Blue Dart,1,3,3186.70,410.90,0.1142,62.00,4307.17
IN240900671,24-Sep-2024,CUST42557,Ishaan Rathod,53,Vadodara,Gujarat,West,Grocery & Gourmet,Cold Pressed Oil,GRO-COL313,1,349,349,No Coupon,0.00,0.18,349.00,62.82,UPI,Delivered,Mobile App,Pooja Reddy,Delhivery,3,3,253.56,95.44,0.2735,77.00,488.82
IN240900947,24-Sep-2024,CUST69311,Rajesh Khan,33,Kolkata,West Bengal,East,Fashion,Men T-Shirt,FAS-MEN840,1,1599,1599,No Coupon,0.00,0.12,1599.00,191.88,Debit Card,Delivered,Marketplace,Deepak Yadav,Shadowfax,3,5,1168.91,430.09,0.2690,171.00,1961.88
IN240901373,24-Sep-2024,CUST68113,Swati Jadhav,37,Bhopal,Madhya Pradesh,Central,Sports & Fitness,Yoga Mat,SPO-YOG853,1,561,561,PAYDAY15,84.15,0.12,476.85,57.22,UPI,Delivered,Mobile App,Pooja Reddy,DTDC,4,4,336.25,140.60,0.2949,153.00,687.07
IN240901922,25-Sep-2024,CUST94971,Sai Pawar,20,Bengaluru,Karnataka,South,Home & Kitchen,Mixer Grinder,HOM-MIX163,2,5299,10598,No Coupon,0.00,0.12,10598.00,1271.76,Debit Card,Cancelled,Marketplace,Sagar Pawar,DTDC,4,,6778.65,3819.35,0.3604,0.00,11869.76
IN240902123,25-Sep-2024,CUST14012,Arjun Bansal,43,Thiruvananthapuram,Kerala,South,Mobiles & Accessories,Smartphone,MOB-SMA682,1,56999,56999,FESTIVE10,5699.90,0.12,51299.10,6155.89,Debit Card,Delivered,Website,Deepak Yadav,India Post,3,3,48187.71,3111.39,0.0607,133.00,57587.99
IN240902163,25-Sep-2024,CUST43350,Deepak Patel,51,Kolkata,West Bengal,East,Beauty & Personal Care,Skin Cream,BEA-SKI216,1,1299,1299,No Coupon,0.00,0.18,1299.00,233.82,Wallet,Delivered,Marketplace,Karan Malhotra,Blue Dart,6,4,961.09,337.91,0.2601,109.00,1641.82
IN240902362,25-Sep-2024,CUST93399,Atharv Qureshi,52,Vadodara,Gujarat,West,Mobiles & Accessories,Smartphone,MOB-SMA403,1,66399,66399,DIWALI20,13279.80,0.18,53119.20,9561.46,UPI,Delivered,Website,Deepak Yadav,Delhivery,8,4,52014.89,1104.31,0.0208,68.00,62748.66
IN240902074,26-Sep-2024,CUST56873,Arjun Rathod,40,Delhi,Delhi,North,Books & Stationery,Notebook Pack,BOO-NOT101,1,370,370,No Coupon,0.00,0.12,370.00,44.40,UPI,Delivered,Mobile App,Deepak Yadav,Delhivery,2,5,233.66,136.34,0.3685,90.00,504.40
IN240902229,26-Sep-2024,CUST46134,Saanvi Kapoor,18,Nashik,Maharashtra,West,Grocery & Gourmet,Tea Pack,GRO-TEA361,1,265,265,No Coupon,0.00,0.12,265.00,31.80,UPI,Delivered,Website,Sagar Pawar,Xpressbees,2,5,179.46,85.54,0.3228,84.00,380.80
IN240900293,27-Sep-2024,CUST18605,Kiara Agarwal,21,Surat,Gujarat,West,Home & Kitchen,Air Fryer,HOM-AIR912,1,14699,14699,FESTIVE10,1469.90,0.18,13229.10,2381.24,UPI,Cancelled,Marketplace,Kavya Deshmukh,Delhivery,3,,11334.09,1895.01,0.1432,0.00,15610.34
IN240900828,27-Sep-2024,CUST74157,Ira Bhatia,53,Noida,Uttar Pradesh,North,Fashion,Handbag,FAS-HAN120,4,3199,12796,PAYDAY15,1919.40,0.12,10876.60,1305.19,Debit Card,Delivered,Website,Rahul Verma,Xpressbees,4,4,8080.00,2796.60,0.2571,175.00,12356.79
IN240902208,27-Sep-2024,CUST12716,Suresh Tiwari,45,Indore,Madhya Pradesh,Central,Beauty & Personal Care,Shampoo,BEA-SHA195,1,607,607,No Coupon,0.00,0.18,607.00,109.26,Net Banking,Delivered,Mobile App,Tanvi Jadhav,Ecom Express,3,4,460.32,146.68,0.2416,93.00,809.26
IN240901227,28-Sep-2024,CUST52536,Karan Pillai,38,Delhi,Delhi,North,Electronics,Bluetooth Speaker,ELE-BLU370,3,8199,24597,No Coupon,0.00,0.18,24597.00,4427.46,UPI,Delivered,Social Commerce,Deepak Yadav,Blue Dart,2,2,18796.17,5800.83,0.2358,145.00,29169.46
IN240901293,28-Sep-2024,CUST69847,Vikram Saxena,33,Gurugram,Haryana,North,Mobiles & Accessories,Power Bank,MOB-POW759,1,2099,2099,No Coupon,0.00,0.18,2099.00,377.82,Net Banking,Delivered,Mobile App,Swati Mishra,DTDC,8,4,1689.77,409.23,0.1950,95.00,2571.82
IN240901943,28-Sep-2024,CUST61272,Aadhya Bansal,41,Delhi,Delhi,North,Mobiles & Accessories,Smart Watch,MOB-SMA845,1,16299,16299,DIWALI20,3259.80,0.18,13039.20,2347.06,COD,Delivered,Mobile App,Amit Sharma,India Post,5,4,13883.47,-844.27,-0.0647,111.00,15497.26
IN240902471,28-Sep-2024,CUST56496,Pranav Yadav,38,Coimbatore,Tamil Nadu,South,Fashion,Handbag,FAS-HAN547,5,1299,6495,No Coupon,0.00,0.18,6495.00,1169.10,COD,Delivered,Website,Pooja Reddy,Delhivery,1,1,4468.32,2026.68,0.3120,140.00,7804.10
IN240900070,29-Sep-2024,CUST27257,Payal Nair,29,Bengaluru,Karnataka,South,Home & Kitchen,Water Purifier,HOM-WAT122,1,14699,14699,FREESHIP,0.00,0.18,14699.00,2645.82,COD,Delivered,Mobile App,Nikhil Bansal,Shadowfax,4,3,9751.12,4947.88,0.3366,89.00,17433.82
IN240900275,29-Sep-2024,CUST39366,Aadhya Patel,22,Coimbatore,Tamil Nadu,South,Beauty & Personal Care,Skin Cream,BEA-SKI671,2,283,566,DIWALI20,113.20,0.12,452.80,54.34,UPI,Delivered,Website,Karan Malhotra,Shadowfax,3,4,367.96,84.84,0.1874,69.00,576.14
IN240901057,29-Sep-2024,CUST85326,Rohan Patel,39,Noida,Uttar Pradesh,North,Fashion,Men T-Shirt,FAS-MEN921,1,1299,1299,PAYDAY15,194.85,0.18,1104.15,198.75,UPI,Returned,Social Commerce,Swati Mishra,DTDC,3,5,813.81,290.34,0.2630,135.00,1437.90
IN240901858,29-Sep-2024,CUST81758,Aarti Kumar,24,Ludhiana,Punjab,North,Books & Stationery,Pen Set,BOO-PEN240,3,323,969,No Coupon,0.00,0.18,969.00,174.42,UPI,Delivered,Mobile App,Sagar Pawar,Delhivery,2,2,576.16,392.84,0.4054,64.00,1207.42
IN240900730,30-Sep-2024,CUST95985,Bhavna Das,57,Ludhiana,Punjab,North,Mobiles & Accessories,Phone Cover,MOB-PHO818,1,869,869,No Coupon,0.00,0.18,869.00,156.42,Credit Card,Delivered,Mobile App,Kavya Deshmukh,Blue Dart,2,5,645.11,223.89,0.2576,114.00,1139.42
IN240900818,30-Sep-2024,CUST77822,Mansi Iyer,22,Bhopal,Madhya Pradesh,Central,Grocery & Gourmet,Coffee Pack,GRO-COF599,1,905,905,DIWALI20,181.00,0.05,724.00,36.20,Debit Card,Returned,Website,Pooja Reddy,Blue Dart,3,5,621.11,102.89,0.1421,70.00,830.20
IN240901939,30-Sep-2024,CUST94661,Ira Yadav,39,Patna,Bihar,East,Fashion,Women Kurti,FAS-WOM738,1,2499,2499,WELCOME100,100.00,0.18,2399.00,431.82,UPI,Delivered,Mobile App,Priya Nair,Shadowfax,1,3,1492.39,906.61,0.3779,141.00,2971.82
IN240902020,30-Sep-2024,CUST61888,Mansi Pillai,58,Gurugram,Haryana,North,Fashion,Saree,FAS-SAR134,1,4999,4999,No Coupon,0.00,0.18,4999.00,899.82,Wallet,Delivered,Mobile App,Sneha Kulkarni,Xpressbees,2,1,3001.33,1997.67,0.3996,74.00,5972.82
IN240902183,30-Sep-2024,CUST98585,Karan Iyer,30,Chennai,Tamil Nadu,South,Beauty & Personal Care,Perfume,BEA-PER492,1,2299,2299,No Coupon,0.00,0.12,2299.00,275.88,Credit Card,Delivered,Website,Rohan Mehta,Xpressbees,1,5,1581.87,717.13,0.3119,87.00,2661.88
IN241000832,01-Oct-2024,CUST20750,Saanvi Singh,28,Chandigarh,Chandigarh,North,Grocery & Gourmet,Cold Pressed Oil,GRO-COL984,1,752,752,FESTIVE10,75.20,0.05,676.80,33.84,Credit Card,Delivered,Mobile App,Karan Malhotra,Ecom Express,3,4,586.15,90.65,0.1339,173.00,883.64
IN241001141,01-Oct-2024,CUST93590,Sakshi Deshmukh,53,Nagpur,Maharashtra,West,Grocery & Gourmet,Tea Pack,GRO-TEA559,1,407,407,APPONLY,32.56,0.18,374.44,67.40,Credit Card,Delivered,Website,Manish Iyer,Xpressbees,4,4,255.95,118.49,0.3164,91.00,532.84
IN241001296,01-Oct-2024,CUST99972,Pooja Mehta,55,Nashik,Maharashtra,West,Fashion,Saree,FAS-SAR104,1,5799,5799,No Coupon,0.00,0.12,5799.00,695.88,Credit Card,Delivered,Website,Swati Mishra,Blue Dart,3,5,3519.15,2279.85,0.3931,138.00,6632.88
IN241001812,01-Oct-2024,CUST82211,Sagar Pillai,24,Noida,Uttar Pradesh,North,Grocery & Gourmet,Cold Pressed Oil,GRO-COL986,1,804,804,No Coupon,0.00,0.18,804.00,144.72,Wallet,Returned,Social Commerce,Neha Patel,Blue Dart,3,4,533.24,270.76,0.3368,78.00,1026.72
IN241001949,01-Oct-2024,CUST13647,Isha More,51,Noida,Uttar Pradesh,North,Mobiles & Accessories,Phone Cover,MOB-PHO265,1,748,748,No Coupon,0.00,0.12,748.00,89.76,UPI,Delivered,Website,Vikram Singh,Xpressbees,1,3,623.38,124.62,0.1666,92.00,929.76
IN241000013,02-Oct-2024,CUST35055,Anaya Bhatia,21,Vadodara,Gujarat,West,Home & Kitchen,Pressure Cooker,HOM-PRE685,1,2199,2199,PAYDAY15,329.85,0.12,1869.15,224.30,Net Banking,Delivered,Mobile App,Pooja Reddy,Ecom Express,5,5,1561.78,307.37,0.1644,180.00,2273.45
IN241000963,02-Oct-2024,CUST12319,Aadhya Kadam,46,Noida,Uttar Pradesh,North,Home & Kitchen,Bedsheet Set,HOM-BED687,2,1399,2798,No Coupon,0.00,0.12,2798.00,335.76,COD,Shipped,Social Commerce,Amit Sharma,Xpressbees,3,,1880.84,917.16,0.3278,113.00,3246.76
IN241001514,02-Oct-2024,CUST92380,Aarti Patel,26,Ludhiana,Punjab,North,Mobiles & Accessories,Tempered Glass,MOB-TEM677,1,134,134,WELCOME100,26.80,0.18,107.20,19.30,Net Banking,Delivered,Website,Amit Sharma,Xpressbees,4,4,106.01,1.19,0.0111,73.00,199.50
IN241001528,02-Oct-2024,CUST26728,Manish Patel,33,Mumbai,Maharashtra,West,Electronics,Laptop,ELE-LAP178,2,49199,98398,FESTIVE10,9839.80,0.12,88558.20,10626.98,Debit Card,Shipped,Website,Neha Patel,Ecom Express,2,,84619.52,3938.68,0.0445,71.00,99256.18
IN241001911,02-Oct-2024,CUST97967,Payal Reddy,46,Guwahati,Assam,North East,Beauty & Personal Care,Hair Oil,BEA-HAI279,1,445,445,No Coupon,0.00,0.18,445.00,80.10,Net Banking,Delivered,Website,Karan Malhotra,DTDC,2,5,338.72,106.28,0.2388,99.00,624.10
IN241000359,03-Oct-2024,CUST21513,Ira Das,22,Vadodara,Gujarat,West,Books & Stationery,Exam Prep Book,BOO-EXA117,2,258,516,No Coupon,0.00,0.18,516.00,92.88,Credit Card,Delivered,Mobile App,Neha Patel,Shadowfax,4,5,367.09,148.91,0.2886,150.00,758.88
IN241001568,03-Oct-2024,CUST82669,Deepak Dhawale,46,Bhopal,Madhya Pradesh,Central,Fashion,Saree,FAS-SAR408,1,4099,4099,WELCOME100,100.00,0.12,3999.00,479.88,Debit Card,Cancelled,Marketplace,Rohan Mehta,Ecom Express,3,,2744.10,1254.90,0.3138,0.00,4478.88
IN241000074,04-Oct-2024,CUST48310,Saanvi Deshmukh,22,Coimbatore,Tamil Nadu,South,Fashion,Saree,FAS-SAR846,2,3499,6998,APPONLY,559.84,0.18,6438.16,1158.87,Net Banking,Delivered,Marketplace,Vikram Singh,Xpressbees,3,1,4749.82,1688.34,0.2622,136.00,7733.03
IN241000341,04-Oct-2024,CUST36488,Priya Gaikwad,31,Pune,Maharashtra,West,Electronics,Bluetooth Speaker,ELE-BLU929,1,12299,12299,No Coupon,0.00,0.12,12299.00,1475.88,UPI,Delivered,Mobile App,Isha Gupta,DTDC,4,4,10072.09,2226.91,0.1811,102.00,13876.88
IN241000711,04-Oct-2024,CUST24118,Kavya Ansari,24,Vijayawada,Andhra Pradesh,South,Books & Stationery,Exam Prep Book,BOO-EXA397,2,259,518,MEGADEAL,93.24,0.18,424.76,76.46,UPI,Shipped,Website,Vikram Singh,Shadowfax,3,,395.86,28.90,0.0680,112.00,613.22
IN241001393,04-Oct-2024,CUST61982,Rahul Qureshi,35,Mumbai,Maharashtra,West,Mobiles & Accessories,Tempered Glass,MOB-TEM951,1,158,158,No Coupon,0.00,0.18,158.00,28.44,UPI,Delivered,Marketplace,Kavya Deshmukh,Delhivery,4,5,126.00,32.00,0.2025,143.00,329.44
IN241001441,04-Oct-2024,CUST61452,Kiara Nair,33,Bhubaneswar,Odisha,East,Grocery & Gourmet,Cold Pressed Oil,GRO-COL545,1,897,897,FREESHIP,0.00,0.12,897.00,107.64,UPI,Delivered,Mobile App,Sagar Pawar,Xpressbees,3,4,631.71,265.29,0.2958,127.00,1131.64
IN241001770,04-Oct-2024,CUST27973,Swati Chauhan,49,Guwahati,Assam,North East,Electronics,Tablet,ELE-TAB903,1,37899,37899,No Coupon,0.00,0.12,37899.00,4547.88,Credit Card,Shipped,Mobile App,Anjali Joshi,Blue Dart,3,,31024.66,6874.34,0.1814,65.00,42511.88
IN241002102,04-Oct-2024,CUST18436,Rutuja Pawar,27,Visakhapatnam,Andhra Pradesh,South,Books & Stationery,Kids Story Book,BOO-KID837,5,269,1345,PAYDAY15,201.75,0.05,1143.25,57.16,UPI,Delivered,Mobile App,Deepak Yadav,DTDC,3,4,845.02,298.23,0.2609,171.00,1371.41
IN241002322,04-Oct-2024,CUST32739,Aditya Das,18,Bengaluru,Karnataka,South,Books & Stationery,Exam Prep Book,BOO-EXA803,1,371,371,No Coupon,0.00,0.05,371.00,18.55,COD,Shipped,Mobile App,Kavya Deshmukh,India Post,3,,268.59,102.41,0.2760,139.00,528.55
IN241002061,05-Oct-2024,CUST12715,Rutuja Shaikh,44,Noida,Uttar Pradesh,North,Beauty & Personal Care,Perfume,BEA-PER257,1,714,714,No Coupon,0.00,0.18,714.00,128.52,COD,Delivered,Marketplace,Neha Patel,Shadowfax,4,5,481.38,232.62,0.3258,95.00,937.52
IN241002101,05-Oct-2024,CUST85446,Reyansh Ansari,19,Indore,Madhya Pradesh,Central,Mobiles & Accessories,Smartphone,MOB-SMA914,1,32999,32999,MEGADEAL,5939.82,0.18,27059.18,4870.65,UPI,Delivered,Website,Priya Nair,India Post,2,4,27784.91,-725.73,-0.0268,124.00,32053.83
IN241002341,05-Oct-2024,CUST65389,Rutuja Yadav,53,Indore,Madhya Pradesh,Central,Beauty & Personal Care,Skin Cream,BEA-SKI659,2,999,1998,APPONLY,159.84,0.12,1838.16,220.58,Credit Card,Delivered,Mobile App,Karan Malhotra,Ecom Express,2,5,1307.06,531.10,0.2889,81.00,2139.74
IN241000023,06-Oct-2024,CUST53630,Diya Patel,42,Nagpur,Maharashtra,West,Fashion,Jeans,FAS-JEA235,1,924,924,FESTIVE10,92.40,0.18,831.60,149.69,Wallet,Delivered,Mobile App,Manish Iyer,Xpressbees,4,3,558.05,273.55,0.3289,168.00,1149.29
IN241001337,06-Oct-2024,CUST26361,Manish Kumar,50,Chennai,Tamil Nadu,South,Electronics,Tablet,ELE-TAB507,2,53899,107798,No Coupon,0.00,0.12,107798.00,12935.76,Debit Card,Returned,Mobile App,Rohan Mehta,DTDC,2,1,84417.77,23380.23,0.2169,75.00,120808.76
IN241001709,06-Oct-2024,CUST85790,Ira Jadhav,33,Nagpur,Maharashtra,West,Grocery & Gourmet,Coffee Pack,GRO-COF918,1,714,714,PAYDAY15,107.10,0.05,606.90,30.34,COD,Delivered,Mobile App,Nikhil Bansal,Xpressbees,1,5,533.26,73.64,0.1213,62.00,699.24
IN241001920,06-Oct-2024,CUST63412,Ayaan Mishra,34,Hyderabad,Telangana,South,Books & Stationery,Notebook Pack,BOO-NOT931,1,364,364,No Coupon,0.00,0.18,364.00,65.52,Wallet,Delivered,Mobile App,Sagar Pawar,Delhivery,4,5,282.62,81.38,0.2236,125.00,554.52
IN241002017,06-Oct-2024,CUST17853,Vivaan Mishra,40,Lucknow,Uttar Pradesh,North,Sports & Fitness,Running Shoes,SPO-RUN393,1,2699,2699,No Coupon,0.00,0.12,2699.00,323.88,UPI,Delivered,Mobile App,Pooja Reddy,India Post,4,3,1797.56,901.44,0.3340,144.00,3166.88
IN241000034,07-Oct-2024,CUST44394,Rutuja Das,34,Surat,Gujarat,West,Fashion,Sneakers,FAS-SNE478,1,1399,1399,MEGADEAL,251.82,0.12,1147.18,137.66,UPI,Delivered,Mobile App,Tanvi Jadhav,Blue Dart,2,4,855.78,291.40,0.2540,117.00,1401.84
IN241000087,07-Oct-2024,CUST27326,Suresh Singh,42,Kochi,Kerala,South,Electronics,LED TV,ELE-LED702,1,38799,38799,No Coupon,0.00,0.12,38799.00,4655.88,Debit Card,Delivered,Mobile App,Neha Patel,Ecom Express,6,5,29705.89,9093.11,0.2344,75.00,43529.88
IN241000356,07-Oct-2024,CUST76164,Ayaan Dhawale,36,Vadodara,Gujarat,West,Home & Kitchen,Pressure Cooker,HOM-PRE946,1,1899,1899,APPONLY,151.92,0.18,1747.08,314.47,UPI,Shipped,Website,Karan Malhotra,DTDC,2,,1275.57,471.51,0.2699,140.00,2201.55
IN241000922,07-Oct-2024,CUST71203,Arjun Das,41,Hyderabad,Telangana,South,Beauty & Personal Care,Shampoo,BEA-SHA520,1,459,459,No Coupon,0.00,0.18,459.00,82.62,Debit Card,Delivered,Marketplace,Manish Iyer,India Post,2,3,318.47,140.53,0.3062,71.00,612.62
IN241001254,07-Oct-2024,CUST93798,Aarti Patel,57,Visakhapatnam,Andhra Pradesh,South,Home & Kitchen,Mixer Grinder,HOM-MIX547,2,3399,6798,FESTIVE10,679.80,0.12,6118.20,734.18,Credit Card,Delivered,Social Commerce,Nikhil Bansal,Shadowfax,5,4,4165.95,1952.25,0.3191,173.00,7025.38
IN241001547,07-Oct-2024,CUST54311,Neha Yadav,42,Kochi,Kerala,South,Home & Kitchen,Bedsheet Set,HOM-BED567,1,2199,2199,No Coupon,0.00,0.18,2199.00,395.82,UPI,Delivered,Website,Swati Mishra,Delhivery,4,4,1449.87,749.13,0.3407,82.00,2676.82
IN241002078,07-Oct-2024,CUST86455,Mansi Ghosh,28,Bengaluru,Karnataka,South,Fashion,Men T-Shirt,FAS-MEN412,1,725,725,WELCOME100,100.00,0.12,625.00,75.00,UPI,Returned,Marketplace,Manish Iyer,Delhivery,3,5,460.81,164.19,0.2627,61.00,761.00
IN241002228,07-Oct-2024,CUST75733,Aarti Saxena,41,Mumbai,Maharashtra,West,Mobiles & Accessories,Power Bank,MOB-POW121,2,928,1856,No Coupon,0.00,0.18,1856.00,334.08,Credit Card,Delivered,Marketplace,Kavya Deshmukh,Delhivery,4,4,1401.53,454.47,0.2449,152.00,2342.08
IN241000515,08-Oct-2024,CUST81889,Shaurya Sharma,36,Kochi,Kerala,South,Beauty & Personal Care,Shampoo,BEA-SHA350,2,736,1472,APPONLY,117.76,0.18,1354.24,243.76,Wallet,Delivered,Mobile App,Manish Iyer,India Post,4,4,1024.75,329.49,0.2433,180.00,1778.00
IN241000723,08-Oct-2024,CUST48635,Arjun Tiwari,24,Thiruvananthapuram,Kerala,South,Fashion,Women Kurti,FAS-WOM157,1,922,922,PAYDAY15,138.30,0.18,783.70,141.07,COD,Delivered,Website,Tanvi Jadhav,Shadowfax,2,1,576.13,207.57,0.2649,72.00,996.77
IN241000877,08-Oct-2024,CUST63717,Sakshi Mehta,35,Mysuru,Karnataka,South,Beauty & Personal Care,Trimmer,BEA-TRI530,1,1099,1099,No Coupon,0.00,0.12,1099.00,131.88,COD,Delivered,Marketplace,Deepak Yadav,Blue Dart,6,5,801.24,297.76,0.2709,149.00,1379.88
IN241001503,08-Oct-2024,CUST50712,Deepak Saxena,47,Kolkata,West Bengal,East,Beauty & Personal Care,Skin Cream,BEA-SKI165,1,523,523,PAYDAY15,78.45,0.18,444.55,80.02,UPI,Delivered,Social Commerce,Pooja Reddy,Shadowfax,5,2,380.88,63.67,0.1432,155.00,679.57
IN241001524,08-Oct-2024,CUST17458,Komal Kadam,35,Bhopal,Madhya Pradesh,Central,Mobiles & Accessories,Smartphone,MOB-SMA737,1,45299,45299,No Coupon,0.00,0.12,45299.00,5435.88,Net Banking,Delivered,Mobile App,Rohan Mehta,Shadowfax,5,3,32847.02,12451.98,0.2749,102.00,50836.88
IN241001602,08-Oct-2024,CUST76211,Atharv Kapoor,31,Chandigarh,Chandigarh,North,Fashion,Sneakers,FAS-SNE430,4,3799,15196,No Coupon,0.00,0.18,15196.00,2735.28,UPI,Delivered,Social Commerce,Manish Iyer,Shadowfax,3,4,9936.88,5259.12,0.3461,152.00,18083.28
IN241002066,08-Oct-2024,CUST67100,Payal Joshi,52,Patna,Bihar,East,Beauty & Personal Care,Trimmer,BEA-TRI581,2,1099,2198,PAYDAY15,329.70,0.18,1868.30,336.29,Credit Card,Delivered,Marketplace,Deepak Yadav,Blue Dart,4,4,1351.96,516.34,0.2764,113.00,2317.59
IN241002107,08-Oct-2024,CUST27308,Deepak Bhatia,28,Bengaluru,Karnataka,South,Mobiles & Accessories,Bluetooth Earbuds,MOB-BLU893,1,1099,1099,FESTIVE10,109.90,0.18,989.10,178.04,Net Banking,Delivered,Marketplace,Anjali Joshi,Blue Dart,3,4,891.82,97.28,0.0984,162.00,1329.14
IN241000797,09-Oct-2024,CUST48416,Meera Kapoor,21,Lucknow,Uttar Pradesh,North,Grocery & Gourmet,Spices Combo,GRO-SPI430,1,595,595,No Coupon,0.00,0.12,595.00,71.40,Debit Card,Delivered,Website,Karan Malhotra,Blue Dart,6,1,403.64,191.36,0.3216,146.00,812.40
IN241001918,09-Oct-2024,CUST50855,Kiara Pillai,56,Visakhapatnam,Andhra Pradesh,South,Mobiles & Accessories,Power Bank,MOB-POW447,2,3599,7198,No Coupon,0.00,0.18,7198.00,1295.64,Debit Card,Returned,Mobile App,Neha Patel,India Post,4,5,5523.25,1674.75,0.2327,129.00,8622.64
IN241002114,09-Oct-2024,CUST21739,Swati Bhatia,44,Chennai,Tamil Nadu,South,Fashion,Jeans,FAS-JEA415,1,2699,2699,FESTIVE10,269.90,0.12,2429.10,291.49,Credit Card,Shipped,Social Commerce,Vikram Singh,Delhivery,4,,2039.24,389.86,0.1605,81.00,2801.59
IN241000059,10-Oct-2024,CUST64553,Sai Shaikh,30,Ahmedabad,Gujarat,West,Fashion,Sneakers,FAS-SNE452,1,2499,2499,No Coupon,0.00,0.18,2499.00,449.82,Debit Card,Shipped,Social Commerce,Vikram Singh,Shadowfax,5,,1708.49,790.51,0.3163,151.00,3099.82
IN241001282,10-Oct-2024,CUST48492,Priya Khan,48,Kochi,Kerala,South,Fashion,Jeans,FAS-JEA485,1,1699,1699,No Coupon,0.00,0.12,1699.00,203.88,Wallet,Delivered,Mobile App,Kavya Deshmukh,Shadowfax,3,3,1152.15,546.85,0.3219,119.00,2021.88
IN241001945,10-Oct-2024,CUST77105,Isha Reddy,28,Indore,Madhya Pradesh,Central,Home & Kitchen,Pressure Cooker,HOM-PRE564,1,1199,1199,FREESHIP,0.00,0.12,1199.00,143.88,Wallet,Returned,Website,Rohan Mehta,DTDC,4,5,887.81,311.19,0.2595,125.00,1467.88
IN241001364,11-Oct-2024,CUST27293,Shruti Ghosh,21,Surat,Gujarat,West,Fashion,Saree,FAS-SAR607,1,6199,6199,No Coupon,0.00,0.12,6199.00,743.88,Wallet,Delivered,Website,Kavya Deshmukh,Blue Dart,3,5,3765.57,2433.43,0.3926,79.00,7021.88
IN241001507,11-Oct-2024,CUST59192,Pranav Kapoor,36,Visakhapatnam,Andhra Pradesh,South,Home & Kitchen,Cookware Set,HOM-COO738,1,4299,4299,No Coupon,0.00,0.12,4299.00,515.88,Net Banking,Delivered,Marketplace,Neha Patel,Shadowfax,3,4,3093.91,1205.09,0.2803,69.00,4883.88
IN241000067,12-Oct-2024,CUST14309,Yash Tiwari,30,Chandigarh,Chandigarh,North,Grocery & Gourmet,Spices Combo,GRO-SPI926,3,342,1026,FREESHIP,0.00,0.12,1026.00,123.12,Wallet,Returned,Website,Swati Mishra,India Post,5,4,770.39,255.61,0.2491,152.00,1301.12
IN241000534,12-Oct-2024,CUST64037,Mansi Kumar,36,Kolkata,West Bengal,East,Fashion,Jeans,FAS-JEA657,2,905,1810,FREESHIP,0.00,0.18,1810.00,325.80,UPI,Delivered,Website,Anjali Joshi,Shadowfax,2,4,1094.87,715.13,0.3951,107.00,2242.80
IN241001004,12-Oct-2024,CUST58341,Ayaan Kulkarni,58,Surat,Gujarat,West,Mobiles & Accessories,Bluetooth Earbuds,MOB-BLU625,1,4199,4199,No Coupon,0.00,0.18,4199.00,755.82,Credit Card,Shipped,Website,Sagar Pawar,Blue Dart,6,,3116.81,1082.19,0.2577,179.00,5133.82
IN241002116,12-Oct-2024,CUST30773,Reyansh Verma,38,Bhopal,Madhya Pradesh,Central,Mobiles & Accessories,Smart Watch,MOB-SMA572,2,8799,17598,APPONLY,1407.84,0.12,16190.16,1942.82,UPI,Delivered,Website,Swati Mishra,Blue Dart,4,5,14784.89,1405.27,0.0868,165.00,18297.98
IN241000086,13-Oct-2024,CUST86058,Deepak Reddy,46,Ludhiana,Punjab,North,Home & Kitchen,Air Fryer,HOM-AIR645,1,8599,8599,APPONLY,687.92,0.18,7911.08,1423.99,Wallet,Cancelled,Marketplace,Neha Patel,Blue Dart,3,,5144.22,2766.86,0.3497,0.00,9335.07
IN241000706,13-Oct-2024,CUST28935,Aarav Patel,24,Visakhapatnam,Andhra Pradesh,South,Sports & Fitness,Cricket Bat,SPO-CRI136,2,1299,2598,No Coupon,0.00,0.18,2598.00,467.64,Credit Card,Delivered,Mobile App,Swati Mishra,Shadowfax,5,3,1864.96,733.04,0.2822,138.00,3203.64
IN241001555,13-Oct-2024,CUST34250,Suresh Gaikwad,56,Pune,Maharashtra,West,Home & Kitchen,Bedsheet Set,HOM-BED483,2,2399,4798,WELCOME100,100.00,0.12,4698.00,563.76,COD,Delivered,Mobile App,Sagar Pawar,Delhivery,3,5,3710.77,987.23,0.2101,102.00,5363.76
IN241001625,13-Oct-2024,CUST30048,Pranav Shaikh,55,Mumbai,Maharashtra,West,Fashion,Men T-Shirt,FAS-MEN695,3,1099,3297,No Coupon,0.00,0.12,3297.00,395.64,UPI,Delivered,Marketplace,Rohan Mehta,Blue Dart,2,4,2171.19,1125.81,0.3415,103.00,3795.64
IN241002120,13-Oct-2024,CUST14578,Akshay Sharma,26,Mysuru,Karnataka,South,Home & Kitchen,Pressure Cooker,HOM-PRE316,1,2499,2499,PAYDAY15,374.85,0.18,2124.15,382.35,Debit Card,Delivered,Mobile App,Deepak Yadav,India Post,3,4,1778.95,345.20,0.1625,149.00,2655.50
IN241000588,14-Oct-2024,CUST64103,Akshay Rathod,56,Thiruvananthapuram,Kerala,South,Fashion,Handbag,FAS-HAN425,2,1799,3598,No Coupon,0.00,0.18,3598.00,647.64,UPI,Delivered,Mobile App,Isha Gupta,India Post,3,5,2188.39,1409.61,0.3918,142.00,4387.64
IN241001302,14-Oct-2024,CUST12358,Krishna Jadhav,36,Surat,Gujarat,West,Books & Stationery,Exam Prep Book,BOO-EXA687,1,890,890,FREESHIP,0.00,0.12,890.00,106.80,Credit Card,Cancelled,Website,Sagar Pawar,Xpressbees,3,,541.21,348.79,0.3919,0.00,996.80
IN241002206,14-Oct-2024,CUST28854,Shaurya Kapoor,47,Pune,Maharashtra,West,Electronics,Tablet,ELE-TAB723,2,58599,117198,APPONLY,9375.84,0.18,107822.16,19407.99,UPI,Delivered,Website,Priya Nair,Ecom Express,5,5,97954.60,9867.56,0.0915,119.00,127349.15
IN241000182,15-Oct-2024,CUST71024,Ishaan Gupta,22,Kolkata,West Bengal,East,Electronics,Keyboard,ELE-KEY710,1,1399,1399,No Coupon,0.00,0.18,1399.00,251.82,Net Banking,Delivered,Website,Neha Patel,Xpressbees,5,3,1153.06,245.94,0.1758,65.00,1715.82
IN241000399,15-Oct-2024,CUST31021,Deepak Joshi,50,Nagpur,Maharashtra,West,Home & Kitchen,Air Fryer,HOM-AIR354,1,10699,10699,FESTIVE10,1069.90,0.12,9629.10,1155.49,Credit Card,Delivered,Mobile App,Anjali Joshi,Blue Dart,2,5,6856.37,2772.73,0.2880,159.00,10943.59
IN241000475,15-Oct-2024,CUST70594,Shaurya Patel,26,Surat,Gujarat,West,Mobiles & Accessories,Smartphone,MOB-SMA192,2,60299,120598,No Coupon,0.00,0.12,120598.00,14471.76,UPI,Returned,Website,Anjali Joshi,Blue Dart,8,5,87863.69,32734.31,0.2714,155.00,135224.76
IN241000575,15-Oct-2024,CUST79285,Deepak Chauhan,35,Delhi,Delhi,North,Mobiles & Accessories,Power Bank,MOB-POW731,1,1899,1899,No Coupon,0.00,0.18,1899.00,341.82,UPI,Delivered,Social Commerce,Kavya Deshmukh,Delhivery,5,3,1562.31,336.69,0.1773,80.00,2320.82
IN241000592,15-Oct-2024,CUST84575,Rutuja Agarwal,22,Delhi,Delhi,North,Fashion,Men T-Shirt,FAS-MEN538,1,1899,1899,MEGADEAL,341.82,0.12,1557.18,186.86,Wallet,Delivered,Mobile App,Anjali Joshi,Delhivery,2,3,1346.55,210.63,0.1353,153.00,1897.04
IN241001964,15-Oct-2024,CUST47971,Aadhya Khan,39,Visakhapatnam,Andhra Pradesh,South,Fashion,Handbag,FAS-HAN283,2,1099,2198,No Coupon,0.00,0.18,2198.00,395.64,Credit Card,Delivered,Social Commerce,Tanvi Jadhav,Blue Dart,2,2,1383.92,814.08,0.3704,84.00,2677.64
IN241002168,15-Oct-2024,CUST77837,Pooja Iyer,51,Mysuru,Karnataka,South,Home & Kitchen,Pressure Cooker,HOM-PRE242,4,1099,4396,No Coupon,0.00,0.18,4396.00,791.28,Credit Card,Returned,Website,Priya Nair,DTDC,6,3,3116.04,1279.96,0.2912,171.00,5358.28
IN241002361,15-Oct-2024,CUST42577,Diya Ghosh,19,Bengaluru,Karnataka,South,Mobiles & Accessories,Tempered Glass,MOB-TEM750,4,585,2340,No Coupon,0.00,0.12,2340.00,280.80,Net Banking,Delivered,Website,Priya Nair,India Post,4,4,1690.71,649.29,0.2775,84.00,2704.80
IN241001882,16-Oct-2024,CUST72883,Komal Joshi,27,Ranchi,Jharkhand,East,Books & Stationery,Kids Story Book,BOO-KID817,1,441,441,No Coupon,0.00,0.12,441.00,52.92,UPI,Delivered,Website,Pooja Reddy,Xpressbees,1,5,284.81,156.19,0.3542,70.00,563.92
IN241000317,17-Oct-2024,CUST64240,Siddharth Bansal,57,Indore,Madhya Pradesh,Central,Home & Kitchen,Air Fryer,HOM-AIR578,1,5399,5399,PAYDAY15,809.85,0.12,4589.15,550.70,UPI,Delivered,Website,Kavya Deshmukh,DTDC,2,2,3608.09,981.06,0.2138,156.00,5295.85
IN241001102,17-Oct-2024,CUST28315,Ayaan Chauhan,32,Jaipur,Rajasthan,North,Electronics,Wireless Mouse,ELE-WIR268,1,2399,2399,No Coupon,0.00,0.12,2399.00,287.88,UPI,Delivered,Marketplace,Deepak Yadav,Delhivery,3,4,2010.92,388.08,0.1618,136.00,2822.88
IN241001124,17-Oct-2024,CUST62590,Harsh Singh,41,Coimbatore,Tamil Nadu,South,Books & Stationery,Notebook Pack,BOO-NOT351,2,475,950,FESTIVE10,95.00,0.18,855.00,153.90,COD,Delivered,Marketplace,Amit Sharma,Blue Dart,3,4,692.85,162.15,0.1896,179.00,1187.90
IN241001581,17-Oct-2024,CUST62678,Diya Dhawale,38,Chandigarh,Chandigarh,North,Fashion,Men T-Shirt,FAS-MEN232,2,1299,2598,No Coupon,0.00,0.12,2598.00,311.76,Credit Card,Delivered,Social Commerce,Rohan Mehta,DTDC,5,5,1548.39,1049.61,0.4040,154.00,3063.76
IN241000428,18-Oct-2024,CUST75684,Aditya Rathod,25,Ranchi,Jharkhand,East,Mobiles & Accessories,Phone Cover,MOB-PHO187,1,738,738,APPONLY,59.04,0.18,678.96,122.21,COD,Delivered,Mobile App,Rohan Mehta,Shadowfax,4,3,558.87,120.09,0.1769,168.00,969.17
IN241000794,18-Oct-2024,CUST63357,Reyansh Qureshi,39,Visakhapatnam,Andhra Pradesh,South,Books & Stationery,Office Diary,BOO-OFF584,3,356,1068,WELCOME100,100.00,0.12,968.00,116.16,UPI,Delivered,Mobile App,Isha Gupta,Shadowfax,4,5,804.12,163.88,0.1693,96.00,1180.16
IN241000820,18-Oct-2024,CUST23418,Bhavna Sharma,24,Hyderabad,Telangana,South,Electronics,Laptop,ELE-LAP757,1,86799,86799,No Coupon,0.00,0.12,86799.00,10415.88,Credit Card,Delivered,Social Commerce,Amit Sharma,Shadowfax,1,5,64112.52,22686.48,0.2614,133.00,97347.88
IN241001379,18-Oct-2024,CUST79022,Reyansh Ghosh,24,Bhopal,Madhya Pradesh,Central,Mobiles & Accessories,Phone Cover,MOB-PHO820,2,647,1294,No Coupon,0.00,0.12,1294.00,155.28,COD,Delivered,Marketplace,Tanvi Jadhav,India Post,3,4,1045.05,248.95,0.1924,84.00,1533.28
IN241001573,18-Oct-2024,CUST77677,Reyansh Khan,29,Pune,Maharashtra,West,Fashion,Men T-Shirt,FAS-MEN622,1,1399,1399,No Coupon,0.00,0.18,1399.00,251.82,Debit Card,Returned,Website,Anjali Joshi,Delhivery,4,2,1054.92,344.08,0.2459,118.00,1768.82
IN241001578,18-Oct-2024,CUST10620,Krishna More,54,Vijayawada,Andhra Pradesh,South,Electronics,Laptop,ELE-LAP376,1,59599,59599,No Coupon,0.00,0.12,59599.00,7151.88,UPI,Delivered,Marketplace,Isha Gupta,Blue Dart,4,3,46990.00,12609.00,0.2116,155.00,66905.88
IN241001931,18-Oct-2024,CUST52467,Anika Dhawale,37,Nagpur,Maharashtra,West,Sports & Fitness,Fitness Band,SPO-FIT933,3,3899,11697,FREESHIP,0.00,0.18,11697.00,2105.46,COD,Delivered,Mobile App,Priya Nair,Delhivery,2,5,8230.31,3466.69,0.2964,107.00,13909.46
IN241000043,19-Oct-2024,CUST27872,Reyansh Qureshi,58,Kolkata,West Bengal,East,Sports & Fitness,Cricket Bat,SPO-CRI750,1,3399,3399,No Coupon,0.00,0.18,3399.00,611.82,Net Banking,Delivered,Mobile App,Anjali Joshi,DTDC,6,4,2613.56,785.44,0.2311,132.00,4142.82
IN241000201,19-Oct-2024,CUST70155,Swati Kapoor,29,Ahmedabad,Gujarat,West,Mobiles & Accessories,Smartphone,MOB-SMA309,1,56999,56999,WELCOME100,100.00,0.18,56899.00,10241.82,UPI,Delivered,Marketplace,Manish Iyer,India Post,2,3,48800.30,8098.70,0.1423,133.00,67273.82
IN241001827,19-Oct-2024,CUST88381,Sai Bhatia,38,Gurugram,Haryana,North,Beauty & Personal Care,Face Wash,BEA-FAC124,1,673,673,WELCOME100,100.00,0.18,573.00,103.14,Credit Card,Delivered,Mobile App,Manish Iyer,Blue Dart,2,4,407.43,165.57,0.2890,138.00,814.14
IN241000298,20-Oct-2024,CUST35691,Suresh Rathod,40,Visakhapatnam,Andhra Pradesh,South,Mobiles & Accessories,Tempered Glass,MOB-TEM952,1,140,140,No Coupon,0.00,0.12,140.00,16.80,UPI,Delivered,Website,Kavya Deshmukh,Shadowfax,6,3,104.75,35.25,0.2518,85.00,241.80
IN241000995,20-Oct-2024,CUST89061,Pranav Tiwari,24,Ludhiana,Punjab,North,Grocery & Gourmet,Tea Pack,GRO-TEA426,1,345,345,FESTIVE10,34.50,0.18,310.50,55.89,Net Banking,Delivered,Website,Manish Iyer,Ecom Express,2,4,268.68,41.82,0.1347,125.00,491.39
IN241001839,20-Oct-2024,CUST21318,Sakshi Kumar,46,Jaipur,Rajasthan,North,Fashion,Sneakers,FAS-SNE974,1,4999,4999,No Coupon,0.00,0.18,4999.00,899.82,UPI,Delivered,Mobile App,Priya Nair,Delhivery,6,3,3254.07,1744.93,0.3491,121.00,6019.82
IN241001900,20-Oct-2024,CUST14467,Kabir Saxena,35,Mumbai,Maharashtra,West,Electronics,LED TV,ELE-LED272,1,30499,30499,DIWALI20,6099.80,0.18,24399.20,4391.86,Credit Card,Delivered,Mobile App,Nikhil Bansal,Delhivery,6,5,24481.07,-81.87,-0.0034,134.00,28925.06
IN241002175,20-Oct-2024,CUST24793,Komal Joshi,53,Surat,Gujarat,West,Fashion,Jeans,FAS-JEA900,1,3499,3499,MEGADEAL,629.82,0.12,2869.18,344.30,UPI,Delivered,Marketplace,Kavya Deshmukh,Delhivery,5,5,2694.48,174.70,0.0609,154.00,3367.48
IN241001218,21-Oct-2024,CUST91854,Anaya More,28,Mysuru,Karnataka,South,Fashion,Men T-Shirt,FAS-MEN804,1,814,814,No Coupon,0.00,0.12,814.00,97.68,UPI,Delivered,Website,Amit Sharma,Xpressbees,5,5,594.50,219.50,0.2697,67.00,978.68
IN241001484,21-Oct-2024,CUST30517,Neha Yadav,47,Mumbai,Maharashtra,West,Home & Kitchen,Pressure Cooker,HOM-PRE924,2,1499,2998,FESTIVE10,299.80,0.18,2698.20,485.68,UPI,Delivered,Website,Sagar Pawar,Ecom Express,2,4,1872.49,825.71,0.3060,90.00,3273.88
IN241000109,22-Oct-2024,CUST30673,Anika Mishra,54,Bhopal,Madhya Pradesh,Central,Beauty & Personal Care,Hair Oil,BEA-HAI513,1,440,440,No Coupon,0.00,0.18,440.00,79.20,Credit Card,Delivered,Website,Manish Iyer,Ecom Express,2,1,303.25,136.75,0.3108,136.00,655.20
IN241000132,22-Oct-2024,CUST75302,Janhavi Khan,20,Indore,Madhya Pradesh,Central,Books & Stationery,Office Diary,BOO-OFF121,1,432,432,PAYDAY15,64.80,0.18,367.20,66.10,Net Banking,Delivered,Mobile App,Karan Malhotra,Blue Dart,7,4,289.05,78.15,0.2128,137.00,570.30
IN241000627,22-Oct-2024,CUST84511,Meera Bansal,31,Pune,Maharashtra,West,Sports & Fitness,Running Shoes,SPO-RUN968,1,6299,6299,MEGADEAL,1133.82,0.12,5165.18,619.82,COD,Delivered,Social Commerce,Tanvi Jadhav,DTDC,7,3,4476.54,688.64,0.1333,143.00,5928.00
IN241000853,22-Oct-2024,CUST76489,Komal Agarwal,23,Vadodara,Gujarat,West,Home & Kitchen,Cookware Set,HOM-COO988,1,3299,3299,No Coupon,0.00,0.18,3299.00,593.82,Credit Card,Delivered,Marketplace,Isha Gupta,Shadowfax,5,3,2542.56,756.44,0.2293,141.00,4033.82
IN241000857,22-Oct-2024,CUST75327,Tanvi Saxena,45,Mumbai,Maharashtra,West,Electronics,Wireless Mouse,ELE-WIR340,2,2099,4198,WELCOME100,100.00,0.18,4098.00,737.64,UPI,Delivered,Mobile App,Rahul Verma,Delhivery,5,5,3288.71,809.29,0.1975,166.00,5001.64
IN241000910,22-Oct-2024,CUST58595,Aditya Das,55,Gurugram,Haryana,North,Sports & Fitness,Dumbbell Set,SPO-DUM219,1,2999,2999,MEGADEAL,539.82,0.12,2459.18,295.10,COD,Delivered,Mobile App,Rahul Verma,Ecom Express,5,3,1767.71,691.47,0.2812,64.00,2818.28
IN241000997,22-Oct-2024,CUST49792,Vikram Joshi,31,Vijayawada,Andhra Pradesh,South,Mobiles & Accessories,Smartphone,MOB-SMA921,3,27399,82197,PAYDAY15,12329.55,0.12,69867.45,8384.09,Debit Card,Shipped,Mobile App,Nikhil Bansal,India Post,3,,61897.69,7969.76,0.1141,78.00,78329.54
IN241002022,22-Oct-2024,CUST40498,Atharv Ansari,33,Jaipur,Rajasthan,North,Fashion,Men T-Shirt,FAS-MEN953,1,1099,1099,No Coupon,0.00,0.18,1099.00,197.82,COD,Delivered,Mobile App,Vikram Singh,Shadowfax,3,5,638.28,460.72,0.4192,166.00,1462.82
IN241002316,22-Oct-2024,CUST24620,Riya Gaikwad,43,Bhopal,Madhya Pradesh,Central,Mobiles & Accessories,Smartphone,MOB-SMA881,1,47199,47199,No Coupon,0.00,0.12,47199.00,5663.88,Credit Card,Delivered,Mobile App,Anjali Joshi,Xpressbees,4,4,40030.45,7168.55,0.1519,113.00,52975.88
IN241002353,22-Oct-2024,CUST65537,Kavya Agarwal,54,Mumbai,Maharashtra,West,Fashion,Jeans,FAS-JEA795,4,3099,12396,No Coupon,0.00,0.12,12396.00,1487.52,UPI,Shipped,Mobile App,Sneha Kulkarni,Delhivery,3,,9113.88,3282.12,0.2648,180.00,14063.52
IN241000657,23-Oct-2024,CUST41473,Deepak Mehta,35,Visakhapatnam,Andhra Pradesh,South,Home & Kitchen,Mixer Grinder,HOM-MIX594,4,5399,21596,No Coupon,0.00,0.12,21596.00,2591.52,Credit Card,Delivered,Website,Neha Patel,Blue Dart,4,3,12865.42,8730.58,0.4043,110.00,24297.52
IN241000751,23-Oct-2024,CUST11092,Anaya Kumar,36,Guwahati,Assam,North East,Electronics,Tablet,ELE-TAB244,1,21099,21099,No Coupon,0.00,0.18,21099.00,3797.82,Credit Card,Delivered,Marketplace,Kavya Deshmukh,Blue Dart,4,5,17186.79,3912.21,0.1854,145.00,25041.82
IN241001350,23-Oct-2024,CUST31972,Akshay Malhotra,27,Thiruvananthapuram,Kerala,South,Grocery & Gourmet,Dry Fruits Pack,GRO-DRY926,1,956,956,WELCOME100,100.00,0.18,856.00,154.08,COD,Delivered,Website,Vikram Singh,Ecom Express,5,4,680.69,175.31,0.2048,120.00,1130.08
IN241001657,23-Oct-2024,CUST45776,Karan Joshi,41,Vadodara,Gujarat,West,Sports & Fitness,Dumbbell Set,SPO-DUM266,1,1299,1299,No Coupon,0.00,0.12,1299.00,155.88,COD,Delivered,Marketplace,Kavya Deshmukh,India Post,1,4,781.33,517.67,0.3985,80.00,1534.88
IN241002079,23-Oct-2024,CUST31936,Vihaan Ghosh,24,Ludhiana,Punjab,North,Books & Stationery,Pen Set,BOO-PEN894,1,209,209,No Coupon,0.00,0.18,209.00,37.62,Net Banking,Delivered,Mobile App,Deepak Yadav,India Post,3,4,139.52,69.48,0.3324,108.00,354.62
IN241002255,23-Oct-2024,CUST90093,Tanvi Ansari,33,Chandigarh,Chandigarh,North,Grocery & Gourmet,Basmati Rice 5kg,GRO-BAS833,3,964,2892,PAYDAY15,433.80,0.05,2458.20,122.91,Debit Card,Delivered,Website,Kavya Deshmukh,DTDC,5,4,2003.67,454.53,0.1849,69.00,2650.11
IN241002494,23-Oct-2024,CUST88979,Suresh Kumar,46,Nagpur,Maharashtra,West,Electronics,Keyboard,ELE-KEY112,1,1299,1299,No Coupon,0.00,0.18,1299.00,233.82,UPI,Delivered,Mobile App,Priya Nair,Blue Dart,5,4,1093.58,205.42,0.1581,73.00,1605.82
IN241001190,24-Oct-2024,CUST11644,Meera Deshmukh,19,Chandigarh,Chandigarh,North,Fashion,Men T-Shirt,FAS-MEN112,1,952,952,MEGADEAL,171.36,0.18,780.64,140.52,UPI,Delivered,Marketplace,Tanvi Jadhav,Xpressbees,3,1,651.50,129.14,0.1654,122.00,1043.16
IN241001695,24-Oct-2024,CUST30518,Atharv Mishra,38,Kochi,Kerala,South,Fashion,Jeans,FAS-JEA107,4,2699,10796,No Coupon,0.00,0.18,10796.00,1943.28,UPI,Delivered,Social Commerce,Sneha Kulkarni,Xpressbees,3,5,7424.21,3371.79,0.3123,144.00,12883.28
IN241000003,25-Oct-2024,CUST14109,Suresh Tiwari,18,Jaipur,Rajasthan,North,Mobiles & Accessories,Power Bank,MOB-POW390,1,2499,2499,No Coupon,0.00,0.18,2499.00,449.82,UPI,Delivered,Mobile App,Swati Mishra,Ecom Express,2,4,1867.78,631.22,0.2526,87.00,3035.82
IN241000573,25-Oct-2024,CUST57459,Janhavi Khan,49,Bhopal,Madhya Pradesh,Central,Fashion,Sneakers,FAS-SNE844,3,4999,14997,FREESHIP,0.00,0.12,14997.00,1799.64,Net Banking,Delivered,Website,Deepak Yadav,Delhivery,3,2,11126.46,3870.54,0.2581,133.00,16929.64
IN241001094,25-Oct-2024,CUST90304,Pranav Jadhav,52,Lucknow,Uttar Pradesh,North,Books & Stationery,Notebook Pack,BOO-NOT913,1,190,190,APPONLY,15.20,0.05,174.80,8.74,Credit Card,Delivered,Mobile App,Amit Sharma,India Post,2,4,142.26,32.54,0.1862,155.00,338.54
IN241001252,25-Oct-2024,CUST70488,Arjun Mishra,34,Lucknow,Uttar Pradesh,North,Mobiles & Accessories,Power Bank,MOB-POW805,1,3799,3799,FREESHIP,0.00,0.18,3799.00,683.82,Credit Card,Delivered,Mobile App,Tanvi Jadhav,Shadowfax,3,4,3134.16,664.84,0.1750,175.00,4657.82
IN241001444,25-Oct-2024,CUST56011,Vihaan Mehta,20,Indore,Madhya Pradesh,Central,Fashion,Saree,FAS-SAR596,1,1799,1799,WELCOME100,100.00,0.12,1699.00,203.88,Net Banking,Delivered,Marketplace,Sagar Pawar,Xpressbees,4,5,1283.90,415.10,0.2443,170.00,2072.88
IN241001587,25-Oct-2024,CUST56405,Janhavi Saxena,30,Ahmedabad,Gujarat,West,Home & Kitchen,Mixer Grinder,HOM-MIX330,2,6799,13598,No Coupon,0.00,0.12,13598.00,1631.76,Wallet,Cancelled,Marketplace,Anjali Joshi,Blue Dart,4,,8801.07,4796.93,0.3528,0.00,15229.76
IN241001829,25-Oct-2024,CUST33073,Mansi Verma,39,Ahmedabad,Gujarat,West,Beauty & Personal Care,Shampoo,BEA-SHA626,1,591,591,FREESHIP,0.00,0.18,591.00,106.38,Credit Card,Delivered,Website,Nikhil Bansal,Blue Dart,3,5,441.38,149.62,0.2532,120.00,817.38
IN241002296,25-Oct-2024,CUST90812,Tanvi Patel,29,Patna,Bihar,East,Home & Kitchen,Pressure Cooker,HOM-PRE267,3,3799,11397,No Coupon,0.00,0.12,11397.00,1367.64,UPI,Cancelled,Mobile App,Sneha Kulkarni,Ecom Express,4,,6968.61,4428.39,0.3886,0.00,12764.64
IN241002354,25-Oct-2024,CUST71016,Suresh Dhawale,20,Jaipur,Rajasthan,North,Electronics,Tablet,ELE-TAB662,2,42699,85398,No Coupon,0.00,0.18,85398.00,15371.64,Debit Card,Delivered,Marketplace,Manish Iyer,Blue Dart,5,4,72966.07,12431.93,0.1456,166.00,100935.64
IN241002416,25-Oct-2024,CUST17503,Deepak Nair,25,Kochi,Kerala,South,Grocery & Gourmet,Tea Pack,GRO-TEA219,1,411,411,FESTIVE10,41.10,0.12,369.90,44.39,UPI,Delivered,Website,Priya Nair,Xpressbees,3,4,300.49,69.41,0.1876,83.00,497.29
IN241000915,26-Oct-2024,CUST97445,Anika Mehta,32,Bhopal,Madhya Pradesh,Central,Beauty & Personal Care,Hair Oil,BEA-HAI192,1,254,254,FREESHIP,0.00,0.12,254.00,30.48,Debit Card,Shipped,Website,Kavya Deshmukh,Xpressbees,3,,147.87,106.13,0.4178,93.00,377.48
IN241001180,26-Oct-2024,CUST67151,Kavya Chatterjee,36,Surat,Gujarat,West,Sports & Fitness,Yoga Mat,SPO-YOG320,1,1099,1099,No Coupon,0.00,0.18,1099.00,197.82,Net Banking,Shipped,Website,Sagar Pawar,Shadowfax,3,,776.81,322.19,0.2932,96.00,1392.82
IN241000141,27-Oct-2024,CUST71781,Rahul Shinde,30,Surat,Gujarat,West,Mobiles & Accessories,Tempered Glass,MOB-TEM362,1,225,225,No Coupon,0.00,0.18,225.00,40.50,Wallet,Delivered,Marketplace,Swati Mishra,Ecom Express,6,3,189.22,35.78,0.1590,176.00,441.50
IN241000375,27-Oct-2024,CUST35274,Atharv Pawar,53,Lucknow,Uttar Pradesh,North,Mobiles & Accessories,Bluetooth Earbuds,MOB-BLU507,1,5899,5899,No Coupon,0.00,0.18,5899.00,1061.82,Debit Card,Delivered,Website,Anjali Joshi,Shadowfax,2,5,4405.49,1493.51,0.2532,131.00,7091.82
IN241000408,27-Oct-2024,CUST97856,Anaya Jadhav,39,Kolkata,West Bengal,East,Beauty & Personal Care,Shampoo,BEA-SHA197,1,437,437,No Coupon,0.00,0.18,437.00,78.66,COD,Cancelled,Mobile App,Karan Malhotra,Delhivery,2,,324.14,112.86,0.2583,0.00,515.66
IN241001304,27-Oct-2024,CUST59123,Kabir Bansal,41,Noida,Uttar Pradesh,North,Books & Stationery,Pen Set,BOO-PEN671,1,371,371,No Coupon,0.00,0.18,371.00,66.78,COD,Shipped,Mobile App,Rohan Mehta,Blue Dart,3,,261.91,109.09,0.2940,143.00,580.78
IN241002251,27-Oct-2024,CUST49533,Rajesh Shaikh,20,Guwahati,Assam,North East,Fashion,Saree,FAS-SAR836,1,4299,4299,No Coupon,0.00,0.12,4299.00,515.88,UPI,Delivered,Website,Vikram Singh,Blue Dart,1,4,3201.15,1097.85,0.2554,118.00,4932.88
IN241002337,27-Oct-2024,CUST21566,Tanvi Chauhan,28,Noida,Uttar Pradesh,North,Beauty & Personal Care,Hair Oil,BEA-HAI982,3,497,1491,NEWYEAR10,149.10,0.18,1341.90,241.54,Debit Card,Delivered,Website,Kavya Deshmukh,India Post,3,4,996.90,345.00,0.2571,62.00,1645.44
IN241000606,28-Oct-2024,CUST10311,Omkar Chatterjee,42,Nashik,Maharashtra,West,Books & Stationery,Notebook Pack,BOO-NOT395,1,184,184,NEWYEAR10,18.40,0.05,165.60,8.28,UPI,Shipped,Marketplace,Rahul Verma,Delhivery,2,,124.32,41.28,0.2493,71.00,244.88
IN241001968,28-Oct-2024,CUST21135,Manish Saxena,54,Indore,Madhya Pradesh,Central,Grocery & Gourmet,Dry Fruits Pack,GRO-DRY395,2,1699,3398,WELCOME100,100.00,0.18,3298.00,593.64,UPI,Delivered,Website,Manish Iyer,India Post,2,5,2005.92,1292.08,0.3918,145.00,4036.64
IN241002235,28-Oct-2024,CUST29101,Sakshi Kumar,24,Patna,Bihar,East,Fashion,Saree,FAS-SAR115,2,6499,12998,FESTIVE10,1299.80,0.18,11698.20,2105.68,UPI,Returned,Mobile App,Isha Gupta,Blue Dart,4,4,9120.34,2577.86,0.2204,87.00,13890.88
IN241002287,28-Oct-2024,CUST41450,Amit Das,46,Mumbai,Maharashtra,West,Home & Kitchen,Cookware Set,HOM-COO322,1,4399,4399,APPONLY,351.92,0.12,4047.08,485.65,Credit Card,Delivered,Website,Anjali Joshi,India Post,3,5,2764.15,1282.93,0.3170,87.00,4619.73
IN241002459,28-Oct-2024,CUST97719,Pranav Ghosh,42,Ranchi,Jharkhand,East,Fashion,Sneakers,FAS-SNE552,1,1899,1899,No Coupon,0.00,0.18,1899.00,341.82,UPI,Delivered,Website,Isha Gupta,DTDC,3,4,1186.89,712.11,0.3750,64.00,2304.82
IN241002475,28-Oct-2024,CUST97021,Aarav Kapoor,43,Lucknow,Uttar Pradesh,North,Beauty & Personal Care,Perfume,BEA-PER658,1,659,659,FREESHIP,0.00,0.12,659.00,79.08,COD,Cancelled,Mobile App,Rohan Mehta,Delhivery,6,,491.91,167.09,0.2536,0.00,738.08
IN241000125,29-Oct-2024,CUST95939,Rahul Banerjee,53,Vadodara,Gujarat,West,Electronics,Laptop,ELE-LAP773,1,69199,69199,No Coupon,0.00,0.12,69199.00,8303.88,Debit Card,Shipped,Mobile App,Nikhil Bansal,Shadowfax,5,,57919.16,11279.84,0.1630,154.00,77656.88
IN241000771,29-Oct-2024,CUST33081,Kavya Pawar,25,Kolkata,West Bengal,East,Fashion,Handbag,FAS-HAN164,1,3699,3699,MEGADEAL,665.82,0.18,3033.18,545.97,COD,Shipped,Mobile App,Rahul Verma,Ecom Express,1,,2689.91,343.27,0.1132,145.00,3724.15
IN241001463,29-Oct-2024,CUST96526,Sagar Rathod,23,Surat,Gujarat,West,Electronics,LED TV,ELE-LED844,1,88099,88099,FESTIVE10,8809.90,0.18,79289.10,14272.04,Wallet,Delivered,Social Commerce,Vikram Singh,Delhivery,2,1,68232.87,11056.23,0.1394,114.00,93675.14
IN241001670,29-Oct-2024,CUST80233,Anika Mehta,38,Kochi,Kerala,South,Mobiles & Accessories,Bluetooth Earbuds,MOB-BLU485,3,999,2997,WELCOME100,100.00,0.12,2897.00,347.64,COD,Delivered,Website,Karan Malhotra,India Post,3,5,2526.74,370.26,0.1278,131.00,3375.64
IN241001713,29-Oct-2024,CUST59141,Sneha Nair,58,Bhubaneswar,Odisha,East,Mobiles & Accessories,Smartphone,MOB-SMA557,1,61099,61099,APPONLY,4887.92,0.18,56211.08,10117.99,Credit Card,Shipped,Marketplace,Anjali Joshi,Xpressbees,4,,45827.65,10383.43,0.1847,147.00,66476.07
IN241001805,29-Oct-2024,CUST45748,Kavya Bhatia,43,Noida,Uttar Pradesh,North,Home & Kitchen,Water Purifier,HOM-WAT843,1,22899,22899,No Coupon,0.00,0.18,22899.00,4121.82,Credit Card,Delivered,Mobile App,Vikram Singh,Blue Dart,5,4,16376.62,6522.38,0.2848,170.00,27190.82
IN241001479,30-Oct-2024,CUST94368,Payal Gupta,41,Jaipur,Rajasthan,North,Grocery & Gourmet,Basmati Rice 5kg,GRO-BAS782,3,671,2013,MEGADEAL,362.34,0.05,1650.66,82.53,Credit Card,Delivered,Website,Rahul Verma,Xpressbees,4,2,1498.41,152.25,0.0922,103.00,1836.19
IN241001864,30-Oct-2024,CUST82110,Harsh Agarwal,40,Kochi,Kerala,South,Home & Kitchen,Mixer Grinder,HOM-MIX297,2,4999,9998,No Coupon,0.00,0.18,9998.00,1799.64,UPI,Delivered,Mobile App,Nikhil Bansal,India Post,2,3,7367.73,2630.27,0.2631,94.00,11891.64
IN241001869,30-Oct-2024,CUST11340,Sai Chatterjee,44,Bhopal,Madhya Pradesh,Central,Books & Stationery,Kids Story Book,BOO-KID728,1,527,527,No Coupon,0.00,0.18,527.00,94.86,Wallet,Delivered,Website,Nikhil Bansal,Blue Dart,2,5,333.55,193.45,0.3671,120.00,741.86
IN241002401,30-Oct-2024,CUST79932,Aarti Jadhav,28,Thiruvananthapuram,Kerala,South,Home & Kitchen,Water Purifier,HOM-WAT872,1,8599,8599,FESTIVE10,859.90,0.18,7739.10,1393.04,Credit Card,Delivered,Marketplace,Isha Gupta,Ecom Express,3,5,6639.64,1099.46,0.1421,93.00,9225.14
IN241000123,31-Oct-2024,CUST92217,Kabir Deshmukh,46,Bengaluru,Karnataka,South,Grocery & Gourmet,Cold Pressed Oil,GRO-COL677,1,782,782,No Coupon,0.00,0.12,782.00,93.84,Debit Card,Delivered,Mobile App,Neha Patel,Shadowfax,4,5,482.61,299.39,0.3829,79.00,954.84
IN241001569,31-Oct-2024,CUST81663,Shruti Shinde,26,Bhopal,Madhya Pradesh,Central,Mobiles & Accessories,Smart Watch,MOB-SMA582,1,6999,6999,No Coupon,0.00,0.18,6999.00,1259.82,Credit Card,Delivered,Website,Priya Nair,Blue Dart,5,5,5788.71,1210.29,0.1729,72.00,8330.82
IN241001658,31-Oct-2024,CUST26652,Anika Verma,38,Mumbai,Maharashtra,West,Beauty & Personal Care,Hair Oil,BEA-HAI974,1,388,388,No Coupon,0.00,0.12,388.00,46.56,UPI,Delivered,Mobile App,Rohan Mehta,Blue Dart,2,5,284.81,103.19,0.2660,157.00,591.56
IN241100022,01-Nov-2024,CUST25661,Riya Verma,24,Thiruvananthapuram,Kerala,South,Beauty & Personal Care,Shampoo,BEA-SHA978,1,872,872,MEGADEAL,156.96,0.18,715.04,128.71,UPI,Delivered,Mobile App,Anjali Joshi,Shadowfax,2,4,634.73,80.31,0.1123,154.00,997.75
IN241100874,01-Nov-2024,CUST61118,Arjun Saxena,41,Ludhiana,Punjab,North,Home & Kitchen,Air Fryer,HOM-AIR913,4,13999,55996,APPONLY,4479.68,0.12,51516.32,6181.96,UPI,Delivered,Marketplace,Kavya Deshmukh,Ecom Express,3,5,33876.29,17640.03,0.3424,153.00,57851.28
IN241100985,01-Nov-2024,CUST60489,Rohan Kumar,39,Nashik,Maharashtra,West,Books & Stationery,Office Diary,BOO-OFF623,1,439,439,No Coupon,0.00,0.18,439.00,79.02,Credit Card,Delivered,Mobile App,Priya Nair,India Post,5,2,326.05,112.95,0.2573,63.00,581.02
IN241101383,01-Nov-2024,CUST60779,Janhavi Saxena,58,Mumbai,Maharashtra,West,Grocery & Gourmet,Basmati Rice 5kg,GRO-BAS586,1,979,979,No Coupon,0.00,0.18,979.00,176.22,Debit Card,Delivered,Marketplace,Pooja Reddy,India Post,3,4,628.52,350.48,0.3580,101.00,1256.22
IN241102422,01-Nov-2024,CUST29473,Vihaan Das,57,Hyderabad,Telangana,South,Electronics,Tablet,ELE-TAB317,1,30799,30799,No Coupon,0.00,0.18,30799.00,5543.82,Debit Card,Returned,Mobile App,Neha Patel,DTDC,3,5,23045.13,7753.87,0.2518,128.00,36470.82
IN241100474,02-Nov-2024,CUST49777,Ishaan Chatterjee,28,Mumbai,Maharashtra,West,Grocery & Gourmet,Tea Pack,GRO-TEA657,1,340,340,FREESHIP,0.00,0.05,340.00,17.00,UPI,Delivered,Marketplace,Pooja Reddy,India Post,4,3,244.16,95.84,0.2819,141.00,498.00
IN241101946,02-Nov-2024,CUST94866,Meera Kapoor,36,Mumbai,Maharashtra,West,Beauty & Personal Care,Perfume,BEA-PER714,2,1699,3398,APPONLY,271.84,0.18,3126.16,562.71,UPI,Delivered,Mobile App,Amit Sharma,DTDC,5,5,2214.42,911.74,0.2916,96.00,3784.87
IN241102117,02-Nov-2024,CUST24891,Myra Pawar,57,Bengaluru,Karnataka,South,Books & Stationery,Kids Story Book,BOO-KID784,4,528,2112,No Coupon,0.00,0.18,2112.00,380.16,Debit Card,Shipped,Mobile App,Amit Sharma,Shadowfax,3,,1466.80,645.20,0.3055,66.00,2558.16
IN241102336,02-Nov-2024,CUST32865,Vihaan Shinde,58,Lucknow,Uttar Pradesh,North,Home & Kitchen,Mixer Grinder,HOM-MIX783,1,3399,3399,No Coupon,0.00,0.18,3399.00,611.82,Credit Card,Cancelled,Mobile App,Manish Iyer,Blue Dart,7,,2189.92,1209.08,0.3557,0.00,4010.82
IN241100001,03-Nov-2024,CUST58842,Anaya Banerjee,34,Coimbatore,Tamil Nadu,South,Grocery & Gourmet,Dry Fruits Pack,GRO-DRY584,1,1299,1299,FREESHIP,0.00,0.12,1299.00,155.88,COD,Delivered,Website,Manish Iyer,India Post,3,4,792.76,506.24,0.3897,129.00,1583.88
IN241100029,03-Nov-2024,CUST23744,Myra Gupta,58,Mumbai,Maharashtra,West,Electronics,LED TV,ELE-LED984,1,29699,29699,No Coupon,0.00,0.18,29699.00,5345.82,UPI,Delivered,Mobile App,Sneha Kulkarni,India Post,7,5,23810.93,5888.07,0.1983,150.00,35194.82
IN241100257,04-Nov-2024,CUST70009,Nikhil Ansari,49,Jaipur,Rajasthan,North,Electronics,Keyboard,ELE-KEY665,1,2499,2499,APPONLY,199.92,0.12,2299.08,275.89,Credit Card,Returned,Website,Vikram Singh,Xpressbees,4,4,2018.22,280.86,0.1222,73.00,2647.97
IN241100376,04-Nov-2024,CUST82307,Sagar Nair,56,Nagpur,Maharashtra,West,Home & Kitchen,Pressure Cooker,HOM-PRE675,2,3099,6198,APPONLY,495.84,0.12,5702.16,684.26,UPI,Returned,Social Commerce,Kavya Deshmukh,Xpressbees,8,4,3845.07,1857.09,0.3257,103.00,6489.42
IN241100377,04-Nov-2024,CUST78086,Vihaan Joshi,56,Coimbatore,Tamil Nadu,South,Home & Kitchen,Air Fryer,HOM-AIR117,2,7599,15198,APPONLY,1215.84,0.12,13982.16,1677.86,Wallet,Cancelled,Website,Amit Sharma,Delhivery,6,,10479.60,3502.56,0.2505,0.00,15660.02
IN241100616,04-Nov-2024,CUST40031,Arjun Chatterjee,46,Gurugram,Haryana,North,Beauty & Personal Care,Skin Cream,BEA-SKI744,1,1299,1299,No Coupon,0.00,0.18,1299.00,233.82,Net Banking,Delivered,Website,Manish Iyer,DTDC,4,2,921.90,377.10,0.2903,98.00,1630.82
IN241101196,04-Nov-2024,CUST96287,Sakshi Tiwari,48,Patna,Bihar,East,Grocery & Gourmet,Tea Pack,GRO-TEA328,3,473,1419,FREESHIP,0.00,0.12,1419.00,170.28,UPI,Cancelled,Website,Rahul Verma,DTDC,4,,1026.19,392.81,0.2768,0.00,1589.28
IN241101358,04-Nov-2024,CUST77830,Vivaan Yadav,21,Nagpur,Maharashtra,West,Home & Kitchen,Mixer Grinder,HOM-MIX225,1,4999,4999,NEWYEAR10,499.90,0.12,4499.10,539.89,Debit Card,Shipped,Mobile App,Amit Sharma,DTDC,5,,3886.78,612.32,0.1361,116.00,5154.99
IN241101678,04-Nov-2024,CUST86011,Kabir Banerjee,43,Nashik,Maharashtra,West,Books & Stationery,Notebook Pack,BOO-NOT797,1,446,446,No Coupon,0.00,0.18,446.00,80.28,Wallet,Delivered,Mobile App,Isha Gupta,India Post,4,4,342.14,103.86,0.2329,80.00,606.28
IN241102288,04-Nov-2024,CUST41392,Yash Jadhav,19,Chennai,Tamil Nadu,South,Fashion,Jeans,FAS-JEA580,3,3399,10197,FREESHIP,0.00,0.18,10197.00,1835.46,UPI,Delivered,Marketplace,Manish Iyer,Delhivery,2,3,7530.38,2666.62,0.2615,73.00,12105.46
IN241102312,04-Nov-2024,CUST13832,Diya Banerjee,18,Nashik,Maharashtra,West,Books & Stationery,Exam Prep Book,BOO-EXA272,4,472,1888,FREESHIP,0.00,0.05,1888.00,94.40,UPI,Delivered,Marketplace,Karan Malhotra,Xpressbees,6,4,1241.25,646.75,0.3426,113.00,2095.40
IN241101724,05-Nov-2024,CUST97824,Myra Shinde,37,Mysuru,Karnataka,South,Mobiles & Accessories,Smartphone,MOB-SMA988,1,45099,45099,PAYDAY15,6764.85,0.18,38334.15,6900.15,UPI,Returned,Mobile App,Manish Iyer,Ecom Express,5,4,36458.19,1875.96,0.0489,96.00,45330.30
IN241102216,05-Nov-2024,CUST74160,Aditya Nair,38,Mysuru,Karnataka,South,Fashion,Women Kurti,FAS-WOM888,1,2699,2699,No Coupon,0.00,0.12,2699.00,323.88,UPI,Delivered,Mobile App,Amit Sharma,Delhivery,3,4,1888.40,810.60,0.3003,124.00,3146.88
IN241102482,05-Nov-2024,CUST88002,Rutuja Singh,20,Nagpur,Maharashtra,West,Grocery & Gourmet,Spices Combo,GRO-SPI957,1,591,591,FESTIVE10,59.10,0.12,531.90,63.83,Net Banking,Delivered,Mobile App,Deepak Yadav,DTDC,8,5,442.51,89.39,0.1681,74.00,669.73
IN241102411,06-Nov-2024,CUST78401,Rutuja Chauhan,48,Visakhapatnam,Andhra Pradesh,South,Mobiles & Accessories,Power Bank,MOB-POW835,1,2499,2499,No Coupon,0.00,0.18,2499.00,449.82,Wallet,Delivered,Website,Karan Malhotra,Blue Dart,6,4,1941.27,557.73,0.2232,103.00,3051.82
IN241100842,07-Nov-2024,CUST65401,Tanvi Tiwari,33,Thiruvananthapuram,Kerala,South,Sports & Fitness,Cricket Bat,SPO-CRI778,3,5499,16497,MEGADEAL,2969.46,0.12,13527.54,1623.30,UPI,Delivered,Mobile App,Priya Nair,Shadowfax,1,4,10105.82,3421.72,0.2529,122.00,15272.84
IN241101136,07-Nov-2024,CUST72851,Suresh Chatterjee,44,Mumbai,Maharashtra,West,Mobiles & Accessories,Tempered Glass,MOB-TEM832,2,378,756,PAYDAY15,113.40,0.12,642.60,77.11,Credit Card,Delivered,Social Commerce,Nikhil Bansal,Blue Dart,4,4,614.63,27.97,0.0435,169.00,888.71
IN241101910,07-Nov-2024,CUST15240,Rahul Deshmukh,58,Nagpur,Maharashtra,West,Mobiles & Accessories,Smartphone,MOB-SMA349,2,29299,58598,APPONLY,4687.84,0.12,53910.16,6469.22,Credit Card,Delivered,Social Commerce,Amit Sharma,India Post,2,3,49210.40,4699.76,0.0872,97.00,60476.38
IN241100343,08-Nov-2024,CUST36745,Kiara Ansari,31,Hyderabad,Telangana,South,Mobiles & Accessories,Power Bank,MOB-POW422,1,2899,2899,FREESHIP,0.00,0.18,2899.00,521.82,Debit Card,Delivered,Website,Priya Nair,India Post,2,4,2351.46,547.54,0.1889,155.00,3575.82
IN241100485,08-Nov-2024,CUST69520,Rutuja Mehta,42,Chandigarh,Chandigarh,North,Fashion,Handbag,FAS-HAN784,1,1099,1099,No Coupon,0.00,0.18,1099.00,197.82,UPI,Delivered,Mobile App,Swati Mishra,Ecom Express,3,5,824.11,274.89,0.2501,89.00,1385.82
IN241100599,08-Nov-2024,CUST24482,Ayaan Malhotra,40,Delhi,Delhi,North,Beauty & Personal Care,Hair Oil,BEA-HAI890,1,112,112,No Coupon,0.00,0.18,112.00,20.16,UPI,Returned,Website,Swati Mishra,Delhivery,2,3,67.08,44.92,0.4011,86.00,218.16
IN241101397,08-Nov-2024,CUST87565,Bhavna Chatterjee,27,Vijayawada,Andhra Pradesh,South,Home & Kitchen,Water Purifier,HOM-WAT724,1,15999,15999,No Coupon,0.00,0.12,15999.00,1919.88,Credit Card,Cancelled,Mobile App,Rahul Verma,Ecom Express,4,,11850.69,4148.31,0.2593,0.00,17918.88
IN241101487,08-Nov-2024,CUST27638,Krishna Ansari,30,Patna,Bihar,East,Home & Kitchen,Pressure Cooker,HOM-PRE724,1,2899,2899,FESTIVE10,289.90,0.18,2609.10,469.64,UPI,Shipped,Mobile App,Isha Gupta,Ecom Express,4,,1703.62,905.48,0.3470,122.00,3200.74
IN241102220,08-Nov-2024,CUST76972,Manish Kadam,37,Noida,Uttar Pradesh,North,Fashion,Saree,FAS-SAR473,2,5199,10398,No Coupon,0.00,0.12,10398.00,1247.76,UPI,Delivered,Website,Nikhil Bansal,DTDC,5,2,6856.68,3541.32,0.3406,154.00,11799.76
IN241100033,09-Nov-2024,CUST57428,Sai Pillai,30,Mumbai,Maharashtra,West,Home & Kitchen,Bedsheet Set,HOM-BED763,1,1699,1699,No Coupon,0.00,0.12,1699.00,203.88,COD,Delivered,Social Commerce,Kavya Deshmukh,Blue Dart,3,3,986.57,712.43,0.4193,86.00,1988.88
IN241101513,09-Nov-2024,CUST32470,Karan Pillai,55,Surat,Gujarat,West,Electronics,LED TV,ELE-LED757,1,29299,29299,No Coupon,0.00,0.18,29299.00,5273.82,COD,Delivered,Marketplace,Swati Mishra,Blue Dart,2,2,21982.66,7316.34,0.2497,107.00,34679.82
IN241101668,09-Nov-2024,CUST56037,Ayaan Shaikh,31,Bhubaneswar,Odisha,East,Books & Stationery,Pen Set,BOO-PEN236,1,283,283,FESTIVE10,28.30,0.05,254.70,12.73,Wallet,Delivered,Marketplace,Swati Mishra,Shadowfax,5,5,204.16,50.54,0.1984,147.00,414.43
IN241100323,10-Nov-2024,CUST92106,Mansi Das,24,Jaipur,Rajasthan,North,Sports & Fitness,Fitness Band,SPO-FIT983,4,3099,12396,No Coupon,0.00,0.12,12396.00,1487.52,Credit Card,Delivered,Mobile App,Rahul Verma,Ecom Express,8,4,8867.23,3528.77,0.2847,89.00,13972.52
IN241100783,10-Nov-2024,CUST32003,Shaurya Sharma,54,Bhubaneswar,Odisha,East,Mobiles & Accessories,Power Bank,MOB-POW241,1,1399,1399,No Coupon,0.00,0.18,1399.00,251.82,COD,Delivered,Website,Priya Nair,India Post,3,5,1071.43,327.57,0.2341,75.00,1725.82
IN241100827,10-Nov-2024,CUST80072,Aarti Yadav,19,Vijayawada,Andhra Pradesh,South,Books & Stationery,Pen Set,BOO-PEN445,3,322,966,No Coupon,0.00,0.05,966.00,48.30,UPI,Delivered,Website,Kavya Deshmukh,India Post,3,5,736.84,229.16,0.2372,123.00,1137.30
IN241100909,10-Nov-2024,CUST96309,Ishaan Gupta,18,Noida,Uttar Pradesh,North,Home & Kitchen,Water Purifier,HOM-WAT463,1,16899,16899,NEWYEAR10,1689.90,0.18,15209.10,2737.64,Credit Card,Delivered,Mobile App,Isha Gupta,India Post,4,4,12804.09,2405.01,0.1581,179.00,18125.74
IN241101012,10-Nov-2024,CUST83457,Payal Dhawale,35,Indore,Madhya Pradesh,Central,Sports & Fitness,Dumbbell Set,SPO-DUM951,1,2399,2399,No Coupon,0.00,0.12,2399.00,287.88,UPI,Delivered,Social Commerce,Manish Iyer,Blue Dart,1,4,1694.91,704.09,0.2935,125.00,2811.88
IN241101409,10-Nov-2024,CUST92485,Isha Kadam,46,Thiruvananthapuram,Kerala,South,Fashion,Men T-Shirt,FAS-MEN309,1,881,881,No Coupon,0.00,0.18,881.00,158.58,Credit Card,Delivered,Website,Sagar Pawar,Shadowfax,3,4,635.42,245.58,0.2788,62.00,1101.58
IN241101688,10-Nov-2024,CUST13654,Anaya Pawar,52,Kochi,Kerala,South,Beauty & Personal Care,Shampoo,BEA-SHA139,1,479,479,No Coupon,0.00,0.12,479.00,57.48,Debit Card,Returned,Website,Amit Sharma,Xpressbees,2,4,360.70,118.30,0.2470,113.00,649.48
IN241101743,10-Nov-2024,CUST12888,Bhavna Bansal,53,Delhi,Delhi,North,Mobiles & Accessories,Tempered Glass,MOB-TEM837,3,406,1218,No Coupon,0.00,0.12,1218.00,146.16,Credit Card,Cancelled,Marketplace,Tanvi Jadhav,Blue Dart,6,,880.64,337.36,0.2770,0.00,1364.16
IN241101213,11-Nov-2024,CUST88217,Ayaan Yadav,29,Thiruvananthapuram,Kerala,South,Mobiles & Accessories,Smart Watch,MOB-SMA180,3,15299,45897,No Coupon,0.00,0.12,45897.00,5507.64,COD,Delivered,Mobile App,Isha Gupta,Blue Dart,2,4,38139.67,7757.33,0.1690,162.00,51566.64
IN241101260,11-Nov-2024,CUST13665,Anaya Sharma,46,Gurugram,Haryana,North,Books & Stationery,Kids Story Book,BOO-KID960,1,472,472,FREESHIP,0.00,0.05,472.00,23.60,UPI,Delivered,Website,Rohan Mehta,Ecom Express,3,5,338.19,133.81,0.2835,130.00,625.60
IN241101641,11-Nov-2024,CUST63791,Myra Reddy,45,Lucknow,Uttar Pradesh,North,Electronics,Wireless Mouse,ELE-WIR444,1,1499,1499,APPONLY,119.92,0.12,1379.08,165.49,UPI,Delivered,Mobile App,Tanvi Jadhav,Blue Dart,1,1,1132.99,246.09,0.1784,120.00,1664.57
IN241101967,11-Nov-2024,CUST91925,Janhavi Chauhan,29,Mumbai,Maharashtra,West,Fashion,Sneakers,FAS-SNE554,1,3499,3499,No Coupon,0.00,0.18,3499.00,629.82,UPI,Delivered,Website,Karan Malhotra,Shadowfax,7,5,2052.34,1446.66,0.4134,121.00,4249.82
IN241102245,11-Nov-2024,CUST45644,Saanvi Reddy,27,Mysuru,Karnataka,South,Grocery & Gourmet,Spices Combo,GRO-SPI948,1,227,227,FESTIVE10,22.70,0.05,204.30,10.21,UPI,Cancelled,Marketplace,Kavya Deshmukh,DTDC,7,,140.70,63.60,0.3113,0.00,214.51
IN241100598,12-Nov-2024,CUST75732,Sakshi Shaikh,46,Gurugram,Haryana,North,Home & Kitchen,Pressure Cooker,HOM-PRE537,2,1299,2598,No Coupon,0.00,0.12,2598.00,311.76,UPI,Delivered,Marketplace,Sneha Kulkarni,Xpressbees,3,2,1682.77,915.23,0.3523,128.00,3037.76
IN241101164,12-Nov-2024,CUST73258,Rajesh Sharma,20,Ludhiana,Punjab,North,Fashion,Handbag,FAS-HAN160,1,1099,1099,No Coupon,0.00,0.18,1099.00,197.82,Net Banking,Delivered,Website,Sagar Pawar,Blue Dart,5,4,742.65,356.35,0.3242,90.00,1386.82
IN241101461,12-Nov-2024,CUST35964,Rajesh Patel,46,Mumbai,Maharashtra,West,Beauty & Personal Care,Shampoo,BEA-SHA771,1,890,890,No Coupon,0.00,0.12,890.00,106.80,UPI,Returned,Marketplace,Pooja Reddy,Blue Dart,2,5,518.34,371.66,0.4176,137.00,1133.80
IN241102195,12-Nov-2024,CUST68842,Diya Kulkarni,49,Chandigarh,Chandigarh,North,Home & Kitchen,Pressure Cooker,HOM-PRE348,1,999,999,FESTIVE10,99.90,0.18,899.10,161.84,Credit Card,Delivered,Social Commerce,Karan Malhotra,Xpressbees,5,4,676.39,222.71,0.2477,147.00,1207.94
IN241102449,12-Nov-2024,CUST20847,Rohan Pillai,30,Lucknow,Uttar Pradesh,North,Beauty & Personal Care,Skin Cream,BEA-SKI514,1,275,275,FESTIVE10,27.50,0.12,247.50,29.70,UPI,Delivered,Website,Anjali Joshi,Shadowfax,2,4,196.55,50.95,0.2059,140.00,417.20
IN241100455,13-Nov-2024,CUST62011,Diya Singh,57,Jaipur,Rajasthan,North,Fashion,Jeans,FAS-JEA660,1,3299,3299,No Coupon,0.00,0.12,3299.00,395.88,Debit Card,Delivered,Mobile App,Vikram Singh,India Post,3,5,2335.70,963.30,0.2920,113.00,3807.88
IN241100630,13-Nov-2024,CUST83725,Meera Mehta,19,Ranchi,Jharkhand,East,Electronics,Bluetooth Speaker,ELE-BLU387,2,2199,4398,FESTIVE10,439.80,0.12,3958.20,474.98,COD,Cancelled,Website,Isha Gupta,Ecom Express,6,,3430.16,528.04,0.1334,0.00,4433.18
IN241102015,13-Nov-2024,CUST99054,Rudra Saxena,39,Ranchi,Jharkhand,East,Fashion,Men T-Shirt,FAS-MEN773,1,795,795,PAYDAY15,119.25,0.18,675.75,121.64,UPI,Delivered,Website,Karan Malhotra,Shadowfax,1,1,541.59,134.16,0.1985,177.00,974.39
IN241101026,14-Nov-2024,CUST40870,Prachi Kadam,57,Nashik,Maharashtra,West,Home & Kitchen,Air Fryer,HOM-AIR569,3,12399,37197,DIWALI20,7439.40,0.12,29757.60,3570.91,Net Banking,Delivered,Social Commerce,Swati Mishra,Xpressbees,3,3,27003.91,2753.69,0.0925,176.00,33504.51
IN241101305,14-Nov-2024,CUST30357,Meera Bansal,44,Hyderabad,Telangana,South,Home & Kitchen,Mixer Grinder,HOM-MIX276,3,3799,11397,DIWALI20,2279.40,0.12,9117.60,1094.11,Credit Card,Delivered,Mobile App,Priya Nair,Shadowfax,4,5,7707.36,1410.24,0.1547,149.00,10360.71
IN241101563,14-Nov-2024,CUST39090,Kavya Saxena,38,Bhopal,Madhya Pradesh,Central,Mobiles & Accessories,Bluetooth Earbuds,MOB-BLU659,1,7599,7599,MEGADEAL,1367.82,0.12,6231.18,747.74,UPI,Delivered,Social Commerce,Manish Iyer,India Post,2,5,6304.24,-73.06,-0.0117,122.00,7100.92
IN241101618,14-Nov-2024,CUST53656,Neha Das,50,Hyderabad,Telangana,South,Home & Kitchen,Bedsheet Set,HOM-BED846,1,1399,1399,MEGADEAL,251.82,0.18,1147.18,206.49,UPI,Delivered,Mobile App,Kavya Deshmukh,DTDC,4,5,920.84,226.34,0.1973,141.00,1494.67
IN241101722,14-Nov-2024,CUST26237,Saanvi Kumar,29,Nagpur,Maharashtra,West,Mobiles & Accessories,Bluetooth Earbuds,MOB-BLU377,2,2699,5398,No Coupon,0.00,0.18,5398.00,971.64,UPI,Delivered,Mobile App,Manish Iyer,Ecom Express,4,4,4291.84,1106.16,0.2049,76.00,6445.64
IN241102405,14-Nov-2024,CUST12988,Shaurya Pawar,20,Jaipur,Rajasthan,North,Home & Kitchen,Air Fryer,HOM-AIR342,1,13999,13999,No Coupon,0.00,0.12,13999.00,1679.88,Credit Card,Delivered,Mobile App,Rohan Mehta,Xpressbees,3,1,8500.63,5498.37,0.3928,120.00,15798.88
IN241100438,15-Nov-2024,CUST46927,Anaya Kadam,34,Delhi,Delhi,North,Fashion,Jeans,FAS-JEA196,2,2899,5798,PAYDAY15,869.70,0.18,4928.30,887.09,UPI,Delivered,Website,Kavya Deshmukh,Ecom Express,3,4,4158.19,770.11,0.1563,103.00,5918.39
IN241100558,15-Nov-2024,CUST60707,Sneha Deshmukh,35,Ludhiana,Punjab,North,Books & Stationery,Kids Story Book,BOO-KID920,2,467,934,DIWALI20,186.80,0.18,747.20,134.50,Debit Card,Delivered,Mobile App,Deepak Yadav,Delhivery,3,5,624.80,122.40,0.1638,67.00,948.70
IN241100280,16-Nov-2024,CUST94266,Reyansh Patel,34,Chandigarh,Chandigarh,North,Beauty & Personal Care,Skin Cream,BEA-SKI694,2,1199,2398,No Coupon,0.00,0.12,2398.00,287.76,UPI,Delivered,Mobile App,Vikram Singh,Blue Dart,4,4,1645.38,752.62,0.3139,68.00,2753.76
IN241101786,16-Nov-2024,CUST24557,Rahul Das,50,Ranchi,Jharkhand,East,Electronics,Tablet,ELE-TAB369,1,45699,45699,No Coupon,0.00,0.12,45699.00,5483.88,UPI,Delivered,Website,Neha Patel,Blue Dart,3,3,36592.47,9106.53,0.1993,87.00,51269.88
IN241100303,17-Nov-2024,CUST36644,Kabir Dhawale,55,Nagpur,Maharashtra,West,Mobiles & Accessories,Tempered Glass,MOB-TEM293,1,370,370,PAYDAY15,55.50,0.18,314.50,56.61,COD,Delivered,Mobile App,Kavya Deshmukh,DTDC,3,5,304.34,10.16,0.0323,142.00,513.11
IN241100443,17-Nov-2024,CUST12683,Mansi Mehta,33,Gurugram,Haryana,North,Mobiles & Accessories,Bluetooth Earbuds,MOB-BLU165,2,1999,3998,WELCOME100,100.00,0.18,3898.00,701.64,Wallet,Delivered,Marketplace,Kavya Deshmukh,Delhivery,2,4,3223.27,674.73,0.1731,96.00,4695.64
IN241101788,17-Nov-2024,CUST89802,Pooja Agarwal,19,Ahmedabad,Gujarat,West,Mobiles & Accessories,Tempered Glass,MOB-TEM200,2,335,670,APPONLY,53.60,0.18,616.40,110.95,COD,Delivered,Marketplace,Karan Malhotra,India Post,2,3,526.92,89.48,0.1452,89.00,816.35
IN241101959,17-Nov-2024,CUST20685,Shruti Gaikwad,38,Ludhiana,Punjab,North,Electronics,Keyboard,ELE-KEY928,2,1299,2598,No Coupon,0.00,0.18,2598.00,467.64,Wallet,Delivered,Marketplace,Sneha Kulkarni,Xpressbees,3,4,1987.65,610.35,0.2349,70.00,3135.64
IN241102126,17-Nov-2024,CUST44123,Komal Rathod,43,Visakhapatnam,Andhra Pradesh,South,Home & Kitchen,Air Fryer,HOM-AIR782,2,14099,28198,DIWALI20,5639.60,0.12,22558.40,2707.01,UPI,Cancelled,Mobile App,Sagar Pawar,Blue Dart,3,,21537.80,1020.60,0.0452,0.00,25265.41
IN241102158,17-Nov-2024,CUST54688,Rajesh Chatterjee,25,Nagpur,Maharashtra,West,Home & Kitchen,Bedsheet Set,HOM-BED276,1,658,658,PAYDAY15,98.70,0.12,559.30,67.12,Wallet,Delivered,Mobile App,Pooja Reddy,Xpressbees,4,4,506.27,53.03,0.0948,180.00,806.42
IN241100090,18-Nov-2024,CUST34195,Saanvi Mishra,38,Bhopal,Madhya Pradesh,Central,Mobiles & Accessories,Tempered Glass,MOB-TEM494,1,557,557,NEWYEAR10,55.70,0.18,501.30,90.23,COD,Delivered,Mobile App,Deepak Yadav,Delhivery,3,4,454.48,46.82,0.0934,122.00,713.53
IN241100634,18-Nov-2024,CUST43442,Vikram Rathod,47,Nagpur,Maharashtra,West,Home & Kitchen,Water Purifier,HOM-WAT862,1,10299,10299,No Coupon,0.00,0.12,10299.00,1235.88,COD,Delivered,Website,Priya Nair,DTDC,5,4,7667.50,2631.50,0.2555,176.00,11710.88
IN241101068,18-Nov-2024,CUST52878,Neha Das,55,Thiruvananthapuram,Kerala,South,Mobiles & Accessories,Power Bank,MOB-POW631,2,1999,3998,FREESHIP,0.00,0.12,3998.00,479.76,COD,Shipped,Website,Manish Iyer,Xpressbees,7,,3341.71,656.29,0.1642,125.00,4602.76
IN241101086,18-Nov-2024,CUST29746,Rudra Saxena,28,Bhopal,Madhya Pradesh,Central,Sports & Fitness,Running Shoes,SPO-RUN116,1,3599,3599,No Coupon,0.00,0.12,3599.00,431.88,COD,Delivered,Website,Neha Patel,Xpressbees,5,2,2731.13,867.87,0.2411,133.00,4163.88
IN241101159,18-Nov-2024,CUST86183,Siddharth Rathod,45,Nashik,Maharashtra,West,Electronics,Laptop,ELE-LAP515,1,102899,102899,PAYDAY15,15434.85,0.12,87464.15,10495.70,UPI,Delivered,Mobile App,Rohan Mehta,India Post,5,5,87250.77,213.38,0.0024,120.00,98079.85
IN241101609,18-Nov-2024,CUST24637,Omkar Iyer,18,Jaipur,Rajasthan,North,Mobiles & Accessories,Smartphone,MOB-SMA215,1,31099,31099,No Coupon,0.00,0.18,31099.00,5597.82,Debit Card,Delivered,Website,Tanvi Jadhav,Xpressbees,4,5,24362.01,6736.99,0.2166,119.00,36815.82
IN241102093,18-Nov-2024,CUST70293,Akshay Gupta,43,Bengaluru,Karnataka,South,Sports & Fitness,Cricket Bat,SPO-CRI204,1,2099,2099,No Coupon,0.00,0.12,2099.00,251.88,COD,Delivered,Mobile App,Rohan Mehta,India Post,3,4,1243.40,855.60,0.4076,153.00,2503.88
IN241101037,19-Nov-2024,CUST80961,Komal Pawar,20,Delhi,Delhi,North,Grocery & Gourmet,Dry Fruits Pack,GRO-DRY878,1,1899,1899,No Coupon,0.00,0.12,1899.00,227.88,UPI,Delivered,Mobile App,Deepak Yadav,DTDC,5,5,1231.19,667.81,0.3517,161.00,2287.88
IN241101841,19-Nov-2024,CUST87643,Ira Rathod,42,Chennai,Tamil Nadu,South,Mobiles & Accessories,Phone Cover,MOB-PHO768,1,984,984,PAYDAY15,147.60,0.12,836.40,100.37,Net Banking,Delivered,Marketplace,Sneha Kulkarni,Blue Dart,5,2,828.58,7.82,0.0093,95.00,1031.77
IN241102457,19-Nov-2024,CUST91263,Reyansh Yadav,39,Coimbatore,Tamil Nadu,South,Electronics,LED TV,ELE-LED979,1,31599,31599,No Coupon,0.00,0.12,31599.00,3791.88,UPI,Delivered,Website,Karan Malhotra,DTDC,6,5,25532.50,6066.50,0.1920,173.00,35563.88
IN241100206,20-Nov-2024,CUST20873,Priya Nair,30,Ranchi,Jharkhand,East,Fashion,Handbag,FAS-HAN636,1,4599,4599,FREESHIP,0.00,0.12,4599.00,551.88,Debit Card,Delivered,Mobile App,Rahul Verma,Ecom Express,1,3,2781.72,1817.28,0.3951,101.00,5251.88
IN241101465,20-Nov-2024,CUST37846,Amit Kumar,31,Bengaluru,Karnataka,South,Fashion,Handbag,FAS-HAN453,1,3799,3799,PAYDAY15,569.85,0.18,3229.15,581.25,Credit Card,Delivered,Website,Amit Sharma,Ecom Express,5,5,2508.05,721.10,0.2233,61.00,3871.40
IN241102161,20-Nov-2024,CUST76582,Payal Kumar,41,Pune,Maharashtra,West,Mobiles & Accessories,Power Bank,MOB-POW691,4,2299,9196,No Coupon,0.00,0.12,9196.00,1103.52,Credit Card,Delivered,Mobile App,Amit Sharma,Shadowfax,4,5,7676.83,1519.17,0.1652,170.00,10469.52
IN241102185,20-Nov-2024,CUST87294,Mansi Tiwari,53,Vijayawada,Andhra Pradesh,South,Sports & Fitness,Fitness Band,SPO-FIT721,4,3699,14796,No Coupon,0.00,0.18,14796.00,2663.28,UPI,Returned,Website,Sneha Kulkarni,Ecom Express,1,5,10735.24,4060.76,0.2744,130.00,17589.28
IN241102203,20-Nov-2024,CUST89564,Rutuja Yadav,27,Chennai,Tamil Nadu,South,Beauty & Personal Care,Perfume,BEA-PER177,1,2099,2099,No Coupon,0.00,0.18,2099.00,377.82,Net Banking,Delivered,Social Commerce,Isha Gupta,Xpressbees,3,4,1425.96,673.04,0.3206,83.00,2559.82
IN241100369,21-Nov-2024,CUST19978,Amit Bansal,23,Bhopal,Madhya Pradesh,Central,Home & Kitchen,Cookware Set,HOM-COO997,3,2899,8697,No Coupon,0.00,0.18,8697.00,1565.46,UPI,Delivered,Mobile App,Tanvi Jadhav,Blue Dart,3,5,5101.25,3595.75,0.4134,160.00,10422.46
IN241100681,21-Nov-2024,CUST51102,Pranav Chauhan,32,Nagpur,Maharashtra,West,Mobiles & Accessories,Phone Cover,MOB-PHO121,1,937,937,No Coupon,0.00,0.12,937.00,112.44,COD,Delivered,Marketplace,Sneha Kulkarni,Delhivery,3,4,773.57,163.43,0.1744,109.00,1158.44
IN241101144,21-Nov-2024,CUST12342,Reyansh Malhotra,24,Jaipur,Rajasthan,North,Mobiles & Accessories,Tempered Glass,MOB-TEM365,2,490,980,No Coupon,0.00,0.18,980.00,176.40,UPI,Delivered,Mobile App,Nikhil Bansal,Shadowfax,3,4,818.20,161.80,0.1651,95.00,1251.40
IN241101498,21-Nov-2024,CUST21243,Ishaan Qureshi,33,Delhi,Delhi,North,Beauty & Personal Care,Face Wash,BEA-FAC693,1,358,358,PAYDAY15,53.70,0.12,304.30,36.52,UPI,Delivered,Website,Anjali Joshi,DTDC,5,4,240.20,64.10,0.2106,74.00,414.82
IN241101560,21-Nov-2024,CUST22896,Deepak Pawar,20,Ahmedabad,Gujarat,West,Fashion,Jeans,FAS-JEA868,1,1599,1599,APPONLY,127.92,0.18,1471.08,264.79,Net Banking,Delivered,Mobile App,Nikhil Bansal,Shadowfax,3,4,1171.33,299.75,0.2038,81.00,1816.87
IN241101857,21-Nov-2024,CUST60114,Bhavna Tiwari,35,Pune,Maharashtra,West,Fashion,Jeans,FAS-JEA612,4,2899,11596,DIWALI20,2319.20,0.18,9276.80,1669.82,COD,Delivered,Website,Tanvi Jadhav,Shadowfax,4,1,8476.79,800.01,0.0862,143.00,11089.62
IN241102157,21-Nov-2024,CUST20599,Ira Patel,23,Chennai,Tamil Nadu,South,Home & Kitchen,Pressure Cooker,HOM-PRE480,2,2599,5198,No Coupon,0.00,0.12,5198.00,623.76,Credit Card,Delivered,Mobile App,Sneha Kulkarni,Blue Dart,3,5,3812.13,1385.87,0.2666,97.00,5918.76
IN241102256,21-Nov-2024,CUST50483,Aarav Yadav,55,Pune,Maharashtra,West,Sports & Fitness,Fitness Band,SPO-FIT450,2,6799,13598,No Coupon,0.00,0.18,13598.00,2447.64,UPI,Delivered,Mobile App,Priya Nair,Shadowfax,3,5,9158.34,4439.66,0.3265,70.00,16115.64
IN241102456,21-Nov-2024,CUST30836,Myra Qureshi,21,Vijayawada,Andhra Pradesh,South,Grocery & Gourmet,Tea Pack,GRO-TEA525,1,570,570,No Coupon,0.00,0.18,570.00,102.60,UPI,Delivered,Marketplace,Sagar Pawar,Xpressbees,5,4,376.21,193.79,0.3400,169.00,841.60
IN241102472,21-Nov-2024,CUST36956,Karan Chauhan,49,Indore,Madhya Pradesh,Central,Fashion,Saree,FAS-SAR753,1,3299,3299,FESTIVE10,329.90,0.18,2969.10,534.44,Credit Card,Delivered,Mobile App,Pooja Reddy,Ecom Express,3,5,2039.25,929.85,0.3132,173.00,3676.54
IN241101143,22-Nov-2024,CUST72897,Arjun Bansal,18,Ranchi,Jharkhand,East,Fashion,Jeans,FAS-JEA288,1,3299,3299,No Coupon,0.00,0.18,3299.00,593.82,UPI,Delivered,Mobile App,Karan Malhotra,Shadowfax,4,4,2097.25,1201.75,0.3643,90.00,3982.82
IN241102027,22-Nov-2024,CUST14864,Isha Ansari,55,Patna,Bihar,East,Fashion,Sneakers,FAS-SNE376,1,2299,2299,WELCOME100,100.00,0.12,2199.00,263.88,Net Banking,Delivered,Mobile App,Sagar Pawar,Blue Dart,5,5,1511.38,687.62,0.3127,113.00,2575.88
IN241102212,22-Nov-2024,CUST93811,Pooja Verma,38,Mumbai,Maharashtra,West,Beauty & Personal Care,Shampoo,BEA-SHA986,1,834,834,APPONLY,66.72,0.12,767.28,92.07,UPI,Returned,Marketplace,Rahul Verma,Ecom Express,6,4,543.32,223.96,0.2919,157.00,1016.35
IN241100002,23-Nov-2024,CUST53986,Priya Banerjee,36,Delhi,Delhi,North,Home & Kitchen,Bedsheet Set,HOM-BED622,2,1999,3998,No Coupon,0.00,0.12,3998.00,479.76,COD,Shipped,Mobile App,Sagar Pawar,DTDC,3,,2793.32,1204.68,0.3013,167.00,4644.76
IN241100008,23-Nov-2024,CUST52041,Isha Kapoor,22,Ludhiana,Punjab,North,Sports & Fitness,Dumbbell Set,SPO-DUM207,1,1599,1599,No Coupon,0.00,0.18,1599.00,287.82,Wallet,Shipped,Mobile App,Rahul Verma,DTDC,5,,1038.69,560.31,0.3504,63.00,1949.82
IN241100265,23-Nov-2024,CUST88185,Vihaan Singh,41,Indore,Madhya Pradesh,Central,Books & Stationery,Pen Set,BOO-PEN696,1,111,111,FESTIVE10,11.10,0.18,99.90,17.98,UPI,Delivered,Website,Deepak Yadav,Xpressbees,2,5,78.60,21.30,0.2132,178.00,295.88
IN241100354,23-Nov-2024,CUST25949,Sakshi Joshi,48,Bengaluru,Karnataka,South,Mobiles & Accessories,Smartphone,MOB-SMA788,1,18699,18699,FESTIVE10,1869.90,0.12,16829.10,2019.49,UPI,Delivered,Marketplace,Pooja Reddy,Shadowfax,3,5,15295.76,1533.34,0.0911,178.00,19026.59
IN241100396,23-Nov-2024,CUST32738,Vikram Tiwari,32,Bengaluru,Karnataka,South,Mobiles & Accessories,Tempered Glass,MOB-TEM842,1,310,310,APPONLY,24.80,0.18,285.20,51.34,UPI,Delivered,Mobile App,Rahul Verma,Shadowfax,4,4,227.47,57.73,0.2024,104.00,440.54
IN241101696,23-Nov-2024,CUST97942,Omkar Das,45,Ludhiana,Punjab,North,Electronics,Wireless Mouse,ELE-WIR379,1,2199,2199,No Coupon,0.00,0.18,2199.00,395.82,Debit Card,Shipped,Social Commerce,Nikhil Bansal,Delhivery,2,,1883.65,315.35,0.1434,174.00,2768.82
IN241102323,23-Nov-2024,CUST87525,Vihaan Singh,55,Nagpur,Maharashtra,West,Sports & Fitness,Yoga Mat,SPO-YOG496,1,467,467,No Coupon,0.00,0.12,467.00,56.04,COD,Delivered,Website,Kavya Deshmukh,Xpressbees,7,5,343.65,123.35,0.2641,71.00,594.04
IN241100047,24-Nov-2024,CUST41184,Karan Gupta,23,Nashik,Maharashtra,West,Books & Stationery,Office Diary,BOO-OFF861,3,539,1617,FREESHIP,0.00,0.12,1617.00,194.04,COD,Shipped,Website,Kavya Deshmukh,Delhivery,3,,1071.74,545.26,0.3372,91.00,1902.04
IN241100146,24-Nov-2024,CUST83991,Suresh Pawar,49,Patna,Bihar,East,Beauty & Personal Care,Perfume,BEA-PER690,2,1199,2398,No Coupon,0.00,0.18,2398.00,431.64,COD,Delivered,Mobile App,Deepak Yadav,Ecom Express,5,5,1821.72,576.28,0.2403,64.00,2893.64
IN241100513,24-Nov-2024,CUST71136,Anika Deshmukh,36,Coimbatore,Tamil Nadu,South,Grocery & Gourmet,Tea Pack,GRO-TEA455,4,671,2684,PAYDAY15,402.60,0.12,2281.40,273.77,UPI,Cancelled,Mobile App,Kavya Deshmukh,Ecom Express,7,,1623.31,658.09,0.2885,0.00,2555.17
IN241100523,24-Nov-2024,CUST93670,Yash Ansari,42,Bengaluru,Karnataka,South,Grocery & Gourmet,Tea Pack,GRO-TEA185,1,641,641,FESTIVE10,64.10,0.05,576.90,28.84,Credit Card,Delivered,Mobile App,Rahul Verma,Ecom Express,3,3,484.12,92.78,0.1608,165.00,770.74
IN241100526,24-Nov-2024,CUST50417,Kavya Kulkarni,58,Kochi,Kerala,South,Fashion,Handbag,FAS-HAN110,5,2999,14995,FREESHIP,0.00,0.18,14995.00,2699.10,Credit Card,Delivered,Mobile App,Sagar Pawar,India Post,6,4,8988.04,6006.96,0.4006,135.00,17829.10
IN241100866,24-Nov-2024,CUST87478,Nisha Chauhan,51,Chandigarh,Chandigarh,North,Home & Kitchen,Bedsheet Set,HOM-BED622,2,1999,3998,FESTIVE10,399.80,0.12,3598.20,431.78,UPI,Delivered,Website,Kavya Deshmukh,Ecom Express,4,3,3116.87,481.33,0.1338,170.00,4199.98
IN241101089,24-Nov-2024,CUST17215,Vihaan Kumar,45,Jaipur,Rajasthan,North,Home & Kitchen,Mixer Grinder,HOM-MIX623,1,2299,2299,No Coupon,0.00,0.18,2299.00,413.82,Credit Card,Delivered,Website,Anjali Joshi,Ecom Express,1,4,1501.58,797.42,0.3469,165.00,2877.82
IN241101648,24-Nov-2024,CUST29853,Neha Agarwal,35,Jaipur,Rajasthan,North,Beauty & Personal Care,Skin Cream,BEA-SKI516,1,480,480,No Coupon,0.00,0.18,480.00,86.40,Wallet,Delivered,Mobile App,Karan Malhotra,Xpressbees,2,4,318.02,161.98,0.3375,90.00,656.40
IN241101815,24-Nov-2024,CUST27509,Shruti Bansal,20,Ahmedabad,Gujarat,West,Grocery & Gourmet,Tea Pack,GRO-TEA189,2,337,674,FESTIVE10,67.40,0.12,606.60,72.79,Net Banking,Returned,Mobile App,Priya Nair,DTDC,3,3,518.59,88.01,0.1451,124.00,803.39
IN241102004,24-Nov-2024,CUST40648,Komal More,47,Surat,Gujarat,West,Home & Kitchen,Cookware Set,HOM-COO545,1,2299,2299,No Coupon,0.00,0.12,2299.00,275.88,Net Banking,Returned,Mobile App,Anjali Joshi,Blue Dart,5,4,1470.95,828.05,0.3602,106.00,2680.88
IN241101267,25-Nov-2024,CUST12351,Payal Shinde,25,Pune,Maharashtra,West,Grocery & Gourmet,Dry Fruits Pack,GRO-DRY550,1,1199,1199,No Coupon,0.00,0.18,1199.00,215.82,Debit Card,Delivered,Website,Vikram Singh,Xpressbees,7,5,808.96,390.04,0.3253,81.00,1495.82
IN241101345,25-Nov-2024,CUST58053,Rutuja Yadav,47,Nagpur,Maharashtra,West,Home & Kitchen,Cookware Set,HOM-COO670,2,7799,15598,No Coupon,0.00,0.18,15598.00,2807.64,COD,Cancelled,Website,Amit Sharma,Blue Dart,4,,11310.58,4287.42,0.2749,0.00,18405.64
IN241100195,26-Nov-2024,CUST55929,Priya Singh,27,Pune,Maharashtra,West,Home & Kitchen,Bedsheet Set,HOM-BED170,3,2299,6897,No Coupon,0.00,0.12,6897.00,827.64,UPI,Delivered,Mobile App,Rahul Verma,India Post,4,3,4069.12,2827.88,0.4100,159.00,7883.64
IN241100802,26-Nov-2024,CUST44122,Manish Chatterjee,30,Gurugram,Haryana,North,Electronics,Laptop,ELE-LAP520,2,98499,196998,No Coupon,0.00,0.12,196998.00,23639.76,UPI,Delivered,Mobile App,Karan Malhotra,Delhivery,4,4,168972.65,28025.35,0.1423,116.00,220753.76
IN241101117,26-Nov-2024,CUST83806,Aditya Gupta,23,Chennai,Tamil Nadu,South,Fashion,Jeans,FAS-JEA470,1,2699,2699,DIWALI20,539.80,0.12,2159.20,259.10,Wallet,Delivered,Social Commerce,Swati Mishra,DTDC,6,5,2070.86,88.34,0.0409,71.00,2489.30
IN241101275,26-Nov-2024,CUST61854,Amit Iyer,26,Nagpur,Maharashtra,West,Mobiles & Accessories,Phone Cover,MOB-PHO230,1,218,218,FESTIVE10,21.80,0.18,196.20,35.32,Credit Card,Delivered,Mobile App,Rohan Mehta,India Post,3,5,157.74,38.46,0.1960,177.00,408.52
IN241101866,26-Nov-2024,CUST66542,Ira Nair,24,Pune,Maharashtra,West,Fashion,Jeans,FAS-JEA628,3,948,2844,No Coupon,0.00,0.18,2844.00,511.92,COD,Shipped,Website,Vikram Singh,Blue Dart,1,,1718.87,1125.13,0.3956,118.00,3473.92
IN241102333,26-Nov-2024,CUST90365,Anaya Singh,49,Pune,Maharashtra,West,Electronics,Wireless Mouse,ELE-WIR725,4,1699,6796,No Coupon,0.00,0.18,6796.00,1223.28,UPI,Shipped,Mobile App,Tanvi Jadhav,DTDC,3,,5278.46,1517.54,0.2233,121.00,8140.28
IN241102470,26-Nov-2024,CUST78533,Amit Kulkarni,26,Vadodara,Gujarat,West,Fashion,Women Kurti,FAS-WOM481,1,684,684,PAYDAY15,102.60,0.18,581.40,104.65,Credit Card,Returned,Mobile App,Rahul Verma,Xpressbees,3,3,464.47,116.93,0.2011,115.00,801.05
IN241100446,27-Nov-2024,CUST97944,Kabir Shaikh,24,Guwahati,Assam,North East,Fashion,Handbag,FAS-HAN152,1,835,835,WELCOME100,100.00,0.12,735.00,88.20,Credit Card,Delivered,Marketplace,Anjali Joshi,Blue Dart,4,4,491.98,243.02,0.3306,127.00,950.20
IN241100710,27-Nov-2024,CUST52992,Vivaan Banerjee,19,Bhopal,Madhya Pradesh,Central,Sports & Fitness,Yoga Mat,SPO-YOG730,1,1599,1599,WELCOME100,100.00,0.18,1499.00,269.82,Credit Card,Delivered,Mobile App,Sagar Pawar,DTDC,2,5,1029.38,469.62,0.3133,94.00,1862.82
IN241100722,27-Nov-2024,CUST35932,Pooja Dhawale,54,Vijayawada,Andhra Pradesh,South,Beauty & Personal Care,Skin Cream,BEA-SKI919,1,1199,1199,WELCOME100,100.00,0.12,1099.00,131.88,COD,Shipped,Marketplace,Priya Nair,Xpressbees,4,,930.48,168.52,0.1533,166.00,1396.88
IN241101292,27-Nov-2024,CUST27956,Rohan Shinde,58,Guwahati,Assam,North East,Beauty & Personal Care,Skin Cream,BEA-SKI334,3,360,1080,APPONLY,86.40,0.12,993.60,119.23,Debit Card,Delivered,Marketplace,Sneha Kulkarni,Delhivery,4,4,779.24,214.36,0.2157,178.00,1290.83
IN241102334,27-Nov-2024,CUST31133,Pranav Verma,28,Mumbai,Maharashtra,West,Grocery & Gourmet,Basmati Rice 5kg,GRO-BAS222,1,783,783,FREESHIP,0.00,0.05,783.00,39.15,Debit Card,Delivered,Marketplace,Manish Iyer,DTDC,1,5,535.89,247.11,0.3156,66.00,888.15
IN241102426,27-Nov-2024,CUST76178,Ayaan Jadhav,37,Bengaluru,Karnataka,South,Fashion,Women Kurti,FAS-WOM851,1,1999,1999,No Coupon,0.00,0.12,1999.00,239.88,COD,Delivered,Website,Nikhil Bansal,Shadowfax,7,2,1281.68,717.32,0.3588,148.00,2386.88
IN241100274,28-Nov-2024,CUST82294,Manish Kapoor,32,Bhopal,Madhya Pradesh,Central,Electronics,LED TV,ELE-LED379,1,89999,89999,MEGADEAL,16199.82,0.18,73799.18,13283.85,COD,Delivered,Social Commerce,Priya Nair,Blue Dart,3,5,67573.99,6225.19,0.0844,164.00,87247.03
IN241100444,28-Nov-2024,CUST42035,Nisha Joshi,18,Guwahati,Assam,North East,Home & Kitchen,Water Purifier,HOM-WAT212,3,18099,54297,No Coupon,0.00,0.18,54297.00,9773.46,Credit Card,Delivered,Marketplace,Tanvi Jadhav,Delhivery,5,5,39201.67,15095.33,0.2780,177.00,64247.46
IN241100499,28-Nov-2024,CUST86141,Vivaan Singh,19,Ranchi,Jharkhand,East,Fashion,Jeans,FAS-JEA523,1,2399,2399,No Coupon,0.00,0.18,2399.00,431.82,UPI,Delivered,Mobile App,Anjali Joshi,DTDC,3,4,1840.91,558.09,0.2326,104.00,2934.82
IN241100510,28-Nov-2024,CUST34500,Neha Ansari,22,Delhi,Delhi,North,Books & Stationery,Kids Story Book,BOO-KID443,2,140,280,FREESHIP,0.00,0.18,280.00,50.40,UPI,Delivered,Mobile App,Sagar Pawar,Delhivery,2,5,175.38,104.62,0.3736,84.00,414.40
IN241101022,28-Nov-2024,CUST93552,Ayaan Bansal,57,Lucknow,Uttar Pradesh,North,Books & Stationery,Exam Prep Book,BOO-EXA188,1,831,831,DIWALI20,166.20,0.12,664.80,79.78,UPI,Shipped,Mobile App,Anjali Joshi,Blue Dart,2,,495.08,169.72,0.2553,63.00,807.58
IN241101209,28-Nov-2024,CUST63641,Omkar Chauhan,28,Coimbatore,Tamil Nadu,South,Electronics,LED TV,ELE-LED674,1,51599,51599,No Coupon,0.00,0.18,51599.00,9287.82,UPI,Delivered,Social Commerce,Anjali Joshi,DTDC,2,5,42990.07,8608.93,0.1668,65.00,60951.82
IN241100196,29-Nov-2024,CUST56988,Vikram Bhatia,39,Bhubaneswar,Odisha,East,Home & Kitchen,Air Fryer,HOM-AIR696,2,10099,20198,FREESHIP,0.00,0.12,20198.00,2423.76,UPI,Delivered,Mobile App,Amit Sharma,Ecom Express,2,4,14180.18,6017.82,0.2979,135.00,22756.76
IN241100542,29-Nov-2024,CUST23969,Shruti Khan,58,Thiruvananthapuram,Kerala,South,Beauty & Personal Care,Skin Cream,BEA-SKI551,1,1099,1099,FESTIVE10,109.90,0.12,989.10,118.69,UPI,Cancelled,Website,Anjali Joshi,India Post,2,,692.24,296.86,0.3001,0.00,1107.79
IN241101347,29-Nov-2024,CUST50748,Aarti Saxena,36,Kochi,Kerala,South,Beauty & Personal Care,Skin Cream,BEA-SKI323,3,658,1974,FREESHIP,0.00,0.12,1974.00,236.88,UPI,Returned,Website,Karan Malhotra,Ecom Express,3,4,1260.94,713.06,0.3612,71.00,2281.88
IN241102399,29-Nov-2024,CUST71460,Payal Khan,38,Surat,Gujarat,West,Books & Stationery,Pen Set,BOO-PEN916,3,327,981,No Coupon,0.00,0.18,981.00,176.58,UPI,Returned,Mobile App,Swati Mishra,Ecom Express,6,4,756.61,224.39,0.2287,165.00,1322.58
IN241100128,30-Nov-2024,CUST98781,Amit Reddy,21,Vijayawada,Andhra Pradesh,South,Grocery & Gourmet,Cold Pressed Oil,GRO-COL464,1,323,323,NEWYEAR10,32.30,0.05,290.70,14.54,Net Banking,Delivered,Mobile App,Anjali Joshi,India Post,5,4,202.64,88.06,0.3029,119.00,424.24
IN241101160,30-Nov-2024,CUST97370,Yash Pawar,50,Bhubaneswar,Odisha,East,Beauty & Personal Care,Hair Oil,BEA-HAI592,2,301,602,No Coupon,0.00,0.18,602.00,108.36,UPI,Delivered,Mobile App,Sneha Kulkarni,Ecom Express,3,4,386.94,215.06,0.3572,149.00,859.36
IN241101838,30-Nov-2024,CUST66161,Siddharth Kadam,41,Hyderabad,Telangana,South,Books & Stationery,Pen Set,BOO-PEN430,4,274,1096,No Coupon,0.00,0.18,1096.00,197.28,UPI,Delivered,Mobile App,Sagar Pawar,Shadowfax,3,2,803.27,292.73,0.2671,130.00,1423.28
IN241101846,30-Nov-2024,CUST41945,Suresh Patel,57,Surat,Gujarat,West,Home & Kitchen,Water Purifier,HOM-WAT674,1,8799,8799,No Coupon,0.00,0.12,8799.00,1055.88,COD,Delivered,Mobile App,Neha Patel,Delhivery,4,5,6402.30,2396.70,0.2724,155.00,10009.88
IN241102065,30-Nov-2024,CUST78592,Suresh Kapoor,27,Lucknow,Uttar Pradesh,North,Fashion,Handbag,FAS-HAN492,4,4799,19196,MEGADEAL,3455.28,0.18,15740.72,2833.33,Wallet,Delivered,Website,Priya Nair,Delhivery,2,1,11855.97,3884.75,0.2468,157.00,18731.05
IN241102463,30-Nov-2024,CUST79667,Nikhil Mehta,54,Coimbatore,Tamil Nadu,South,Fashion,Handbag,FAS-HAN571,2,2999,5998,WELCOME100,100.00,0.12,5898.00,707.76,Credit Card,Delivered,Marketplace,Tanvi Jadhav,Shadowfax,2,3,3966.17,1931.83,0.3275,78.00,6683.76
IN241200194,01-Dec-2024,CUST16421,Nisha Iyer,21,Mysuru,Karnataka,South,Fashion,Saree,FAS-SAR934,1,5899,5899,NEWYEAR10,589.90,0.18,5309.10,955.64,UPI,Shipped,Website,Kavya Deshmukh,Delhivery,2,,4353.27,955.83,0.1800,155.00,6419.74
IN241201191,01-Dec-2024,CUST28428,Meera Deshmukh,49,Vadodara,Gujarat,West,Fashion,Women Kurti,FAS-WOM697,3,1899,5697,APPONLY,455.76,0.18,5241.24,943.42,Debit Card,Delivered,Marketplace,Nikhil Bansal,Shadowfax,8,5,3542.35,1698.89,0.3241,168.00,6352.66
IN241200620,02-Dec-2024,CUST46870,Mansi Patel,50,Lucknow,Uttar Pradesh,North,Fashion,Handbag,FAS-HAN353,1,4999,4999,No Coupon,0.00,0.18,4999.00,899.82,UPI,Delivered,Marketplace,Isha Gupta,India Post,2,5,3343.41,1655.59,0.3312,90.00,5988.82
IN241201219,02-Dec-2024,CUST57883,Payal Deshmukh,21,Kolkata,West Bengal,East,Beauty & Personal Care,Hair Oil,BEA-HAI521,1,338,338,FESTIVE10,33.80,0.12,304.20,36.50,UPI,Delivered,Mobile App,Rohan Mehta,Blue Dart,2,5,237.74,66.46,0.2185,95.00,435.70
IN241201236,02-Dec-2024,CUST44756,Deepak Gupta,29,Ludhiana,Punjab,North,Electronics,Keyboard,ELE-KEY185,2,629,1258,No Coupon,0.00,0.18,1258.00,226.44,Debit Card,Delivered,Website,Pooja Reddy,Ecom Express,2,4,940.26,317.74,0.2526,87.00,1571.44
IN241200490,03-Dec-2024,CUST53764,Ira Kulkarni,45,Jaipur,Rajasthan,North,Home & Kitchen,Bedsheet Set,HOM-BED522,1,2299,2299,No Coupon,0.00,0.18,2299.00,413.82,Credit Card,Delivered,Social Commerce,Sagar Pawar,India Post,5,5,1467.64,831.36,0.3616,69.00,2781.82
IN241200636,03-Dec-2024,CUST88053,Pooja Shinde,56,Guwahati,Assam,North East,Mobiles & Accessories,Phone Cover,MOB-PHO670,1,567,567,APPONLY,45.36,0.18,521.64,93.90,Credit Card,Shipped,Mobile App,Neha Patel,Xpressbees,2,,454.46,67.18,0.1288,137.00,752.54
IN241200678,03-Dec-2024,CUST97237,Aarav Shinde,50,Chandigarh,Chandigarh,North,Mobiles & Accessories,Smart Watch,MOB-SMA528,1,5899,5899,No Coupon,0.00,0.12,5899.00,707.88,UPI,Delivered,Marketplace,Neha Patel,Shadowfax,2,4,4660.98,1238.02,0.2099,131.00,6737.88
IN241200958,03-Dec-2024,CUST63098,Deepak Ansari,56,Guwahati,Assam,North East,Fashion,Jeans,FAS-JEA302,3,950,2850,FREESHIP,0.00,0.12,2850.00,342.00,UPI,Delivered,Mobile App,Sagar Pawar,Ecom Express,2,4,2080.35,769.65,0.2701,83.00,3275.00
IN241201475,03-Dec-2024,CUST44613,Vikram Ansari,23,Surat,Gujarat,West,Home & Kitchen,Air Fryer,HOM-AIR587,1,3699,3699,No Coupon,0.00,0.18,3699.00,665.82,Wallet,Delivered,Mobile App,Priya Nair,Blue Dart,1,5,2698.26,1000.74,0.2705,120.00,4484.82
IN241201794,03-Dec-2024,CUST96416,Shruti Yadav,33,Guwahati,Assam,North East,Mobiles & Accessories,Tempered Glass,MOB-TEM635,1,275,275,No Coupon,0.00,0.12,275.00,33.00,UPI,Delivered,Website,Sagar Pawar,Blue Dart,3,1,205.43,69.57,0.2530,94.00,402.00
IN241200383,04-Dec-2024,CUST29880,Kiara Mehta,45,Jaipur,Rajasthan,North,Fashion,Women Kurti,FAS-WOM992,1,1699,1699,No Coupon,0.00,0.18,1699.00,305.82,UPI,Delivered,Mobile App,Isha Gupta,Blue Dart,6,5,1276.21,422.79,0.2488,133.00,2137.82
IN241201548,04-Dec-2024,CUST41270,Myra Chauhan,24,Jaipur,Rajasthan,North,Fashion,Sneakers,FAS-SNE220,5,4799,23995,PAYDAY15,3599.25,0.18,20395.75,3671.24,Wallet,Delivered,Marketplace,Anjali Joshi,DTDC,2,4,16198.52,4197.23,0.2058,74.00,24140.99
IN241202434,04-Dec-2024,CUST69196,Neha Ansari,51,Bengaluru,Karnataka,South,Mobiles & Accessories,Bluetooth Earbuds,MOB-BLU228,1,1599,1599,No Coupon,0.00,0.12,1599.00,191.88,Debit Card,Cancelled,Website,Sneha Kulkarni,Xpressbees,3,,1213.92,385.08,0.2408,0.00,1790.88
IN241200563,05-Dec-2024,CUST69673,Aarav Pawar,38,Bengaluru,Karnataka,South,Fashion,Men T-Shirt,FAS-MEN549,2,1199,2398,FREESHIP,0.00,0.12,2398.00,287.76,Debit Card,Shipped,Website,Sagar Pawar,India Post,2,,1767.59,630.41,0.2629,136.00,2821.76
IN241202067,05-Dec-2024,CUST47494,Sneha Rathod,43,Ranchi,Jharkhand,East,Books & Stationery,Kids Story Book,BOO-KID316,3,347,1041,APPONLY,83.28,0.18,957.72,172.39,COD,Delivered,Mobile App,Vikram Singh,Delhivery,4,3,739.92,217.80,0.2274,124.00,1254.11
IN241201700,06-Dec-2024,CUST39014,Deepak Kapoor,49,Chandigarh,Chandigarh,North,Home & Kitchen,Mixer Grinder,HOM-MIX722,1,6799,6799,FREESHIP,0.00,0.18,6799.00,1223.82,Credit Card,Delivered,Mobile App,Manish Iyer,DTDC,4,3,4291.48,2507.52,0.3688,83.00,8105.82
IN241201774,06-Dec-2024,CUST79316,Karan Shaikh,33,Gurugram,Haryana,North,Books & Stationery,Office Diary,BOO-OFF573,1,505,505,FREESHIP,0.00,0.12,505.00,60.60,UPI,Delivered,Mobile App,Anjali Joshi,Shadowfax,4,5,381.61,123.39,0.2443,148.00,713.60
IN241202135,06-Dec-2024,CUST98229,Aadhya Qureshi,50,Noida,Uttar Pradesh,North,Home & Kitchen,Cookware Set,HOM-COO817,4,6599,26396,No Coupon,0.00,0.18,26396.00,4751.28,Debit Card,Delivered,Website,Priya Nair,Shadowfax,3,5,20080.34,6315.66,0.2393,175.00,31322.28
IN241200016,07-Dec-2024,CUST38847,Reyansh Patel,29,Kochi,Kerala,South,Electronics,Bluetooth Speaker,ELE-BLU873,3,4799,14397,WELCOME100,100.00,0.12,14297.00,1715.64,Wallet,Delivered,Marketplace,Vikram Singh,India Post,3,4,11593.17,2703.83,0.1891,111.00,16123.64
IN241200977,07-Dec-2024,CUST47504,Bhavna Qureshi,54,Bhubaneswar,Odisha,East,Beauty & Personal Care,Skin Cream,BEA-SKI935,1,975,975,No Coupon,0.00,0.12,975.00,117.00,Credit Card,Delivered,Website,Amit Sharma,Ecom Express,3,4,615.15,359.85,0.3691,151.00,1243.00
IN241202088,07-Dec-2024,CUST35534,Janhavi Jadhav,32,Noida,Uttar Pradesh,North,Books & Stationery,Notebook Pack,BOO-NOT274,3,327,981,NEWYEAR10,98.10,0.18,882.90,158.92,UPI,Delivered,Website,Rahul Verma,Shadowfax,3,4,746.94,135.96,0.1540,125.00,1166.82
IN241200192,08-Dec-2024,CUST48841,Priya Deshmukh,38,Chandigarh,Chandigarh,North,Fashion,Handbag,FAS-HAN542,2,2899,5798,NEWYEAR10,579.80,0.12,5218.20,626.18,UPI,Delivered,Marketplace,Manish Iyer,Blue Dart,1,3,4509.30,708.90,0.1359,136.00,5980.38
IN241200626,08-Dec-2024,CUST56743,Pranav Kapoor,33,Vadodara,Gujarat,West,Fashion,Saree,FAS-SAR782,1,1099,1099,MEGADEAL,197.82,0.18,901.18,162.21,UPI,Cancelled,Website,Pooja Reddy,India Post,5,,854.61,46.57,0.0517,0.00,1063.39
IN241201789,08-Dec-2024,CUST58000,Siddharth Ghosh,39,Kolkata,West Bengal,East,Fashion,Men T-Shirt,FAS-MEN663,1,616,616,FREESHIP,0.00,0.12,616.00,73.92,Credit Card,Delivered,Mobile App,Neha Patel,Shadowfax,2,5,402.26,213.74,0.3470,154.00,843.92
IN241201892,08-Dec-2024,CUST15592,Yash Iyer,36,Gurugram,Haryana,North,Sports & Fitness,Fitness Band,SPO-FIT329,1,3399,3399,No Coupon,0.00,0.18,3399.00,611.82,UPI,Cancelled,Mobile App,Swati Mishra,Xpressbees,2,,2523.79,875.21,0.2575,0.00,4010.82
IN241200288,09-Dec-2024,CUST25548,Kabir Gaikwad,34,Chandigarh,Chandigarh,North,Mobiles & Accessories,Power Bank,MOB-POW203,1,2899,2899,No Coupon,0.00,0.12,2899.00,347.88,Wallet,Returned,Website,Rahul Verma,DTDC,6,5,2392.65,506.35,0.1747,102.00,3348.88
IN241200941,09-Dec-2024,CUST97095,Manish Mehta,24,Mumbai,Maharashtra,West,Fashion,Jeans,FAS-JEA561,1,3199,3199,APPONLY,255.92,0.12,2943.08,353.17,Debit Card,Delivered,Website,Sagar Pawar,Delhivery,3,5,1934.26,1008.82,0.3428,91.00,3387.25
IN241201938,09-Dec-2024,CUST41705,Rohan Patel,25,Nagpur,Maharashtra,West,Grocery & Gourmet,Dry Fruits Pack,GRO-DRY830,2,725,1450,WELCOME100,100.00,0.18,1350.00,243.00,UPI,Delivered,Mobile App,Swati Mishra,Shadowfax,3,4,955.29,394.71,0.2924,157.00,1750.00
IN241200824,10-Dec-2024,CUST71171,Deepak Bansal,19,Bhopal,Madhya Pradesh,Central,Grocery & Gourmet,Spices Combo,GRO-SPI372,2,320,640,No Coupon,0.00,0.05,640.00,32.00,UPI,Delivered,Marketplace,Rohan Mehta,Delhivery,5,5,475.81,164.19,0.2565,176.00,848.00
IN241200202,11-Dec-2024,CUST92544,Isha Iyer,26,Thiruvananthapuram,Kerala,South,Books & Stationery,Kids Story Book,BOO-KID856,3,373,1119,No Coupon,0.00,0.18,1119.00,201.42,COD,Delivered,Website,Pooja Reddy,Delhivery,1,5,848.85,270.15,0.2414,83.00,1403.42
IN241200261,11-Dec-2024,CUST26802,Bhavna Shinde,29,Ludhiana,Punjab,North,Electronics,Tablet,ELE-TAB301,2,12099,24198,No Coupon,0.00,0.12,24198.00,2903.76,UPI,Delivered,Mobile App,Swati Mishra,DTDC,3,4,20080.73,4117.27,0.1701,74.00,27175.76
IN241201428,11-Dec-2024,CUST66616,Saanvi Joshi,26,Kolkata,West Bengal,East,Electronics,LED TV,ELE-LED616,1,56199,56199,PAYDAY15,8429.85,0.12,47769.15,5732.30,UPI,Delivered,Mobile App,Karan Malhotra,Blue Dart,4,5,47661.92,107.23,0.0022,162.00,53663.45
IN241201496,11-Dec-2024,CUST93606,Isha Joshi,53,Pune,Maharashtra,West,Home & Kitchen,Water Purifier,HOM-WAT856,2,14399,28798,APPONLY,2303.84,0.12,26494.16,3179.30,UPI,Delivered,Mobile App,Swati Mishra,DTDC,2,3,19672.88,6821.28,0.2575,167.00,29840.46
IN241201783,11-Dec-2024,CUST74884,Aarti Nair,58,Hyderabad,Telangana,South,Fashion,Saree,FAS-SAR405,1,1999,1999,No Coupon,0.00,0.12,1999.00,239.88,UPI,Returned,Mobile App,Swati Mishra,DTDC,2,5,1392.42,606.58,0.3034,68.00,2306.88
IN241201962,11-Dec-2024,CUST83859,Neha Kulkarni,53,Vijayawada,Andhra Pradesh,South,Fashion,Jeans,FAS-JEA572,2,2799,5598,No Coupon,0.00,0.12,5598.00,671.76,UPI,Returned,Website,Rahul Verma,India Post,6,3,4362.52,1235.48,0.2207,156.00,6425.76
IN241202462,11-Dec-2024,CUST38511,Myra More,51,Chennai,Tamil Nadu,South,Home & Kitchen,Bedsheet Set,HOM-BED567,3,2399,7197,FESTIVE10,719.70,0.12,6477.30,777.28,Credit Card,Delivered,Website,Deepak Yadav,Xpressbees,4,5,5358.17,1119.13,0.1728,155.00,7409.58
IN241200900,12-Dec-2024,CUST42045,Rajesh Patel,56,Pune,Maharashtra,West,Beauty & Personal Care,Perfume,BEA-PER822,1,1199,1199,No Coupon,0.00,0.12,1199.00,143.88,Wallet,Delivered,Website,Kavya Deshmukh,India Post,3,1,801.20,397.80,0.3318,99.00,1441.88
IN241201425,12-Dec-2024,CUST14276,Amit Deshmukh,28,Lucknow,Uttar Pradesh,North,Fashion,Men T-Shirt,FAS-MEN648,1,784,784,No Coupon,0.00,0.12,784.00,94.08,UPI,Delivered,Mobile App,Manish Iyer,Shadowfax,1,4,603.88,180.12,0.2297,116.00,994.08
IN241202098,12-Dec-2024,CUST67500,Diya Patel,55,Bhopal,Madhya Pradesh,Central,Grocery & Gourmet,Basmati Rice 5kg,GRO-BAS363,1,743,743,No Coupon,0.00,0.12,743.00,89.16,UPI,Delivered,Website,Deepak Yadav,DTDC,2,3,436.54,306.46,0.4125,124.00,956.16
IN241200955,13-Dec-2024,CUST49213,Meera Kadam,55,Chennai,Tamil Nadu,South,Fashion,Men T-Shirt,FAS-MEN996,1,1999,1999,FESTIVE10,199.90,0.12,1799.10,215.89,COD,Delivered,Website,Isha Gupta,Xpressbees,2,5,1173.46,625.64,0.3478,109.00,2123.99
IN241201965,13-Dec-2024,CUST85969,Karan Agarwal,46,Nashik,Maharashtra,West,Mobiles & Accessories,Smartphone,MOB-SMA691,2,25599,51198,No Coupon,0.00,0.12,51198.00,6143.76,Net Banking,Returned,Website,Manish Iyer,Xpressbees,3,5,43281.33,7916.67,0.1546,141.00,57482.76
IN241202162,13-Dec-2024,CUST10988,Atharv Bansal,47,Chandigarh,Chandigarh,North,Grocery & Gourmet,Tea Pack,GRO-TEA161,1,220,220,FREESHIP,0.00,0.18,220.00,39.60,UPI,Shipped,Mobile App,Pooja Reddy,India Post,2,,170.83,49.17,0.2235,156.00,415.60
IN241200122,14-Dec-2024,CUST78258,Rahul Reddy,37,Bhopal,Madhya Pradesh,Central,Home & Kitchen,Air Fryer,HOM-AIR667,3,3699,11097,FREESHIP,0.00,0.18,11097.00,1997.46,UPI,Delivered,Mobile App,Priya Nair,Shadowfax,6,5,6817.63,4279.37,0.3856,85.00,13179.46
IN241200152,14-Dec-2024,CUST56857,Rajesh Deshmukh,56,Patna,Bihar,East,Mobiles & Accessories,Phone Cover,MOB-PHO195,1,675,675,PAYDAY15,101.25,0.18,573.75,103.28,UPI,Delivered,Website,Isha Gupta,DTDC,4,2,541.07,32.68,0.0570,84.00,761.03
IN241200339,14-Dec-2024,CUST89060,Deepak Ghosh,28,Mysuru,Karnataka,South,Electronics,Tablet,ELE-TAB966,1,42999,42999,No Coupon,0.00,0.18,42999.00,7739.82,UPI,Returned,Marketplace,Neha Patel,Delhivery,3,4,31219.37,11779.63,0.2740,136.00,50874.82
IN241200913,14-Dec-2024,CUST80418,Vikram Patel,35,Patna,Bihar,East,Sports & Fitness,Dumbbell Set,SPO-DUM621,1,4299,4299,FREESHIP,0.00,0.18,4299.00,773.82,Wallet,Delivered,Website,Karan Malhotra,Shadowfax,2,5,2769.39,1529.61,0.3558,162.00,5234.82
IN241201237,14-Dec-2024,CUST65140,Sagar Khan,34,Patna,Bihar,East,Books & Stationery,Office Diary,BOO-OFF812,1,164,164,No Coupon,0.00,0.12,164.00,19.68,COD,Returned,Mobile App,Nikhil Bansal,Shadowfax,2,4,127.25,36.75,0.2241,90.00,273.68
IN241201809,14-Dec-2024,CUST97270,Anaya Singh,23,Kolkata,West Bengal,East,Books & Stationery,Exam Prep Book,BOO-EXA395,1,439,439,WELCOME100,87.80,0.18,351.20,63.22,UPI,Delivered,Website,Priya Nair,Delhivery,4,4,314.26,36.94,0.1052,169.00,583.42
IN241201822,14-Dec-2024,CUST22983,Vihaan Chatterjee,27,Mumbai,Maharashtra,West,Home & Kitchen,Bedsheet Set,HOM-BED894,2,1799,3598,No Coupon,0.00,0.12,3598.00,431.76,UPI,Delivered,Social Commerce,Deepak Yadav,Ecom Express,2,5,2774.68,823.32,0.2288,82.00,4111.76
IN241202110,14-Dec-2024,CUST91899,Vikram Tiwari,21,Hyderabad,Telangana,South,Mobiles & Accessories,Smart Watch,MOB-SMA840,2,12199,24398,PAYDAY15,3659.70,0.12,20738.30,2488.60,Net Banking,Shipped,Mobile App,Neha Patel,DTDC,1,,20731.42,6.88,0.0003,128.00,23354.90
IN241200699,15-Dec-2024,CUST16261,Kavya Kadam,42,Bhubaneswar,Odisha,East,Mobiles & Accessories,Phone Cover,MOB-PHO997,1,670,670,No Coupon,0.00,0.18,670.00,120.60,Credit Card,Delivered,Social Commerce,Nikhil Bansal,DTDC,6,4,501.96,168.04,0.2508,157.00,947.60
IN241200998,15-Dec-2024,CUST10486,Vikram Jadhav,23,Noida,Uttar Pradesh,North,Grocery & Gourmet,Dry Fruits Pack,GRO-DRY403,1,1599,1599,No Coupon,0.00,0.12,1599.00,191.88,Debit Card,Delivered,Mobile App,Karan Malhotra,Blue Dart,2,4,994.68,604.32,0.3779,100.00,1890.88
IN241201402,15-Dec-2024,CUST92546,Anika Nair,18,Bhopal,Madhya Pradesh,Central,Fashion,Sneakers,FAS-SNE958,1,5499,5499,FESTIVE10,549.90,0.18,4949.10,890.84,COD,Shipped,Website,Priya Nair,Xpressbees,4,,3471.49,1477.61,0.2986,132.00,5971.94
IN241201566,15-Dec-2024,CUST36261,Saanvi Chatterjee,57,Chennai,Tamil Nadu,South,Fashion,Handbag,FAS-HAN917,1,3899,3899,No Coupon,0.00,0.18,3899.00,701.82,Credit Card,Delivered,Mobile App,Vikram Singh,Shadowfax,3,4,2695.53,1203.47,0.3087,74.00,4674.82
IN241200199,18-Dec-2024,CUST50014,Rahul Bhatia,38,Mumbai,Maharashtra,West,Mobiles & Accessories,Phone Cover,MOB-PHO500,4,661,2644,MEGADEAL,475.92,0.18,2168.08,390.25,UPI,Delivered,Mobile App,Sneha Kulkarni,Ecom Express,5,5,2128.22,39.86,0.0184,82.00,2640.33
IN241200896,18-Dec-2024,CUST99663,Reyansh Bansal,45,Jaipur,Rajasthan,North,Mobiles & Accessories,Tempered Glass,MOB-TEM413,1,295,295,PAYDAY15,44.25,0.12,250.75,30.09,UPI,Delivered,Marketplace,Swati Mishra,India Post,4,5,216.36,34.39,0.1371,174.00,454.84
IN241201540,18-Dec-2024,CUST88682,Meera Chatterjee,32,Kochi,Kerala,South,Beauty & Personal Care,Trimmer,BEA-TRI329,1,1699,1699,No Coupon,0.00,0.12,1699.00,203.88,Credit Card,Delivered,Website,Kavya Deshmukh,Delhivery,3,2,1116.22,582.78,0.3430,178.00,2080.88
IN241201710,18-Dec-2024,CUST91375,Janhavi Tiwari,44,Vadodara,Gujarat,West,Home & Kitchen,Cookware Set,HOM-COO104,5,3899,19495,No Coupon,0.00,0.18,19495.00,3509.10,UPI,Delivered,Website,Karan Malhotra,Xpressbees,3,4,13199.80,6295.20,0.3229,124.00,23128.10
IN241200030,19-Dec-2024,CUST64718,Aarav Dhawale,33,Gurugram,Haryana,North,Mobiles & Accessories,Power Bank,MOB-POW991,1,3299,3299,APPONLY,263.92,0.18,3035.08,546.31,Debit Card,Delivered,Website,Manish Iyer,Ecom Express,2,5,2551.44,483.64,0.1594,112.00,3693.39
IN241200462,19-Dec-2024,CUST78589,Yash Shaikh,54,Ahmedabad,Gujarat,West,Mobiles & Accessories,Power Bank,MOB-POW915,1,1199,1199,FESTIVE10,119.90,0.18,1079.10,194.24,Credit Card,Delivered,Mobile App,Deepak Yadav,DTDC,8,4,937.84,141.26,0.1309,153.00,1426.34
IN241201991,19-Dec-2024,CUST15555,Janhavi Ansari,26,Lucknow,Uttar Pradesh,North,Fashion,Saree,FAS-SAR848,1,834,834,No Coupon,0.00,0.18,834.00,150.12,COD,Delivered,Mobile App,Priya Nair,Shadowfax,3,4,626.86,207.14,0.2484,139.00,1123.12
IN241202131,20-Dec-2024,CUST51509,Tanvi Pawar,34,Vadodara,Gujarat,West,Fashion,Handbag,FAS-HAN957,2,4099,8198,No Coupon,0.00,0.12,8198.00,983.76,UPI,Delivered,Marketplace,Kavya Deshmukh,Ecom Express,3,3,6369.80,1828.20,0.2230,123.00,9304.76
IN241200988,21-Dec-2024,CUST76354,Swati Bansal,40,Kolkata,West Bengal,East,Fashion,Men T-Shirt,FAS-MEN945,2,1699,3398,No Coupon,0.00,0.18,3398.00,611.64,UPI,Delivered,Mobile App,Nikhil Bansal,India Post,2,4,2462.71,935.29,0.2752,169.00,4178.64
IN241201024,21-Dec-2024,CUST19863,Vivaan Singh,19,Nashik,Maharashtra,West,Grocery & Gourmet,Spices Combo,GRO-SPI677,2,463,926,FREESHIP,0.00,0.05,926.00,46.30,Wallet,Cancelled,Mobile App,Rohan Mehta,Xpressbees,3,,604.84,321.16,0.3468,0.00,972.30
IN241201646,21-Dec-2024,CUST88456,Krishna Yadav,57,Patna,Bihar,East,Books & Stationery,Office Diary,BOO-OFF742,1,334,334,APPONLY,26.72,0.05,307.28,15.36,UPI,Delivered,Mobile App,Priya Nair,Shadowfax,2,4,208.65,98.63,0.3210,101.00,423.64
IN241202080,21-Dec-2024,CUST26728,Kabir Iyer,48,Chennai,Tamil Nadu,South,Sports & Fitness,Dumbbell Set,SPO-DUM132,3,1199,3597,No Coupon,0.00,0.12,3597.00,431.64,Debit Card,Delivered,Website,Nikhil Bansal,India Post,3,3,2157.00,1440.00,0.4003,71.00,4099.64
IN241200189,22-Dec-2024,CUST70381,Nikhil Chatterjee,35,Patna,Bihar,East,Electronics,LED TV,ELE-LED262,2,64799,129598,No Coupon,0.00,0.18,129598.00,23327.64,Wallet,Delivered,Social Commerce,Vikram Singh,Ecom Express,3,4,107379.28,22218.72,0.1714,148.00,153073.64
IN241200898,22-Dec-2024,CUST46304,Ishaan Malhotra,45,Ahmedabad,Gujarat,West,Electronics,Bluetooth Speaker,ELE-BLU450,2,2599,5198,PAYDAY15,779.70,0.18,4418.30,795.29,UPI,Cancelled,Marketplace,Nikhil Bansal,Blue Dart,4,,4120.06,298.24,0.0675,0.00,5213.59
IN241201001,22-Dec-2024,CUST16526,Nikhil Sharma,36,Kolkata,West Bengal,East,Books & Stationery,Exam Prep Book,BOO-EXA956,1,346,346,DIWALI20,69.20,0.18,276.80,49.82,UPI,Delivered,Marketplace,Vikram Singh,Xpressbees,5,2,244.23,32.57,0.1177,60.00,386.62
IN241201056,22-Dec-2024,CUST91932,Akshay Pawar,48,Ranchi,Jharkhand,East,Fashion,Saree,FAS-SAR399,3,2599,7797,No Coupon,0.00,0.18,7797.00,1403.46,Debit Card,Delivered,Website,Rahul Verma,Shadowfax,2,2,5989.05,1807.95,0.2319,118.00,9318.46
IN241201359,22-Dec-2024,CUST50060,Yash Tiwari,50,Chandigarh,Chandigarh,North,Home & Kitchen,Water Purifier,HOM-WAT788,1,7599,7599,WELCOME100,100.00,0.12,7499.00,899.88,Wallet,Delivered,Marketplace,Amit Sharma,DTDC,6,2,4779.22,2719.78,0.3627,85.00,8483.88
IN241201365,22-Dec-2024,CUST50580,Yash Jadhav,29,Vijayawada,Andhra Pradesh,South,Home & Kitchen,Pressure Cooker,HOM-PRE174,1,2399,2399,No Coupon,0.00,0.12,2399.00,287.88,COD,Delivered,Mobile App,Manish Iyer,Shadowfax,2,3,1600.48,798.52,0.3329,89.00,2775.88
IN241200660,23-Dec-2024,CUST75022,Nikhil Qureshi,30,Jaipur,Rajasthan,North,Mobiles & Accessories,Phone Cover,MOB-PHO738,2,558,1116,No Coupon,0.00,0.18,1116.00,200.88,UPI,Delivered,Marketplace,Rahul Verma,Shadowfax,1,4,855.02,260.98,0.2339,118.00,1434.88
IN241201314,23-Dec-2024,CUST29229,Vikram Pillai,40,Mysuru,Karnataka,South,Home & Kitchen,Pressure Cooker,HOM-PRE982,4,3899,15596,No Coupon,0.00,0.12,15596.00,1871.52,COD,Returned,Marketplace,Isha Gupta,Delhivery,5,4,9214.31,6381.69,0.4092,92.00,17559.52
IN241201387,23-Dec-2024,CUST14032,Neha Tiwari,46,Gurugram,Haryana,North,Beauty & Personal Care,Hair Oil,BEA-HAI572,1,457,457,No Coupon,0.00,0.12,457.00,54.84,Credit Card,Delivered,Mobile App,Rohan Mehta,Shadowfax,2,4,307.44,149.56,0.3273,179.00,690.84
IN241201014,24-Dec-2024,CUST43130,Suresh Verma,39,Nagpur,Maharashtra,West,Sports & Fitness,Fitness Band,SPO-FIT131,3,5999,17997,WELCOME100,100.00,0.18,17897.00,3221.46,Net Banking,Delivered,Social Commerce,Rahul Verma,Ecom Express,2,5,11577.22,6319.78,0.3531,84.00,21202.46
IN241200351,25-Dec-2024,CUST11058,Harsh Dhawale,39,Nashik,Maharashtra,West,Fashion,Women Kurti,FAS-WOM606,2,717,1434,No Coupon,0.00,0.18,1434.00,258.12,COD,Cancelled,Mobile App,Manish Iyer,Delhivery,4,,961.94,472.06,0.3292,0.00,1692.12
IN241200363,25-Dec-2024,CUST66969,Sneha Shaikh,55,Nashik,Maharashtra,West,Electronics,Wireless Mouse,ELE-WIR262,1,1299,1299,FESTIVE10,129.90,0.12,1169.10,140.29,UPI,Delivered,Mobile App,Vikram Singh,DTDC,2,3,1092.46,76.64,0.0656,81.00,1390.39
IN241200453,25-Dec-2024,CUST90556,Tanvi Nair,54,Kolkata,West Bengal,East,Fashion,Men T-Shirt,FAS-MEN340,2,538,1076,No Coupon,0.00,0.18,1076.00,193.68,UPI,Delivered,Website,Manish Iyer,Ecom Express,2,4,811.84,264.16,0.2455,97.00,1366.68
IN241200950,25-Dec-2024,CUST99393,Isha Das,28,Indore,Madhya Pradesh,Central,Books & Stationery,Office Diary,BOO-OFF942,2,759,1518,DIWALI20,303.60,0.18,1214.40,218.59,UPI,Delivered,Mobile App,Sagar Pawar,Blue Dart,4,1,1076.52,137.88,0.1135,120.00,1552.99
IN241201118,25-Dec-2024,CUST35744,Rudra More,46,Noida,Uttar Pradesh,North,Mobiles & Accessories,Phone Cover,MOB-PHO727,2,317,634,FESTIVE10,63.40,0.12,570.60,68.47,Net Banking,Shipped,Marketplace,Swati Mishra,DTDC,4,,513.57,57.03,0.0999,61.00,700.07
IN241201348,25-Dec-2024,CUST58056,Mansi Das,51,Surat,Gujarat,West,Fashion,Jeans,FAS-JEA903,1,1699,1699,No Coupon,0.00,0.18,1699.00,305.82,UPI,Delivered,Mobile App,Manish Iyer,Shadowfax,4,5,1183.81,515.19,0.3032,134.00,2138.82
IN241201664,25-Dec-2024,CUST82570,Kabir Kapoor,45,Noida,Uttar Pradesh,North,Grocery & Gourmet,Dry Fruits Pack,GRO-DRY528,3,1499,4497,FESTIVE10,449.70,0.05,4047.30,202.37,Debit Card,Returned,Website,Karan Malhotra,Delhivery,2,3,2944.72,1102.58,0.2724,88.00,4337.67
IN241202041,25-Dec-2024,CUST69861,Kabir Pillai,44,Nagpur,Maharashtra,West,Mobiles & Accessories,Tempered Glass,MOB-TEM649,1,164,164,DIWALI20,32.80,0.12,131.20,15.74,UPI,Delivered,Social Commerce,Amit Sharma,Xpressbees,3,4,126.75,4.45,0.0339,87.00,233.94
IN241200919,26-Dec-2024,CUST40011,Mansi Das,19,Pune,Maharashtra,West,Books & Stationery,Notebook Pack,BOO-NOT164,3,220,660,DIWALI20,132.00,0.05,528.00,26.40,Wallet,Delivered,Mobile App,Neha Patel,Delhivery,4,5,432.82,95.18,0.1803,145.00,699.40
IN241201423,26-Dec-2024,CUST39937,Deepak Ansari,52,Indore,Madhya Pradesh,Central,Fashion,Jeans,FAS-JEA615,2,3399,6798,No Coupon,0.00,0.18,6798.00,1223.64,UPI,Delivered,Mobile App,Deepak Yadav,India Post,6,3,5008.27,1789.73,0.2633,144.00,8165.64
IN241201818,26-Dec-2024,CUST64868,Manish Reddy,31,Coimbatore,Tamil Nadu,South,Grocery & Gourmet,Coffee Pack,GRO-COF521,5,729,3645,No Coupon,0.00,0.18,3645.00,656.10,Net Banking,Delivered,Website,Anjali Joshi,India Post,3,5,2827.68,817.32,0.2242,74.00,4375.10
IN241200584,27-Dec-2024,CUST37133,Shruti Agarwal,43,Surat,Gujarat,West,Home & Kitchen,Pressure Cooker,HOM-PRE319,1,930,930,No Coupon,0.00,0.12,930.00,111.60,UPI,Shipped,Website,Vikram Singh,Delhivery,3,,590.88,339.12,0.3646,157.00,1198.60
IN241201247,27-Dec-2024,CUST77052,Kabir Shinde,36,Mumbai,Maharashtra,West,Electronics,Keyboard,ELE-KEY163,1,3399,3399,No Coupon,0.00,0.18,3399.00,611.82,Credit Card,Delivered,Mobile App,Nikhil Bansal,DTDC,5,5,2865.66,533.34,0.1569,176.00,4186.82
IN241201798,27-Dec-2024,CUST41694,Meera Singh,44,Bengaluru,Karnataka,South,Mobiles & Accessories,Smart Watch,MOB-SMA407,1,3099,3099,No Coupon,0.00,0.18,3099.00,557.82,COD,Delivered,Mobile App,Vikram Singh,Delhivery,2,4,2525.23,573.77,0.1851,180.00,3836.82
IN241200838,28-Dec-2024,CUST32530,Krishna Pawar,57,Delhi,Delhi,North,Home & Kitchen,Bedsheet Set,HOM-BED301,2,989,1978,FESTIVE10,197.80,0.12,1780.20,213.62,UPI,Delivered,Social Commerce,Deepak Yadav,DTDC,3,4,1261.66,518.54,0.2913,62.00,2055.82
IN241201572,28-Dec-2024,CUST67262,Ayaan Sharma,38,Mumbai,Maharashtra,West,Fashion,Sneakers,FAS-SNE603,1,1399,1399,WELCOME100,100.00,0.18,1299.00,233.82,UPI,Shipped,Mobile App,Rohan Mehta,India Post,3,,838.81,460.19,0.3543,134.00,1666.82
IN241201796,28-Dec-2024,CUST89698,Anika Chatterjee,30,Bengaluru,Karnataka,South,Fashion,Sneakers,FAS-SNE968,1,1699,1699,FESTIVE10,169.90,0.12,1529.10,183.49,Debit Card,Delivered,Website,Anjali Joshi,India Post,3,5,1305.54,223.56,0.1462,79.00,1791.59
IN241202014,28-Dec-2024,CUST40308,Isha Bansal,56,Guwahati,Assam,North East,Home & Kitchen,Cookware Set,HOM-COO501,2,7499,14998,WELCOME100,100.00,0.12,14898.00,1787.76,Debit Card,Delivered,Mobile App,Sagar Pawar,Blue Dart,2,5,10086.07,4811.93,0.3230,114.00,16799.76
IN241200176,29-Dec-2024,CUST15538,Sneha Kulkarni,26,Chandigarh,Chandigarh,North,Grocery & Gourmet,Coffee Pack,GRO-COF789,1,794,794,No Coupon,0.00,0.18,794.00,142.92,UPI,Delivered,Marketplace,Manish Iyer,Xpressbees,6,5,590.47,203.53,0.2563,167.00,1103.92
IN241200803,29-Dec-2024,CUST76615,Bhavna Patel,40,Vijayawada,Andhra Pradesh,South,Sports & Fitness,Running Shoes,SPO-RUN531,1,3199,3199,PAYDAY15,479.85,0.18,2719.15,489.45,UPI,Shipped,Mobile App,Swati Mishra,Ecom Express,4,,2465.38,253.77,0.0933,139.00,3347.60
IN241200868,29-Dec-2024,CUST15081,Rahul Bhatia,49,Surat,Gujarat,West,Fashion,Sneakers,FAS-SNE686,1,4999,4999,No Coupon,0.00,0.18,4999.00,899.82,COD,Delivered,Mobile App,Manish Iyer,DTDC,1,4,3343.68,1655.32,0.3311,161.00,6059.82
IN241200005,30-Dec-2024,CUST69379,Vikram Qureshi,26,Chennai,Tamil Nadu,South,Home & Kitchen,Air Fryer,HOM-AIR337,5,5099,25495,No Coupon,0.00,0.18,25495.00,4589.10,Credit Card,Cancelled,Marketplace,Tanvi Jadhav,Blue Dart,7,,17370.34,8124.66,0.3187,0.00,30084.10
IN241200629,30-Dec-2024,CUST74711,Diya Iyer,21,Jaipur,Rajasthan,North,Grocery & Gourmet,Coffee Pack,GRO-COF493,3,863,2589,No Coupon,0.00,0.12,2589.00,310.68,COD,Delivered,Website,Swati Mishra,Ecom Express,3,3,1540.08,1048.92,0.4051,141.00,3040.68
IN241201404,30-Dec-2024,CUST74023,Omkar Joshi,44,Mysuru,Karnataka,South,Grocery & Gourmet,Spices Combo,GRO-SPI203,1,471,471,FESTIVE10,47.10,0.18,423.90,76.30,UPI,Returned,Marketplace,Nikhil Bansal,Delhivery,5,5,306.98,116.92,0.2758,176.00,676.20
IN241202091,30-Dec-2024,CUST98887,Ishaan Agarwal,55,Coimbatore,Tamil Nadu,South,Sports & Fitness,Running Shoes,SPO-RUN519,1,4999,4999,FREESHIP,0.00,0.12,4999.00,599.88,COD,Delivered,Website,Priya Nair,Xpressbees,5,5,3254.32,1744.68,0.3490,96.00,5694.88
IN241200285,31-Dec-2024,CUST81309,Rudra Yadav,55,Visakhapatnam,Andhra Pradesh,South,Mobiles & Accessories,Smartphone,MOB-SMA156,1,11099,11099,No Coupon,0.00,0.18,11099.00,1997.82,UPI,Delivered,Mobile App,Rohan Mehta,Blue Dart,4,5,8939.87,2159.13,0.1945,103.00,13199.82
IN241201611,31-Dec-2024,CUST22355,Rajesh Kulkarni,54,Bhopal,Madhya Pradesh,Central,Home & Kitchen,Pressure Cooker,HOM-PRE103,1,1099,1099,FREESHIP,0.00,0.18,1099.00,197.82,UPI,Delivered,Website,Isha Gupta,DTDC,3,5,839.98,259.02,0.2357,128.00,1424.82
IN250100920,01-Jan-2025,CUST97952,Kiara Verma,18,Indore,Madhya Pradesh,Central,Grocery & Gourmet,Dry Fruits Pack,GRO-DRY677,4,1599,6396,No Coupon,0.00,0.18,6396.00,1151.28,COD,Delivered,Mobile App,Nikhil Bansal,DTDC,4,5,3906.84,2489.16,0.3892,172.00,7719.28
IN250101389,01-Jan-2025,CUST53981,Riya Mishra,43,Patna,Bihar,East,Mobiles & Accessories,Bluetooth Earbuds,MOB-BLU577,1,7999,7999,No Coupon,0.00,0.18,7999.00,1439.82,UPI,Delivered,Mobile App,Sagar Pawar,Shadowfax,7,5,5955.94,2043.06,0.2554,69.00,9507.82
IN250101532,01-Jan-2025,CUST48373,Vikram Ghosh,37,Kolkata,West Bengal,East,Grocery & Gourmet,Tea Pack,GRO-TEA854,1,594,594,FESTIVE10,59.40,0.12,534.60,64.15,COD,Delivered,Marketplace,Vikram Singh,DTDC,2,4,453.74,80.86,0.1513,114.00,712.75
IN250101549,01-Jan-2025,CUST43979,Saanvi Shinde,53,Kochi,Kerala,South,Books & Stationery,Pen Set,BOO-PEN342,1,322,322,No Coupon,0.00,0.12,322.00,38.64,UPI,Delivered,Website,Sagar Pawar,DTDC,2,5,215.07,106.93,0.3321,96.00,456.64
IN250100212,02-Jan-2025,CUST52661,Ira Agarwal,30,Vijayawada,Andhra Pradesh,South,Electronics,LED TV,ELE-LED485,3,74499,223497,APPONLY,17879.76,0.18,205617.24,37011.10,UPI,Delivered,Mobile App,Sagar Pawar,Delhivery,4,2,183968.15,21649.09,0.1053,146.00,242774.34
IN250100234,02-Jan-2025,CUST28656,Ishaan Joshi,41,Visakhapatnam,Andhra Pradesh,South,Fashion,Men T-Shirt,FAS-MEN790,2,1299,2598,No Coupon,0.00,0.18,2598.00,467.64,UPI,Delivered,Social Commerce,Karan Malhotra,Ecom Express,6,2,1910.46,687.54,0.2646,125.00,3190.64
IN250100560,02-Jan-2025,CUST56483,Sneha Iyer,31,Indore,Madhya Pradesh,Central,Home & Kitchen,Mixer Grinder,HOM-MIX695,1,3599,3599,PAYDAY15,539.85,0.18,3059.15,550.65,Credit Card,Cancelled,Mobile App,Deepak Yadav,Xpressbees,4,,2463.47,595.68,0.1947,0.00,3609.80
IN250100796,02-Jan-2025,CUST70592,Anika Kadam,40,Vijayawada,Andhra Pradesh,South,Books & Stationery,Office Diary,BOO-OFF256,1,604,604,FREESHIP,0.00,0.05,604.00,30.20,UPI,Shipped,Mobile App,Kavya Deshmukh,Delhivery,1,,391.64,212.36,0.3516,71.00,705.20
IN250101806,02-Jan-2025,CUST42183,Shaurya Pillai,49,Patna,Bihar,East,Fashion,Jeans,FAS-JEA113,2,1899,3798,No Coupon,0.00,0.12,3798.00,455.76,Debit Card,Delivered,Website,Swati Mishra,Xpressbees,7,2,2733.56,1064.44,0.2803,144.00,4397.76
IN250100565,03-Jan-2025,CUST98890,Janhavi Deshmukh,48,Thiruvananthapuram,Kerala,South,Fashion,Handbag,FAS-HAN809,1,4899,4899,FESTIVE10,489.90,0.18,4409.10,793.64,UPI,Delivered,Website,Isha Gupta,Shadowfax,5,5,3814.21,594.89,0.1349,100.00,5302.74
IN250100669,03-Jan-2025,CUST10019,Riya Pillai,24,Thiruvananthapuram,Kerala,South,Home & Kitchen,Cookware Set,HOM-COO327,1,5799,5799,FESTIVE10,579.90,0.18,5219.10,939.44,Credit Card,Delivered,Website,Anjali Joshi,Shadowfax,3,3,4183.37,1035.73,0.1984,169.00,6327.54
IN250100924,03-Jan-2025,CUST82527,Siddharth Nair,28,Visakhapatnam,Andhra Pradesh,South,Fashion,Sneakers,FAS-SNE290,2,2499,4998,No Coupon,0.00,0.12,4998.00,599.76,UPI,Returned,Mobile App,Priya Nair,Shadowfax,3,2,3682.81,1315.19,0.2631,125.00,5722.76
IN250101279,03-Jan-2025,CUST64462,Rahul Yadav,43,Pune,Maharashtra,West,Electronics,LED TV,ELE-LED798,1,32799,32799,PAYDAY15,4919.85,0.18,27879.15,5018.25,COD,Delivered,Website,Tanvi Jadhav,DTDC,3,1,25470.11,2409.04,0.0864,163.00,33060.40
IN250102115,03-Jan-2025,CUST20631,Kabir Pawar,50,Indore,Madhya Pradesh,Central,Mobiles & Accessories,Smartphone,MOB-SMA751,1,33799,33799,No Coupon,0.00,0.18,33799.00,6083.82,COD,Delivered,Mobile App,Swati Mishra,Xpressbees,2,1,25337.74,8461.26,0.2503,117.00,39999.82
IN250100424,04-Jan-2025,CUST60760,Diya Saxena,56,Delhi,Delhi,North,Grocery & Gourmet,Coffee Pack,GRO-COF408,2,723,1446,WELCOME100,100.00,0.12,1346.00,161.52,UPI,Delivered,Mobile App,Priya Nair,Ecom Express,4,3,922.10,423.90,0.3149,173.00,1680.52
IN250100521,04-Jan-2025,CUST60181,Yash Khan,45,Lucknow,Uttar Pradesh,North,Beauty & Personal Care,Perfume,BEA-PER163,1,834,834,NEWYEAR10,83.40,0.12,750.60,90.07,UPI,Delivered,Mobile App,Anjali Joshi,Delhivery,3,4,521.40,229.20,0.3054,146.00,986.67
IN250100856,04-Jan-2025,CUST37747,Shruti Reddy,43,Chennai,Tamil Nadu,South,Beauty & Personal Care,Face Wash,BEA-FAC828,1,596,596,FESTIVE10,59.60,0.12,536.40,64.37,Credit Card,Delivered,Mobile App,Deepak Yadav,Shadowfax,3,2,430.58,105.82,0.1973,162.00,762.77
IN250101432,04-Jan-2025,CUST96928,Aditya Agarwal,24,Nagpur,Maharashtra,West,Sports & Fitness,Dumbbell Set,SPO-DUM272,3,1699,5097,No Coupon,0.00,0.18,5097.00,917.46,Credit Card,Returned,Mobile App,Rohan Mehta,India Post,7,5,3321.03,1775.97,0.3484,119.00,6133.46
IN250101456,04-Jan-2025,CUST68317,Atharv Tiwari,39,Coimbatore,Tamil Nadu,South,Books & Stationery,Pen Set,BOO-PEN179,1,386,386,No Coupon,0.00,0.05,386.00,19.30,Credit Card,Delivered,Marketplace,Nikhil Bansal,DTDC,8,4,271.11,114.89,0.2976,94.00,499.30
IN250100097,05-Jan-2025,CUST61579,Rutuja Pawar,38,Kochi,Kerala,South,Mobiles & Accessories,Bluetooth Earbuds,MOB-BLU953,4,1799,7196,No Coupon,0.00,0.18,7196.00,1295.28,UPI,Delivered,Website,Priya Nair,India Post,3,4,5846.62,1349.38,0.1875,91.00,8582.28
IN250100147,05-Jan-2025,CUST85905,Aarav Nair,40,Jaipur,Rajasthan,North,Beauty & Personal Care,Face Wash,BEA-FAC629,2,167,334,DIWALI20,66.80,0.12,267.20,32.06,COD,Returned,Mobile App,Pooja Reddy,Shadowfax,4,5,217.04,50.16,0.1877,79.00,378.26
IN250101145,05-Jan-2025,CUST47988,Aarav Patel,29,Ludhiana,Punjab,North,Sports & Fitness,Fitness Band,SPO-FIT875,1,4199,4199,FESTIVE10,419.90,0.18,3779.10,680.24,UPI,Delivered,Website,Isha Gupta,Blue Dart,3,4,2563.00,1216.10,0.3218,131.00,4590.34
IN250101174,05-Jan-2025,CUST42033,Pooja Joshi,20,Bengaluru,Karnataka,South,Home & Kitchen,Pressure Cooker,HOM-PRE367,1,1299,1299,MEGADEAL,233.82,0.12,1065.18,127.82,COD,Delivered,Mobile App,Deepak Yadav,Xpressbees,4,4,849.40,215.78,0.2026,61.00,1254.00
IN250101971,05-Jan-2025,CUST34043,Sakshi Kumar,32,Pune,Maharashtra,West,Fashion,Jeans,FAS-JEA528,2,1799,3598,No Coupon,0.00,0.18,3598.00,647.64,UPI,Delivered,Mobile App,Neha Patel,Xpressbees,4,3,2610.04,987.96,0.2746,144.00,4389.64
IN250102267,05-Jan-2025,CUST17535,Pooja Bansal,43,Vadodara,Gujarat,West,Mobiles & Accessories,Smart Watch,MOB-SMA280,1,8999,8999,WELCOME100,100.00,0.18,8899.00,1601.82,UPI,Returned,Mobile App,Deepak Yadav,Delhivery,7,5,7199.10,1699.90,0.1910,110.00,10610.82
IN250102424,05-Jan-2025,CUST20021,Manish More,30,Lucknow,Uttar Pradesh,North,Fashion,Jeans,FAS-JEA983,1,1899,1899,No Coupon,0.00,0.18,1899.00,341.82,Net Banking,Delivered,Social Commerce,Sneha Kulkarni,Ecom Express,3,3,1373.20,525.80,0.2769,111.00,2351.82
IN250100653,06-Jan-2025,CUST34088,Krishna Joshi,51,Vijayawada,Andhra Pradesh,South,Books & Stationery,Notebook Pack,BOO-NOT585,2,128,256,WELCOME100,51.20,0.18,204.80,36.86,Credit Card,Returned,Mobile App,Rahul Verma,Delhivery,3,4,180.08,24.72,0.1207,149.00,390.66
IN250100970,06-Jan-2025,CUST20635,Shruti Jadhav,36,Kochi,Kerala,South,Electronics,Wireless Mouse,ELE-WIR261,1,449,449,MEGADEAL,80.82,0.12,368.18,44.18,COD,Delivered,Mobile App,Rahul Verma,Ecom Express,2,3,381.69,-13.51,-0.0367,150.00,562.36
IN250101659,06-Jan-2025,CUST57500,Ishaan Nair,40,Mumbai,Maharashtra,West,Mobiles & Accessories,Phone Cover,MOB-PHO549,1,450,450,APPONLY,36.00,0.12,414.00,49.68,UPI,Delivered,Website,Isha Gupta,Xpressbees,2,4,357.42,56.58,0.1367,111.00,574.68
IN250100049,07-Jan-2025,CUST52721,Rudra Ansari,54,Noida,Uttar Pradesh,North,Home & Kitchen,Water Purifier,HOM-WAT477,1,10499,10499,APPONLY,839.92,0.18,9659.08,1738.63,Credit Card,Delivered,Website,Pooja Reddy,Shadowfax,3,3,7847.26,1811.82,0.1876,70.00,11467.71
IN250100142,07-Jan-2025,CUST61192,Ishaan Ghosh,50,Guwahati,Assam,North East,Electronics,Laptop,ELE-LAP773,1,129799,129799,FESTIVE10,12979.90,0.18,116819.10,21027.44,Net Banking,Delivered,Mobile App,Priya Nair,DTDC,3,4,96149.00,20670.10,0.1769,175.00,138021.54
IN250100780,07-Jan-2025,CUST29451,Neha Pawar,39,Thiruvananthapuram,Kerala,South,Grocery & Gourmet,Coffee Pack,GRO-COF673,1,922,922,No Coupon,0.00,0.12,922.00,110.64,Credit Card,Delivered,Website,Amit Sharma,India Post,4,4,651.94,270.06,0.2929,170.00,1202.64
IN250100269,08-Jan-2025,CUST21642,Reyansh Nair,21,Jaipur,Rajasthan,North,Fashion,Handbag,FAS-HAN409,1,2799,2799,No Coupon,0.00,0.18,2799.00,503.82,UPI,Delivered,Marketplace,Pooja Reddy,DTDC,5,5,2030.27,768.73,0.2746,122.00,3424.82
IN250102440,08-Jan-2025,CUST17428,Arjun Shinde,47,Surat,Gujarat,West,Fashion,Saree,FAS-SAR729,1,3799,3799,No Coupon,0.00,0.18,3799.00,683.82,Debit Card,Cancelled,Website,Sneha Kulkarni,Delhivery,2,,2278.09,1520.91,0.4003,0.00,4482.82
IN250101450,09-Jan-2025,CUST72471,Swati Kumar,41,Pune,Maharashtra,West,Home & Kitchen,Mixer Grinder,HOM-MIX362,2,2099,4198,FREESHIP,0.00,0.18,4198.00,755.64,COD,Delivered,Website,Anjali Joshi,Delhivery,2,3,3202.91,995.09,0.2370,73.00,5026.64
IN250101793,10-Jan-2025,CUST82278,Karan Bhatia,50,Noida,Uttar Pradesh,North,Electronics,Keyboard,ELE-KEY640,1,3299,3299,PAYDAY15,494.85,0.18,2804.15,504.75,Debit Card,Delivered,Website,Anjali Joshi,Xpressbees,6,4,2835.36,-31.21,-0.0111,163.00,3471.90
IN250102489,10-Jan-2025,CUST47424,Sneha Chatterjee,19,Kochi,Kerala,South,Beauty & Personal Care,Face Wash,BEA-FAC259,3,438,1314,WELCOME100,100.00,0.18,1214.00,218.52,UPI,Cancelled,Website,Nikhil Bansal,Blue Dart,7,,927.10,286.90,0.2363,0.00,1432.52
IN250100810,11-Jan-2025,CUST50698,Ira Kulkarni,33,Mumbai,Maharashtra,West,Beauty & Personal Care,Face Wash,BEA-FAC582,1,699,699,NEWYEAR10,69.90,0.12,629.10,75.49,Net Banking,Delivered,Website,Swati Mishra,Xpressbees,3,5,477.19,151.91,0.2415,67.00,771.59
IN250100899,11-Jan-2025,CUST42231,Mansi Banerjee,21,Pune,Maharashtra,West,Fashion,Men T-Shirt,FAS-MEN343,1,1899,1899,PAYDAY15,284.85,0.12,1614.15,193.70,UPI,Delivered,Mobile App,Deepak Yadav,Xpressbees,3,5,1280.87,333.28,0.2065,151.00,1958.85
IN250101176,11-Jan-2025,CUST56204,Kiara Bansal,40,Chandigarh,Chandigarh,North,Mobiles & Accessories,Tempered Glass,MOB-TEM424,1,436,436,DIWALI20,87.20,0.12,348.80,41.86,Wallet,Cancelled,Website,Rahul Verma,Blue Dart,5,,325.71,23.09,0.0662,0.00,390.66
IN250101800,11-Jan-2025,CUST12430,Bhavna Qureshi,28,Ahmedabad,Gujarat,West,Fashion,Saree,FAS-SAR705,1,3399,3399,WELCOME100,100.00,0.18,3299.00,593.82,Credit Card,Delivered,Website,Kavya Deshmukh,Xpressbees,2,5,2317.64,981.36,0.2975,106.00,3998.82
IN250102016,11-Jan-2025,CUST99729,Anaya More,21,Gurugram,Haryana,North,Mobiles & Accessories,Bluetooth Earbuds,MOB-BLU187,1,6999,6999,No Coupon,0.00,0.18,6999.00,1259.82,UPI,Delivered,Social Commerce,Swati Mishra,Delhivery,4,5,5822.82,1176.18,0.1680,102.00,8360.82
IN250102339,11-Jan-2025,CUST50919,Tanvi Qureshi,42,Pune,Maharashtra,West,Fashion,Sneakers,FAS-SNE807,4,5399,21596,No Coupon,0.00,0.18,21596.00,3887.28,Debit Card,Delivered,Marketplace,Isha Gupta,DTDC,2,3,12707.28,8888.72,0.4116,103.00,25586.28
IN250100021,12-Jan-2025,CUST60620,Mansi Pillai,28,Chennai,Tamil Nadu,South,Fashion,Women Kurti,FAS-WOM969,1,1399,1399,FESTIVE10,139.90,0.12,1259.10,151.09,Net Banking,Delivered,Website,Sagar Pawar,Blue Dart,2,5,845.41,413.69,0.3286,147.00,1557.19
IN250101888,12-Jan-2025,CUST61901,Ayaan Pawar,39,Visakhapatnam,Andhra Pradesh,South,Fashion,Sneakers,FAS-SNE582,2,1199,2398,No Coupon,0.00,0.18,2398.00,431.64,UPI,Delivered,Mobile App,Vikram Singh,Xpressbees,3,5,1556.78,841.22,0.3508,173.00,3002.64
IN250102415,12-Jan-2025,CUST32640,Rudra Mishra,49,Kolkata,West Bengal,East,Mobiles & Accessories,Tempered Glass,MOB-TEM971,1,529,529,No Coupon,0.00,0.12,529.00,63.48,UPI,Delivered,Mobile App,Neha Patel,Xpressbees,3,4,418.82,110.18,0.2083,157.00,749.48
IN250100173,13-Jan-2025,CUST48300,Aditya Sharma,52,Bhubaneswar,Odisha,East,Books & Stationery,Notebook Pack,BOO-NOT119,2,298,596,MEGADEAL,107.28,0.12,488.72,58.65,UPI,Delivered,Website,Amit Sharma,Ecom Express,3,5,419.88,68.84,0.1409,171.00,718.37
IN250101987,13-Jan-2025,CUST44451,Kiara Pawar,28,Mumbai,Maharashtra,West,Books & Stationery,Pen Set,BOO-PEN695,1,202,202,No Coupon,0.00,0.12,202.00,24.24,COD,Delivered,Mobile App,Amit Sharma,India Post,1,4,132.02,69.98,0.3464,156.00,382.24
IN250101327,14-Jan-2025,CUST61500,Krishna Bansal,30,Delhi,Delhi,North,Electronics,Wireless Mouse,ELE-WIR146,3,1999,5997,No Coupon,0.00,0.18,5997.00,1079.46,Debit Card,Shipped,Website,Kavya Deshmukh,Xpressbees,3,,5003.48,993.52,0.1657,167.00,7243.46
IN250100073,15-Jan-2025,CUST37323,Sai Iyer,20,Ahmedabad,Gujarat,West,Books & Stationery,Exam Prep Book,BOO-EXA580,1,945,945,FESTIVE10,94.50,0.12,850.50,102.06,Credit Card,Returned,Marketplace,Tanvi Jadhav,Ecom Express,4,3,607.44,243.06,0.2858,140.00,1092.56
IN250100077,15-Jan-2025,CUST62821,Anika Mishra,26,Chandigarh,Chandigarh,North,Mobiles & Accessories,Power Bank,MOB-POW243,1,1399,1399,No Coupon,0.00,0.18,1399.00,251.82,Credit Card,Shipped,Marketplace,Neha Patel,Delhivery,5,,1189.50,209.50,0.1497,144.00,1794.82
IN250100078,15-Jan-2025,CUST22487,Janhavi Nair,55,Noida,Uttar Pradesh,North,Mobiles & Accessories,Tempered Glass,MOB-TEM187,1,195,195,PAYDAY15,29.25,0.12,165.75,19.89,Debit Card,Delivered,Mobile App,Sneha Kulkarni,DTDC,3,4,142.27,23.48,0.1417,97.00,282.64
IN250100508,15-Jan-2025,CUST30414,Swati Gaikwad,37,Ahmedabad,Gujarat,West,Sports & Fitness,Running Shoes,SPO-RUN149,1,5199,5199,No Coupon,0.00,0.12,5199.00,623.88,Debit Card,Delivered,Website,Karan Malhotra,Ecom Express,2,5,3113.74,2085.26,0.4011,164.00,5986.88
IN250101539,15-Jan-2025,CUST18995,Aarti Verma,29,Mysuru,Karnataka,South,Beauty & Personal Care,Shampoo,BEA-SHA888,1,575,575,FESTIVE10,57.50,0.12,517.50,62.10,UPI,Cancelled,Mobile App,Sagar Pawar,Xpressbees,3,,440.23,77.27,0.1493,0.00,579.60
IN250101990,15-Jan-2025,CUST53802,Kiara Dhawale,29,Bhopal,Madhya Pradesh,Central,Home & Kitchen,Pressure Cooker,HOM-PRE679,3,1899,5697,No Coupon,0.00,0.18,5697.00,1025.46,UPI,Shipped,Marketplace,Neha Patel,Delhivery,5,,3770.21,1926.79,0.3382,157.00,6879.46
IN250102349,15-Jan-2025,CUST68680,Payal Deshmukh,38,Kolkata,West Bengal,East,Grocery & Gourmet,Spices Combo,GRO-SPI234,1,543,543,No Coupon,0.00,0.05,543.00,27.15,Debit Card,Delivered,Website,Isha Gupta,India Post,2,3,339.35,203.65,0.3750,131.00,701.15
IN250100120,16-Jan-2025,CUST51734,Swati Agarwal,26,Mumbai,Maharashtra,West,Home & Kitchen,Air Fryer,HOM-AIR207,1,3899,3899,No Coupon,0.00,0.12,3899.00,467.88,UPI,Delivered,Website,Manish Iyer,DTDC,3,3,2493.45,1405.55,0.3605,153.00,4519.88
IN250100448,16-Jan-2025,CUST43896,Siddharth Pillai,21,Hyderabad,Telangana,South,Fashion,Women Kurti,FAS-WOM352,1,1599,1599,FREESHIP,0.00,0.12,1599.00,191.88,COD,Returned,Website,Sagar Pawar,Xpressbees,2,4,1208.55,390.45,0.2442,142.00,1932.88
IN250101586,16-Jan-2025,CUST48893,Siddharth Mehta,30,Kolkata,West Bengal,East,Mobiles & Accessories,Bluetooth Earbuds,MOB-BLU728,1,8699,8699,FREESHIP,0.00,0.12,8699.00,1043.88,UPI,Shipped,Social Commerce,Isha Gupta,Shadowfax,5,,6306.82,2392.18,0.2750,150.00,9892.88
IN250101891,16-Jan-2025,CUST55792,Ishaan Gupta,33,Jaipur,Rajasthan,North,Electronics,Tablet,ELE-TAB478,2,38899,77798,PAYDAY15,11669.70,0.18,66128.30,11903.09,Debit Card,Delivered,Mobile App,Sneha Kulkarni,Xpressbees,2,5,64584.04,1544.26,0.0234,114.00,78145.39
IN250100830,17-Jan-2025,CUST42753,Vikram Kadam,36,Coimbatore,Tamil Nadu,South,Beauty & Personal Care,Perfume,BEA-PER538,1,1799,1799,No Coupon,0.00,0.18,1799.00,323.82,Credit Card,Cancelled,Mobile App,Karan Malhotra,Xpressbees,2,,1147.10,651.90,0.3624,0.00,2122.82
IN250102240,17-Jan-2025,CUST41428,Suresh Kulkarni,47,Pune,Maharashtra,West,Home & Kitchen,Bedsheet Set,HOM-BED396,3,2199,6597,No Coupon,0.00,0.12,6597.00,791.64,UPI,Delivered,Website,Karan Malhotra,Xpressbees,2,5,4837.79,1759.21,0.2667,79.00,7467.64
IN250100395,18-Jan-2025,CUST33404,Ishaan Kadam,20,Kochi,Kerala,South,Sports & Fitness,Yoga Mat,SPO-YOG211,1,1799,1799,PAYDAY15,269.85,0.12,1529.15,183.50,Credit Card,Delivered,Mobile App,Tanvi Jadhav,Xpressbees,3,5,1257.02,272.13,0.1780,96.00,1808.65
IN250100469,18-Jan-2025,CUST94008,Manish Shaikh,55,Bengaluru,Karnataka,South,Books & Stationery,Pen Set,BOO-PEN594,4,87,348,FESTIVE10,34.80,0.18,313.20,56.38,Wallet,Returned,Mobile App,Rohan Mehta,Ecom Express,3,5,215.57,97.63,0.3117,123.00,492.58
IN250100497,18-Jan-2025,CUST34901,Nikhil Bansal,45,Kochi,Kerala,South,Home & Kitchen,Pressure Cooker,HOM-PRE839,1,2799,2799,No Coupon,0.00,0.18,2799.00,503.82,Debit Card,Delivered,Mobile App,Amit Sharma,India Post,3,3,2173.35,625.65,0.2235,168.00,3470.82
IN250101367,18-Jan-2025,CUST35361,Omkar Ghosh,51,Surat,Gujarat,West,Home & Kitchen,Water Purifier,HOM-WAT967,1,6299,6299,No Coupon,0.00,0.12,6299.00,755.88,UPI,Delivered,Mobile App,Pooja Reddy,Delhivery,4,5,4272.02,2026.98,0.3218,120.00,7174.88
IN250101998,18-Jan-2025,CUST87943,Arjun Shaikh,23,Bhubaneswar,Odisha,East,Fashion,Sneakers,FAS-SNE708,1,5699,5699,No Coupon,0.00,0.12,5699.00,683.88,Debit Card,Delivered,Marketplace,Anjali Joshi,Blue Dart,3,5,3613.90,2085.10,0.3659,104.00,6486.88
IN250102068,18-Jan-2025,CUST81843,Aditya Patel,37,Delhi,Delhi,North,Sports & Fitness,Fitness Band,SPO-FIT913,2,2199,4398,No Coupon,0.00,0.18,4398.00,791.64,Credit Card,Delivered,Mobile App,Sneha Kulkarni,DTDC,7,4,3246.93,1151.07,0.2617,164.00,5353.64
IN250102198,18-Jan-2025,CUST46393,Rudra Banerjee,20,Indore,Madhya Pradesh,Central,Fashion,Women Kurti,FAS-WOM272,2,1899,3798,FESTIVE10,379.80,0.12,3418.20,410.18,Debit Card,Shipped,Website,Rohan Mehta,India Post,4,,2770.09,648.11,0.1896,114.00,3942.38
IN250100650,19-Jan-2025,CUST56095,Reyansh Pillai,33,Pune,Maharashtra,West,Mobiles & Accessories,Tempered Glass,MOB-TEM699,2,158,316,PAYDAY15,47.40,0.18,268.60,48.35,COD,Delivered,Website,Priya Nair,DTDC,8,4,230.14,38.46,0.1432,119.00,435.95
IN250100981,19-Jan-2025,CUST23981,Ayaan Qureshi,31,Thiruvananthapuram,Kerala,South,Books & Stationery,Exam Prep Book,BOO-EXA412,1,992,992,FREESHIP,0.00,0.05,992.00,49.60,Debit Card,Delivered,Website,Swati Mishra,India Post,3,5,698.32,293.68,0.2960,90.00,1131.60
IN250100996,19-Jan-2025,CUST54277,Bhavna Kumar,37,Surat,Gujarat,West,Mobiles & Accessories,Bluetooth Earbuds,MOB-BLU126,3,8799,26397,FESTIVE10,2639.70,0.18,23757.30,4276.31,UPI,Delivered,Social Commerce,Tanvi Jadhav,Shadowfax,5,4,19740.84,4016.46,0.1691,90.00,28123.61
IN250101020,19-Jan-2025,CUST92014,Komal Rathod,18,Vijayawada,Andhra Pradesh,South,Beauty & Personal Care,Skin Cream,BEA-SKI541,1,897,897,No Coupon,0.00,0.18,897.00,161.46,Net Banking,Delivered,Marketplace,Isha Gupta,Shadowfax,4,4,521.52,375.48,0.4186,84.00,1142.46
IN250101121,19-Jan-2025,CUST21667,Sagar Nair,22,Kochi,Kerala,South,Grocery & Gourmet,Tea Pack,GRO-TEA922,1,269,269,No Coupon,0.00,0.18,269.00,48.42,COD,Delivered,Marketplace,Kavya Deshmukh,Xpressbees,4,4,170.36,98.64,0.3667,125.00,442.42
IN250100300,20-Jan-2025,CUST49018,Arjun Khan,55,Mysuru,Karnataka,South,Sports & Fitness,Cricket Bat,SPO-CRI715,1,5599,5599,No Coupon,0.00,0.18,5599.00,1007.82,UPI,Delivered,Website,Swati Mishra,Delhivery,6,4,3541.13,2057.87,0.3675,63.00,6669.82
IN250100461,20-Jan-2025,CUST45321,Sai Chatterjee,57,Surat,Gujarat,West,Beauty & Personal Care,Skin Cream,BEA-SKI239,4,1299,5196,No Coupon,0.00,0.18,5196.00,935.28,UPI,Delivered,Mobile App,Sneha Kulkarni,India Post,3,2,3845.49,1350.51,0.2599,118.00,6249.28
IN250101744,20-Jan-2025,CUST49485,Vivaan Mishra,48,Mysuru,Karnataka,South,Electronics,Laptop,ELE-LAP655,1,81099,81099,No Coupon,0.00,0.18,81099.00,14597.82,COD,Delivered,Marketplace,Priya Nair,DTDC,3,4,61353.75,19745.25,0.2435,102.00,95798.82
IN250100197,21-Jan-2025,CUST40263,Manish Iyer,36,Mumbai,Maharashtra,West,Beauty & Personal Care,Perfume,BEA-PER741,2,1399,2798,NEWYEAR10,279.80,0.18,2518.20,453.28,UPI,Delivered,Website,Rohan Mehta,Blue Dart,2,4,1625.05,893.15,0.3547,144.00,3115.48
IN250101045,21-Jan-2025,CUST40754,Neha Chatterjee,36,Surat,Gujarat,West,Grocery & Gourmet,Tea Pack,GRO-TEA631,1,353,353,No Coupon,0.00,0.18,353.00,63.54,Credit Card,Returned,Website,Sneha Kulkarni,DTDC,4,3,225.24,127.76,0.3619,98.00,514.54
IN250101374,21-Jan-2025,CUST73506,Priya Mehta,57,Surat,Gujarat,West,Fashion,Women Kurti,FAS-WOM552,3,857,2571,FESTIVE10,257.10,0.18,2313.90,416.50,Net Banking,Delivered,Mobile App,Tanvi Jadhav,Blue Dart,6,4,1907.82,406.08,0.1755,67.00,2797.40
IN250101919,22-Jan-2025,CUST60977,Janhavi Dhawale,55,Surat,Gujarat,West,Mobiles & Accessories,Smart Watch,MOB-SMA215,1,19799,19799,APPONLY,1583.92,0.18,18215.08,3278.71,Wallet,Delivered,Mobile App,Swati Mishra,DTDC,3,4,14512.31,3702.77,0.2033,85.00,21578.79
IN250102160,22-Jan-2025,CUST86610,Kavya Sharma,22,Mumbai,Maharashtra,West,Sports & Fitness,Cricket Bat,SPO-CRI503,1,4799,4799,FREESHIP,0.00,0.18,4799.00,863.82,UPI,Delivered,Mobile App,Priya Nair,DTDC,2,4,2860.33,1938.67,0.4040,71.00,5733.82
IN250102282,22-Jan-2025,CUST86266,Ayaan Das,40,Guwahati,Assam,North East,Fashion,Men T-Shirt,FAS-MEN827,1,1899,1899,WELCOME100,100.00,0.12,1799.00,215.88,UPI,Delivered,Website,Anjali Joshi,Xpressbees,4,3,1229.00,570.00,0.3168,68.00,2082.88
IN250102375,22-Jan-2025,CUST18368,Ira Pillai,56,Chandigarh,Chandigarh,North,Books & Stationery,Kids Story Book,BOO-KID970,2,491,982,APPONLY,78.56,0.05,903.44,45.17,Debit Card,Delivered,Marketplace,Vikram Singh,DTDC,4,2,740.97,162.47,0.1798,108.00,1056.61
IN250100467,23-Jan-2025,CUST37393,Myra Dhawale,20,Patna,Bihar,East,Beauty & Personal Care,Skin Cream,BEA-SKI890,1,696,696,No Coupon,0.00,0.12,696.00,83.52,Debit Card,Delivered,Marketplace,Karan Malhotra,Xpressbees,1,5,445.96,250.04,0.3593,116.00,895.52
IN250100855,23-Jan-2025,CUST57075,Pranav Verma,55,Bengaluru,Karnataka,South,Books & Stationery,Pen Set,BOO-PEN444,1,295,295,FESTIVE10,29.50,0.12,265.50,31.86,COD,Delivered,Mobile App,Neha Patel,Shadowfax,3,5,214.81,50.69,0.1909,75.00,372.36
IN250101493,23-Jan-2025,CUST96274,Siddharth Nair,54,Ludhiana,Punjab,North,Sports & Fitness,Fitness Band,SPO-FIT953,1,4799,4799,FESTIVE10,479.90,0.18,4319.10,777.44,Wallet,Returned,Marketplace,Karan Malhotra,Delhivery,5,4,2886.17,1432.93,0.3318,61.00,5157.54
IN250101519,23-Jan-2025,CUST30941,Mansi Jadhav,51,Ludhiana,Punjab,North,Books & Stationery,Notebook Pack,BOO-NOT245,1,296,296,DIWALI20,59.20,0.12,236.80,28.42,Wallet,Delivered,Mobile App,Karan Malhotra,Xpressbees,2,4,223.41,13.39,0.0565,145.00,410.22
IN250101895,23-Jan-2025,CUST78804,Yash Bansal,23,Indore,Madhya Pradesh,Central,Books & Stationery,Notebook Pack,BOO-NOT268,2,331,662,WELCOME100,100.00,0.12,562.00,67.44,Wallet,Delivered,Mobile App,Amit Sharma,India Post,3,5,455.83,106.17,0.1889,141.00,770.44
IN250102303,23-Jan-2025,CUST37921,Ayaan Iyer,53,Chennai,Tamil Nadu,South,Home & Kitchen,Air Fryer,HOM-AIR346,1,9299,9299,No Coupon,0.00,0.18,9299.00,1673.82,Net Banking,Delivered,Website,Swati Mishra,Shadowfax,2,5,6450.64,2848.36,0.3063,135.00,11107.82
IN250100417,24-Jan-2025,CUST81517,Krishna Gaikwad,33,Vadodara,Gujarat,West,Mobiles & Accessories,Smart Watch,MOB-SMA361,2,19099,38198,WELCOME100,100.00,0.12,38098.00,4571.76,COD,Delivered,Mobile App,Priya Nair,Delhivery,3,5,30898.06,7199.94,0.1890,70.00,42739.76
IN250101662,24-Jan-2025,CUST89018,Myra Kulkarni,37,Vadodara,Gujarat,West,Electronics,Keyboard,ELE-KEY464,3,3299,9897,MEGADEAL,1781.46,0.18,8115.54,1460.80,Debit Card,Returned,Marketplace,Manish Iyer,Blue Dart,4,4,8129.54,-14.00,-0.0017,149.00,9725.34
IN250102378,24-Jan-2025,CUST20010,Rajesh Pawar,49,Indore,Madhya Pradesh,Central,Home & Kitchen,Air Fryer,HOM-AIR153,1,9099,9099,No Coupon,0.00,0.18,9099.00,1637.82,Debit Card,Delivered,Website,Sneha Kulkarni,DTDC,6,5,5878.85,3220.15,0.3539,120.00,10856.82
IN250102397,24-Jan-2025,CUST74110,Shaurya Agarwal,18,Jaipur,Rajasthan,North,Mobiles & Accessories,Smart Watch,MOB-SMA122,1,8399,8399,No Coupon,0.00,0.12,8399.00,1007.88,Wallet,Delivered,Website,Manish Iyer,Shadowfax,6,2,7015.70,1383.30,0.1647,90.00,9496.88
IN250100423,25-Jan-2025,CUST27603,Priya Reddy,53,Kolkata,West Bengal,East,Beauty & Personal Care,Skin Cream,BEA-SKI384,2,244,488,No Coupon,0.00,0.18,488.00,87.84,COD,Returned,Mobile App,Sneha Kulkarni,DTDC,5,5,287.11,200.89,0.4117,124.00,699.84
IN250100694,25-Jan-2025,CUST31462,Sneha Kumar,39,Visakhapatnam,Andhra Pradesh,South,Grocery & Gourmet,Basmati Rice 5kg,GRO-BAS599,2,666,1332,No Coupon,0.00,0.05,1332.00,66.60,Net Banking,Delivered,Social Commerce,Tanvi Jadhav,Xpressbees,5,5,957.64,374.36,0.2811,77.00,1475.60
IN250100701,25-Jan-2025,CUST38402,Rutuja Mehta,32,Ludhiana,Punjab,North,Books & Stationery,Notebook Pack,BOO-NOT362,1,319,319,FREESHIP,0.00,0.05,319.00,15.95,UPI,Delivered,Website,Kavya Deshmukh,Xpressbees,3,3,214.97,104.03,0.3261,163.00,497.95
IN250101311,25-Jan-2025,CUST85514,Mansi Malhotra,21,Pune,Maharashtra,West,Grocery & Gourmet,Basmati Rice 5kg,GRO-BAS630,1,838,838,FESTIVE10,83.80,0.18,754.20,135.76,UPI,Delivered,Social Commerce,Sneha Kulkarni,Delhivery,1,4,596.55,157.65,0.2090,83.00,972.96
IN250100162,26-Jan-2025,CUST66650,Swati Chatterjee,20,Chandigarh,Chandigarh,North,Fashion,Sneakers,FAS-SNE634,2,2299,4598,No Coupon,0.00,0.12,4598.00,551.76,UPI,Cancelled,Website,Sagar Pawar,India Post,2,,2726.09,1871.91,0.4071,0.00,5149.76
IN250101139,26-Jan-2025,CUST41308,Payal Rathod,41,Kochi,Kerala,South,Books & Stationery,Pen Set,BOO-PEN764,1,158,158,No Coupon,0.00,0.12,158.00,18.96,Debit Card,Delivered,Website,Sagar Pawar,Xpressbees,3,4,114.60,43.40,0.2747,69.00,245.96
IN250101183,26-Jan-2025,CUST19336,Arjun Pawar,26,Ranchi,Jharkhand,East,Home & Kitchen,Mixer Grinder,HOM-MIX943,1,1899,1899,FREESHIP,0.00,0.12,1899.00,227.88,UPI,Delivered,Marketplace,Anjali Joshi,Delhivery,3,4,1449.46,449.54,0.2367,88.00,2214.88
IN250101329,26-Jan-2025,CUST13281,Pranav Mehta,33,Jaipur,Rajasthan,North,Grocery & Gourmet,Spices Combo,GRO-SPI227,1,311,311,No Coupon,0.00,0.18,311.00,55.98,COD,Delivered,Mobile App,Vikram Singh,Shadowfax,3,2,217.01,93.99,0.3022,65.00,431.98
IN250101485,27-Jan-2025,CUST62860,Rutuja Bansal,20,Hyderabad,Telangana,South,Electronics,Keyboard,ELE-KEY470,1,1799,1799,No Coupon,0.00,0.18,1799.00,323.82,Credit Card,Delivered,Mobile App,Nikhil Bansal,Xpressbees,4,5,1519.77,279.23,0.1552,76.00,2198.82
IN250101685,27-Jan-2025,CUST76778,Bhavna Bhatia,45,Lucknow,Uttar Pradesh,North,Books & Stationery,Exam Prep Book,BOO-EXA942,2,696,1392,MEGADEAL,250.56,0.12,1141.44,136.97,Net Banking,Delivered,Mobile App,Rahul Verma,Ecom Express,2,5,970.03,171.41,0.1502,179.00,1457.41
IN250101795,27-Jan-2025,CUST89832,Anika Iyer,19,Nashik,Maharashtra,West,Fashion,Men T-Shirt,FAS-MEN145,2,1899,3798,FREESHIP,0.00,0.18,3798.00,683.64,Debit Card,Delivered,Marketplace,Nikhil Bansal,India Post,4,3,2387.87,1410.13,0.3713,95.00,4576.64
IN250102371,27-Jan-2025,CUST56744,Krishna Shinde,58,Vadodara,Gujarat,West,Electronics,Laptop,ELE-LAP897,3,78799,236397,No Coupon,0.00,0.12,236397.00,28367.64,Debit Card,Cancelled,Marketplace,Kavya Deshmukh,Xpressbees,5,,199799.43,36597.57,0.1548,0.00,264764.64
IN250100646,28-Jan-2025,CUST64170,Myra Patel,42,Visakhapatnam,Andhra Pradesh,South,Sports & Fitness,Cricket Bat,SPO-CRI644,2,2799,5598,No Coupon,0.00,0.18,5598.00,1007.64,COD,Delivered,Website,Karan Malhotra,India Post,2,5,3314.72,2283.28,0.4079,144.00,6749.64
IN250101250,28-Jan-2025,CUST16126,Komal Kumar,44,Hyderabad,Telangana,South,Fashion,Jeans,FAS-JEA681,1,2499,2499,No Coupon,0.00,0.18,2499.00,449.82,UPI,Delivered,Mobile App,Rahul Verma,Delhivery,2,4,1524.69,974.31,0.3899,111.00,3059.82
IN250101643,28-Jan-2025,CUST70649,Neha Das,52,Surat,Gujarat,West,Home & Kitchen,Water Purifier,HOM-WAT301,2,17899,35798,No Coupon,0.00,0.18,35798.00,6443.64,COD,Shipped,Mobile App,Karan Malhotra,Delhivery,2,,26276.17,9521.83,0.2660,147.00,42388.64
IN250101694,28-Jan-2025,CUST95233,Vivaan Mishra,36,Kochi,Kerala,South,Mobiles & Accessories,Bluetooth Earbuds,MOB-BLU235,1,1099,1099,No Coupon,0.00,0.18,1099.00,197.82,Wallet,Returned,Website,Priya Nair,Xpressbees,6,5,916.49,182.51,0.1661,147.00,1443.82
IN250101703,28-Jan-2025,CUST96666,Anika Mehta,28,Delhi,Delhi,North,Grocery & Gourmet,Basmati Rice 5kg,GRO-BAS869,1,563,563,APPONLY,45.04,0.12,517.96,62.16,UPI,Delivered,Website,Tanvi Jadhav,Blue Dart,5,2,357.34,160.62,0.3101,110.00,690.12
IN250100815,29-Jan-2025,CUST16053,Yash Reddy,51,Coimbatore,Tamil Nadu,South,Books & Stationery,Office Diary,BOO-OFF706,2,458,916,No Coupon,0.00,0.18,916.00,164.88,UPI,Delivered,Website,Tanvi Jadhav,Shadowfax,3,4,544.52,371.48,0.4055,65.00,1145.88
IN250100847,29-Jan-2025,CUST53750,Sagar Shinde,51,Chennai,Tamil Nadu,South,Beauty & Personal Care,Shampoo,BEA-SHA582,1,449,449,No Coupon,0.00,0.12,449.00,53.88,UPI,Delivered,Mobile App,Swati Mishra,Blue Dart,6,5,263.96,185.04,0.4121,167.00,669.88
IN250101591,29-Jan-2025,CUST56175,Arjun Ghosh,43,Hyderabad,Telangana,South,Fashion,Saree,FAS-SAR739,1,1299,1299,WELCOME100,100.00,0.12,1199.00,143.88,UPI,Delivered,Mobile App,Rohan Mehta,Blue Dart,2,3,781.47,417.53,0.3482,157.00,1499.88
IN250100661,30-Jan-2025,CUST31186,Sneha Tiwari,18,Noida,Uttar Pradesh,North,Sports & Fitness,Yoga Mat,SPO-YOG614,1,697,697,No Coupon,0.00,0.18,697.00,125.46,Debit Card,Returned,Marketplace,Neha Patel,India Post,4,4,436.04,260.96,0.3744,92.00,914.46
IN250100579,31-Jan-2025,CUST57436,Priya Agarwal,44,Patna,Bihar,East,Home & Kitchen,Air Fryer,HOM-AIR887,3,14899,44697,FREESHIP,0.00,0.12,44697.00,5363.64,Debit Card,Delivered,Mobile App,Kavya Deshmukh,Xpressbees,2,5,30127.80,14569.20,0.3260,178.00,50238.64
IN250101899,31-Jan-2025,CUST80798,Rutuja Gupta,34,Pune,Maharashtra,West,Fashion,Men T-Shirt,FAS-MEN892,1,1699,1699,No Coupon,0.00,0.12,1699.00,203.88,UPI,Delivered,Marketplace,Neha Patel,Delhivery,1,5,990.79,708.21,0.4168,118.00,2020.88
IN250200292,01-Feb-2025,CUST65423,Ayaan Tiwari,28,Jaipur,Rajasthan,North,Home & Kitchen,Water Purifier,HOM-WAT946,1,19599,19599,No Coupon,0.00,0.12,19599.00,2351.88,UPI,Delivered,Social Commerce,Vikram Singh,Ecom Express,4,5,13751.53,5847.47,0.2984,70.00,22020.88
IN250200594,01-Feb-2025,CUST33821,Omkar Tiwari,54,Chandigarh,Chandigarh,North,Home & Kitchen,Pressure Cooker,HOM-PRE945,1,2699,2699,No Coupon,0.00,0.18,2699.00,485.82,Debit Card,Returned,Mobile App,Pooja Reddy,Delhivery,4,4,1647.19,1051.81,0.3897,119.00,3303.82
IN250201529,01-Feb-2025,CUST56855,Vikram Kapoor,18,Nashik,Maharashtra,West,Home & Kitchen,Air Fryer,HOM-AIR368,1,8699,8699,APPONLY,695.92,0.12,8003.08,960.37,Wallet,Cancelled,Website,Kavya Deshmukh,Blue Dart,6,,5081.94,2921.14,0.3650,0.00,8963.45
IN250202133,01-Feb-2025,CUST87689,Priya Pawar,40,Indore,Madhya Pradesh,Central,Mobiles & Accessories,Power Bank,MOB-POW201,1,1699,1699,WELCOME100,100.00,0.18,1599.00,287.82,UPI,Delivered,Mobile App,Vikram Singh,DTDC,2,5,1260.37,338.63,0.2118,82.00,1968.82
IN250200610,02-Feb-2025,CUST55453,Vikram Kumar,25,Bengaluru,Karnataka,South,Sports & Fitness,Running Shoes,SPO-RUN285,2,5499,10998,NEWYEAR10,1099.80,0.12,9898.20,1187.78,Debit Card,Delivered,Website,Deepak Yadav,Shadowfax,2,5,8395.79,1502.41,0.1518,157.00,11242.98
IN250202421,03-Feb-2025,CUST30489,Karan Agarwal,18,Bhubaneswar,Odisha,East,Mobiles & Accessories,Smartphone,MOB-SMA762,1,11699,11699,MEGADEAL,2105.82,0.12,9593.18,1151.18,Net Banking,Delivered,Website,Pooja Reddy,Xpressbees,4,4,8548.27,1044.91,0.1089,77.00,10821.36
IN250201354,04-Feb-2025,CUST39638,Omkar Yadav,23,Delhi,Delhi,North,Electronics,LED TV,ELE-LED415,1,52499,52499,No Coupon,0.00,0.12,52499.00,6299.88,UPI,Delivered,Mobile App,Sneha Kulkarni,Xpressbees,5,5,41785.85,10713.15,0.2041,166.00,58964.88
IN250200104,05-Feb-2025,CUST82203,Myra Chatterjee,52,Nagpur,Maharashtra,West,Sports & Fitness,Cricket Bat,SPO-CRI960,1,2099,2099,WELCOME100,100.00,0.18,1999.00,359.82,Wallet,Delivered,Marketplace,Vikram Singh,Delhivery,2,5,1450.30,548.70,0.2745,69.00,2427.82
IN250201098,05-Feb-2025,CUST72468,Manish Joshi,31,Nashik,Maharashtra,West,Home & Kitchen,Water Purifier,HOM-WAT723,4,10799,43196,No Coupon,0.00,0.12,43196.00,5183.52,UPI,Delivered,Mobile App,Priya Nair,DTDC,2,4,27438.26,15757.74,0.3648,74.00,48453.52
IN250202054,05-Feb-2025,CUST64593,Bhavna Qureshi,42,Pune,Maharashtra,West,Fashion,Sneakers,FAS-SNE691,1,2699,2699,NEWYEAR10,269.90,0.12,2429.10,291.49,Net Banking,Shipped,Mobile App,Tanvi Jadhav,Delhivery,2,,2013.10,416.00,0.1713,124.00,2844.59
IN250202374,05-Feb-2025,CUST59353,Omkar Ghosh,24,Surat,Gujarat,West,Home & Kitchen,Air Fryer,HOM-AIR421,1,13499,13499,PAYDAY15,2024.85,0.18,11474.15,2065.35,COD,Delivered,Mobile App,Anjali Joshi,India Post,2,3,10348.13,1126.02,0.0981,114.00,13653.50
IN250200829,06-Feb-2025,CUST10868,Rohan Patel,23,Thiruvananthapuram,Kerala,South,Electronics,Bluetooth Speaker,ELE-BLU508,1,8199,8199,WELCOME100,100.00,0.18,8099.00,1457.82,UPI,Delivered,Mobile App,Amit Sharma,Xpressbees,3,4,6146.75,1952.25,0.2410,85.00,9641.82
IN250201194,06-Feb-2025,CUST18998,Sakshi Yadav,29,Visakhapatnam,Andhra Pradesh,South,Home & Kitchen,Air Fryer,HOM-AIR560,1,11799,11799,No Coupon,0.00,0.12,11799.00,1415.88,Net Banking,Delivered,Website,Tanvi Jadhav,India Post,5,1,7609.41,4189.59,0.3551,94.00,13308.88
IN250202062,06-Feb-2025,CUST98427,Krishna More,50,Indore,Madhya Pradesh,Central,Grocery & Gourmet,Coffee Pack,GRO-COF309,3,580,1740,WELCOME100,100.00,0.12,1640.00,196.80,UPI,Delivered,Website,Vikram Singh,Delhivery,3,4,1032.32,607.68,0.3705,126.00,1962.80
IN250200586,07-Feb-2025,CUST40744,Rajesh Kulkarni,40,Surat,Gujarat,West,Grocery & Gourmet,Basmati Rice 5kg,GRO-BAS829,1,530,530,NEWYEAR10,53.00,0.12,477.00,57.24,UPI,Delivered,Marketplace,Deepak Yadav,Delhivery,3,5,356.04,120.96,0.2536,112.00,646.24
IN250200679,07-Feb-2025,CUST97817,Swati Yadav,32,Nashik,Maharashtra,West,Electronics,Laptop,ELE-LAP329,2,89999,179998,No Coupon,0.00,0.12,179998.00,21599.76,UPI,Delivered,Mobile App,Rohan Mehta,India Post,4,4,129613.68,50384.32,0.2799,173.00,201770.76
IN250201859,07-Feb-2025,CUST48860,Janhavi Tiwari,42,Bhubaneswar,Odisha,East,Home & Kitchen,Pressure Cooker,HOM-PRE492,1,2199,2199,No Coupon,0.00,0.18,2199.00,395.82,Net Banking,Returned,Marketplace,Kavya Deshmukh,Blue Dart,6,4,1530.94,668.06,0.3038,103.00,2697.82
IN250202021,07-Feb-2025,CUST88161,Janhavi Bhatia,58,Lucknow,Uttar Pradesh,North,Mobiles & Accessories,Power Bank,MOB-POW774,1,1299,1299,FREESHIP,0.00,0.12,1299.00,155.88,Net Banking,Delivered,Mobile App,Sneha Kulkarni,Blue Dart,2,5,1032.23,266.77,0.2054,153.00,1607.88
IN250201175,08-Feb-2025,CUST51657,Manish Agarwal,31,Bengaluru,Karnataka,South,Mobiles & Accessories,Tempered Glass,MOB-TEM961,2,154,308,No Coupon,0.00,0.18,308.00,55.44,Wallet,Shipped,Website,Karan Malhotra,Shadowfax,2,,223.44,84.56,0.2745,134.00,497.44
IN250201719,08-Feb-2025,CUST93661,Rudra Iyer,28,Patna,Bihar,East,Home & Kitchen,Water Purifier,HOM-WAT204,1,24099,24099,No Coupon,0.00,0.18,24099.00,4337.82,UPI,Delivered,Website,Priya Nair,Shadowfax,4,5,14346.65,9752.35,0.4047,96.00,28532.82
IN250202478,08-Feb-2025,CUST96846,Krishna Khan,47,Pune,Maharashtra,West,Electronics,LED TV,ELE-LED819,2,48299,96598,No Coupon,0.00,0.18,96598.00,17387.64,UPI,Delivered,Website,Anjali Joshi,Xpressbees,6,4,70399.88,26198.12,0.2712,158.00,114143.64
IN250200404,09-Feb-2025,CUST25001,Ayaan Ghosh,49,Chennai,Tamil Nadu,South,Mobiles & Accessories,Tempered Glass,MOB-TEM226,2,590,1180,FREESHIP,0.00,0.12,1180.00,141.60,UPI,Delivered,Website,Sneha Kulkarni,Delhivery,5,5,876.47,303.53,0.2572,110.00,1431.60
IN250201530,09-Feb-2025,CUST75436,Mansi Das,58,Hyderabad,Telangana,South,Mobiles & Accessories,Smart Watch,MOB-SMA699,1,15199,15199,No Coupon,0.00,0.18,15199.00,2735.82,Net Banking,Delivered,Mobile App,Sagar Pawar,Blue Dart,5,5,11371.07,3827.93,0.2519,128.00,18062.82
IN250202043,09-Feb-2025,CUST80381,Riya Ghosh,27,Chennai,Tamil Nadu,South,Fashion,Men T-Shirt,FAS-MEN813,1,1399,1399,No Coupon,0.00,0.12,1399.00,167.88,UPI,Delivered,Website,Pooja Reddy,Delhivery,3,5,893.96,505.04,0.3610,144.00,1710.88
IN250200792,10-Feb-2025,CUST93529,Kabir Deshmukh,36,Kochi,Kerala,South,Books & Stationery,Notebook Pack,BOO-NOT489,2,457,914,No Coupon,0.00,0.05,914.00,45.70,UPI,Delivered,Mobile App,Amit Sharma,DTDC,3,5,633.43,280.57,0.3070,150.00,1109.70
IN250201263,10-Feb-2025,CUST79750,Arjun Rathod,42,Thiruvananthapuram,Kerala,South,Grocery & Gourmet,Coffee Pack,GRO-COF561,1,788,788,No Coupon,0.00,0.05,788.00,39.40,Credit Card,Delivered,Website,Amit Sharma,Xpressbees,3,2,520.58,267.42,0.3394,152.00,979.40
IN250201322,10-Feb-2025,CUST77239,Diya Kumar,31,Chandigarh,Chandigarh,North,Mobiles & Accessories,Bluetooth Earbuds,MOB-BLU526,1,7899,7899,No Coupon,0.00,0.12,7899.00,947.88,Net Banking,Delivered,Mobile App,Sneha Kulkarni,DTDC,3,3,6207.11,1691.89,0.2142,107.00,8953.88
IN250200025,11-Feb-2025,CUST76241,Mansi Banerjee,43,Jaipur,Rajasthan,North,Grocery & Gourmet,Spices Combo,GRO-SPI286,1,316,316,PAYDAY15,47.40,0.18,268.60,48.35,Credit Card,Delivered,Mobile App,Neha Patel,India Post,4,3,230.61,37.99,0.1414,130.00,446.95
IN250200687,11-Feb-2025,CUST46601,Manish Qureshi,31,Gurugram,Haryana,North,Fashion,Saree,FAS-SAR887,1,6199,6199,No Coupon,0.00,0.18,6199.00,1115.82,UPI,Delivered,Mobile App,Kavya Deshmukh,Xpressbees,2,5,4204.92,1994.08,0.3217,116.00,7430.82
IN250200205,12-Feb-2025,CUST30733,Shruti Kapoor,55,Indore,Madhya Pradesh,Central,Beauty & Personal Care,Hair Oil,BEA-HAI960,2,338,676,No Coupon,0.00,0.18,676.00,121.68,UPI,Returned,Mobile App,Nikhil Bansal,Xpressbees,3,3,401.77,274.23,0.4057,144.00,941.68
IN250200929,12-Feb-2025,CUST56902,Suresh Gupta,25,Lucknow,Uttar Pradesh,North,Mobiles & Accessories,Smart Watch,MOB-SMA432,1,10899,10899,APPONLY,871.92,0.18,10027.08,1804.87,COD,Delivered,Mobile App,Vikram Singh,Shadowfax,3,5,8664.94,1362.14,0.1358,72.00,11903.95
IN250201772,12-Feb-2025,CUST33490,Priya Deshmukh,28,Mumbai,Maharashtra,West,Beauty & Personal Care,Hair Oil,BEA-HAI271,1,484,484,No Coupon,0.00,0.18,484.00,87.12,Net Banking,Delivered,Social Commerce,Sneha Kulkarni,Blue Dart,5,5,324.12,159.88,0.3303,101.00,672.12
IN250200163,13-Feb-2025,CUST84555,Deepak Chatterjee,32,Noida,Uttar Pradesh,North,Mobiles & Accessories,Phone Cover,MOB-PHO550,1,600,600,No Coupon,0.00,0.12,600.00,72.00,UPI,Shipped,Marketplace,Pooja Reddy,India Post,5,,472.67,127.33,0.2122,132.00,804.00
IN250200569,13-Feb-2025,CUST62248,Anaya Dhawale,37,Thiruvananthapuram,Kerala,South,Home & Kitchen,Bedsheet Set,HOM-BED887,1,1699,1699,No Coupon,0.00,0.18,1699.00,305.82,Credit Card,Delivered,Mobile App,Neha Patel,Shadowfax,2,3,1238.70,460.30,0.2709,155.00,2159.82
IN250201212,13-Feb-2025,CUST61522,Sneha Mishra,37,Nagpur,Maharashtra,West,Fashion,Saree,FAS-SAR491,1,4399,4399,No Coupon,0.00,0.18,4399.00,791.82,Wallet,Delivered,Mobile App,Sagar Pawar,Blue Dart,3,5,3112.21,1286.79,0.2925,111.00,5301.82
IN250201635,13-Feb-2025,CUST95009,Isha Qureshi,57,Ahmedabad,Gujarat,West,Books & Stationery,Office Diary,BOO-OFF474,2,541,1082,No Coupon,0.00,0.12,1082.00,129.84,UPI,Delivered,Website,Anjali Joshi,DTDC,1,5,775.97,306.03,0.2828,169.00,1380.84
IN250202038,13-Feb-2025,CUST36877,Diya Bansal,24,Patna,Bihar,East,Electronics,Wireless Mouse,ELE-WIR814,4,674,2696,DIWALI20,539.20,0.12,2156.80,258.82,UPI,Delivered,Mobile App,Anjali Joshi,India Post,3,5,2053.67,103.13,0.0478,100.00,2515.62
IN250201535,14-Feb-2025,CUST17464,Shaurya Agarwal,39,Gurugram,Haryana,North,Fashion,Men T-Shirt,FAS-MEN306,1,965,965,PAYDAY15,144.75,0.12,820.25,98.43,UPI,Delivered,Social Commerce,Sagar Pawar,Blue Dart,6,3,702.47,117.78,0.1436,131.00,1049.68
IN250201088,15-Feb-2025,CUST30153,Suresh Mishra,28,Bhopal,Madhya Pradesh,Central,Home & Kitchen,Water Purifier,HOM-WAT905,2,10499,20998,No Coupon,0.00,0.12,20998.00,2519.76,Credit Card,Shipped,Marketplace,Karan Malhotra,DTDC,6,,15275.25,5722.75,0.2725,126.00,23643.76
IN250201261,15-Feb-2025,CUST15205,Ira Gaikwad,47,Vadodara,Gujarat,West,Grocery & Gourmet,Tea Pack,GRO-TEA473,1,413,413,APPONLY,33.04,0.05,379.96,19.00,Debit Card,Delivered,Mobile App,Manish Iyer,Xpressbees,3,5,303.84,76.12,0.2003,158.00,556.96
IN250201896,15-Feb-2025,CUST27977,Sneha Sharma,18,Guwahati,Assam,North East,Fashion,Saree,FAS-SAR523,1,6499,6499,No Coupon,0.00,0.12,6499.00,779.88,Debit Card,Delivered,Mobile App,Pooja Reddy,DTDC,4,5,4551.95,1947.05,0.2996,164.00,7442.88
IN250200032,17-Feb-2025,CUST34112,Aditya Kadam,50,Chennai,Tamil Nadu,South,Home & Kitchen,Pressure Cooker,HOM-PRE437,1,2499,2499,No Coupon,0.00,0.18,2499.00,449.82,Net Banking,Delivered,Mobile App,Deepak Yadav,Blue Dart,4,5,1494.95,1004.05,0.4018,153.00,3101.82
IN250200217,19-Feb-2025,CUST62378,Mansi Sharma,34,Chennai,Tamil Nadu,South,Electronics,Keyboard,ELE-KEY317,3,2999,8997,PAYDAY15,1349.55,0.18,7647.45,1376.54,Debit Card,Shipped,Website,Rohan Mehta,DTDC,1,,7580.20,67.25,0.0088,97.00,9120.99
IN250201011,19-Feb-2025,CUST86785,Shruti Chatterjee,52,Visakhapatnam,Andhra Pradesh,South,Grocery & Gourmet,Tea Pack,GRO-TEA898,4,328,1312,No Coupon,0.00,0.18,1312.00,236.16,Credit Card,Delivered,Mobile App,Karan Malhotra,Blue Dart,3,4,875.38,436.62,0.3328,63.00,1611.16
IN250201881,19-Feb-2025,CUST92408,Siddharth Gaikwad,24,Bhopal,Madhya Pradesh,Central,Electronics,Keyboard,ELE-KEY843,1,1099,1099,DIWALI20,219.80,0.12,879.20,105.50,Debit Card,Delivered,Social Commerce,Kavya Deshmukh,Ecom Express,5,3,857.25,21.95,0.0250,63.00,1047.70
IN250200604,20-Feb-2025,CUST95399,Kabir More,37,Bhubaneswar,Odisha,East,Mobiles & Accessories,Power Bank,MOB-POW913,1,1499,1499,MEGADEAL,269.82,0.12,1229.18,147.50,Net Banking,Delivered,Marketplace,Anjali Joshi,Delhivery,3,5,1131.47,97.71,0.0795,68.00,1444.68
IN250201055,20-Feb-2025,CUST32310,Nisha Bansal,18,Gurugram,Haryana,North,Books & Stationery,Office Diary,BOO-OFF931,1,636,636,DIWALI20,127.20,0.18,508.80,91.58,COD,Shipped,Mobile App,Priya Nair,Shadowfax,3,,404.70,104.10,0.2046,154.00,754.38
IN250201708,20-Feb-2025,CUST28841,Shruti Dhawale,33,Patna,Bihar,East,Beauty & Personal Care,Perfume,BEA-PER981,2,1499,2998,No Coupon,0.00,0.18,2998.00,539.64,UPI,Delivered,Mobile App,Sneha Kulkarni,Delhivery,4,5,1926.40,1071.60,0.3574,147.00,3684.64
IN250202108,20-Feb-2025,CUST64532,Ishaan Pillai,28,Thiruvananthapuram,Kerala,South,Grocery & Gourmet,Dry Fruits Pack,GRO-DRY461,1,1999,1999,No Coupon,0.00,0.18,1999.00,359.82,Credit Card,Returned,Website,Isha Gupta,Blue Dart,5,5,1362.20,636.80,0.3186,71.00,2429.82
IN250200732,21-Feb-2025,CUST11211,Swati Bansal,19,Kochi,Kerala,South,Books & Stationery,Exam Prep Book,BOO-EXA715,1,640,640,APPONLY,51.20,0.12,588.80,70.66,UPI,Shipped,Mobile App,Sneha Kulkarni,DTDC,4,,380.78,208.02,0.3533,69.00,728.46
IN250201787,21-Feb-2025,CUST98974,Reyansh Bansal,32,Patna,Bihar,East,Fashion,Handbag,FAS-HAN255,1,3699,3699,APPONLY,295.92,0.12,3403.08,408.37,UPI,Shipped,Mobile App,Pooja Reddy,Ecom Express,6,,2326.88,1076.20,0.3162,86.00,3897.45
IN250202139,21-Feb-2025,CUST71423,Komal Iyer,22,Lucknow,Uttar Pradesh,North,Sports & Fitness,Running Shoes,SPO-RUN277,2,4299,8598,WELCOME100,100.00,0.18,8498.00,1529.64,UPI,Delivered,Mobile App,Sneha Kulkarni,Shadowfax,2,5,5783.02,2714.98,0.3195,125.00,10152.64
IN250200344,22-Feb-2025,CUST87281,Rohan Pillai,35,Thiruvananthapuram,Kerala,South,Electronics,Bluetooth Speaker,ELE-BLU254,5,5299,26495,No Coupon,0.00,0.12,26495.00,3179.40,Credit Card,Shipped,Social Commerce,Isha Gupta,Xpressbees,5,,21494.38,5000.62,0.1887,173.00,29847.40
IN250201443,22-Feb-2025,CUST10381,Prachi Kadam,20,Noida,Uttar Pradesh,North,Mobiles & Accessories,Tempered Glass,MOB-TEM412,5,496,2480,PAYDAY15,372.00,0.18,2108.00,379.44,COD,Delivered,Website,Kavya Deshmukh,Shadowfax,3,3,1890.90,217.10,0.1030,144.00,2631.44
IN250201512,22-Feb-2025,CUST19784,Vivaan Yadav,24,Lucknow,Uttar Pradesh,North,Electronics,Wireless Mouse,ELE-WIR508,1,2299,2299,No Coupon,0.00,0.12,2299.00,275.88,UPI,Delivered,Website,Swati Mishra,DTDC,4,5,1733.16,565.84,0.2461,67.00,2641.88
IN250202037,22-Feb-2025,CUST15425,Aditya Gupta,18,Chennai,Tamil Nadu,South,Sports & Fitness,Running Shoes,SPO-RUN819,2,7299,14598,No Coupon,0.00,0.18,14598.00,2627.64,COD,Delivered,Mobile App,Karan Malhotra,DTDC,7,4,8862.23,5735.77,0.3929,128.00,17353.64
IN250202366,22-Feb-2025,CUST81855,Shruti Saxena,31,Kochi,Kerala,South,Grocery & Gourmet,Basmati Rice 5kg,GRO-BAS612,1,693,693,FREESHIP,0.00,0.05,693.00,34.65,UPI,Cancelled,Mobile App,Manish Iyer,Ecom Express,3,,457.51,235.49,0.3398,0.00,727.65
IN250200299,23-Feb-2025,CUST27746,Rajesh Gupta,34,Nagpur,Maharashtra,West,Fashion,Handbag,FAS-HAN955,2,2399,4798,DIWALI20,959.60,0.12,3838.40,460.61,COD,Delivered,Website,Kavya Deshmukh,Xpressbees,2,5,3154.32,684.08,0.1782,147.00,4446.01
IN250200906,23-Feb-2025,CUST99347,Rutuja Reddy,39,Mysuru,Karnataka,South,Home & Kitchen,Water Purifier,HOM-WAT649,1,13899,13899,DIWALI20,2779.80,0.12,11119.20,1334.30,UPI,Delivered,Website,Rohan Mehta,Shadowfax,2,5,9230.99,1888.21,0.1698,154.00,12607.50
IN250201015,23-Feb-2025,CUST20396,Omkar Das,51,Coimbatore,Tamil Nadu,South,Mobiles & Accessories,Smart Watch,MOB-SMA331,4,14399,57596,FESTIVE10,5759.60,0.18,51836.40,9330.55,COD,Delivered,Mobile App,Kavya Deshmukh,Xpressbees,3,3,43343.53,8492.87,0.1638,91.00,61257.95
IN250201734,23-Feb-2025,CUST47148,Komal Tiwari,19,Ahmedabad,Gujarat,West,Grocery & Gourmet,Spices Combo,GRO-SPI417,1,652,652,FESTIVE10,65.20,0.12,586.80,70.42,Debit Card,Delivered,Social Commerce,Nikhil Bansal,DTDC,2,5,490.79,96.01,0.1636,81.00,738.22
IN250201082,24-Feb-2025,CUST88542,Pranav More,35,Surat,Gujarat,West,Books & Stationery,Exam Prep Book,BOO-EXA850,2,276,552,WELCOME100,100.00,0.05,452.00,22.60,UPI,Shipped,Mobile App,Amit Sharma,India Post,2,,391.14,60.86,0.1346,117.00,591.60
IN250201527,24-Feb-2025,CUST26531,Rutuja Jadhav,39,Vadodara,Gujarat,West,Home & Kitchen,Air Fryer,HOM-AIR836,1,14899,14899,WELCOME100,100.00,0.18,14799.00,2663.82,UPI,Delivered,Mobile App,Karan Malhotra,Delhivery,1,4,9426.36,5372.64,0.3630,70.00,17532.82
IN250201600,24-Feb-2025,CUST34641,Neha Rathod,25,Bhopal,Madhya Pradesh,Central,Electronics,Keyboard,ELE-KEY628,1,2199,2199,PAYDAY15,329.85,0.18,1869.15,336.45,UPI,Delivered,Website,Deepak Yadav,Shadowfax,4,3,1757.78,111.37,0.0596,142.00,2347.60
IN250202170,24-Feb-2025,CUST64771,Akshay Iyer,57,Thiruvananthapuram,Kerala,South,Electronics,Bluetooth Speaker,ELE-BLU511,1,4599,4599,APPONLY,367.92,0.12,4231.08,507.73,Wallet,Delivered,Marketplace,Vikram Singh,Ecom Express,2,3,3467.74,763.34,0.1804,132.00,4870.81
IN250200374,25-Feb-2025,CUST98495,Aditya Iyer,19,Noida,Uttar Pradesh,North,Sports & Fitness,Running Shoes,SPO-RUN376,2,6799,13598,No Coupon,0.00,0.12,13598.00,1631.76,Wallet,Delivered,Mobile App,Sneha Kulkarni,Xpressbees,1,3,8510.36,5087.64,0.3741,66.00,15295.76
IN250201067,25-Feb-2025,CUST55796,Vivaan Mishra,23,Vadodara,Gujarat,West,Mobiles & Accessories,Power Bank,MOB-POW533,2,2699,5398,No Coupon,0.00,0.12,5398.00,647.76,Wallet,Delivered,Mobile App,Kavya Deshmukh,Delhivery,4,2,4145.01,1252.99,0.2321,66.00,6111.76
IN250201038,26-Feb-2025,CUST46502,Saanvi Shinde,54,Chennai,Tamil Nadu,South,Sports & Fitness,Fitness Band,SPO-FIT572,1,3499,3499,WELCOME100,100.00,0.18,3399.00,611.82,UPI,Delivered,Mobile App,Isha Gupta,Xpressbees,2,4,2695.70,703.30,0.2069,78.00,4088.82
IN250201427,26-Feb-2025,CUST75618,Diya Jadhav,27,Pune,Maharashtra,West,Home & Kitchen,Mixer Grinder,HOM-MIX792,3,1599,4797,No Coupon,0.00,0.18,4797.00,863.46,UPI,Delivered,Mobile App,Amit Sharma,Blue Dart,2,4,3381.30,1415.70,0.2951,75.00,5735.46
IN250201986,26-Feb-2025,CUST88525,Neha Chatterjee,25,Pune,Maharashtra,West,Mobiles & Accessories,Power Bank,MOB-POW506,2,714,1428,No Coupon,0.00,0.18,1428.00,257.04,UPI,Delivered,Website,Karan Malhotra,Xpressbees,3,5,1068.70,359.30,0.2516,140.00,1825.04
IN250202214,26-Feb-2025,CUST89004,Nisha Nair,43,Pune,Maharashtra,West,Mobiles & Accessories,Power Bank,MOB-POW438,2,1299,2598,PAYDAY15,389.70,0.12,2208.30,265.00,Credit Card,Returned,Social Commerce,Neha Patel,Blue Dart,6,5,2221.25,-12.95,-0.0059,116.00,2589.30
IN250202450,26-Feb-2025,CUST21568,Rudra Pillai,54,Ranchi,Jharkhand,East,Fashion,Sneakers,FAS-SNE936,1,3499,3499,APPONLY,279.92,0.12,3219.08,386.29,UPI,Shipped,Website,Rahul Verma,India Post,5,,2235.83,983.25,0.3054,129.00,3734.37
IN250200897,27-Feb-2025,CUST63722,Anika Dhawale,34,Nagpur,Maharashtra,West,Fashion,Women Kurti,FAS-WOM676,1,709,709,DIWALI20,141.80,0.18,567.20,102.10,Credit Card,Delivered,Website,Pooja Reddy,DTDC,3,3,474.92,92.28,0.1627,175.00,844.30
IN250202239,27-Feb-2025,CUST32131,Kavya Bhatia,58,Coimbatore,Tamil Nadu,South,Mobiles & Accessories,Bluetooth Earbuds,MOB-BLU520,1,7799,7799,WELCOME100,100.00,0.12,7699.00,923.88,UPI,Delivered,Website,Swati Mishra,Blue Dart,1,5,6209.89,1489.11,0.1934,149.00,8771.88
IN250200618,28-Feb-2025,CUST71132,Mansi Gaikwad,43,Coimbatore,Tamil Nadu,South,Grocery & Gourmet,Spices Combo,GRO-SPI468,1,572,572,No Coupon,0.00,0.05,572.00,28.60,UPI,Shipped,Website,Nikhil Bansal,Ecom Express,2,,346.70,225.30,0.3939,104.00,704.60
IN250201597,28-Feb-2025,CUST17330,Amit Nair,51,Kolkata,West Bengal,East,Grocery & Gourmet,Dry Fruits Pack,GRO-DRY614,1,1899,1899,No Coupon,0.00,0.12,1899.00,227.88,Credit Card,Delivered,Website,Karan Malhotra,Xpressbees,3,5,1456.27,442.73,0.2331,147.00,2273.88
IN250300110,01-Mar-2025,CUST89907,Aadhya Mehta,48,Vijayawada,Andhra Pradesh,South,Electronics,LED TV,ELE-LED258,1,79599,79599,NEWYEAR10,7959.90,0.18,71639.10,12895.04,Debit Card,Delivered,Mobile App,Nikhil Bansal,Blue Dart,3,4,63442.33,8196.77,0.1144,178.00,84712.14
IN250300440,01-Mar-2025,CUST87016,Mansi Tiwari,37,Vadodara,Gujarat,West,Home & Kitchen,Pressure Cooker,HOM-PRE307,1,983,983,PAYDAY15,147.45,0.12,835.55,100.27,UPI,Returned,Mobile App,Karan Malhotra,Blue Dart,3,5,685.46,150.09,0.1796,114.00,1049.82
IN250300823,02-Mar-2025,CUST85930,Aarav Deshmukh,31,Nagpur,Maharashtra,West,Books & Stationery,Pen Set,BOO-PEN855,1,136,136,No Coupon,0.00,0.05,136.00,6.80,UPI,Cancelled,Website,Neha Patel,DTDC,4,,102.99,33.01,0.2427,0.00,142.80
IN250301831,02-Mar-2025,CUST63912,Swati Saxena,26,Visakhapatnam,Andhra Pradesh,South,Fashion,Women Kurti,FAS-WOM365,1,1899,1899,No Coupon,0.00,0.12,1899.00,227.88,Debit Card,Delivered,Mobile App,Sagar Pawar,Ecom Express,6,5,1309.98,589.02,0.3102,159.00,2285.88
IN250300220,03-Mar-2025,CUST63356,Atharv Agarwal,32,Delhi,Delhi,North,Fashion,Men T-Shirt,FAS-MEN987,1,1999,1999,WELCOME100,100.00,0.18,1899.00,341.82,UPI,Returned,Marketplace,Kavya Deshmukh,Blue Dart,4,4,1210.16,688.84,0.3627,116.00,2356.82
IN250302344,03-Mar-2025,CUST87041,Krishna Shaikh,49,Mysuru,Karnataka,South,Fashion,Jeans,FAS-JEA749,1,2599,2599,No Coupon,0.00,0.12,2599.00,311.88,UPI,Delivered,Marketplace,Manish Iyer,Ecom Express,3,5,1574.44,1024.56,0.3942,102.00,3012.88
IN250301091,04-Mar-2025,CUST15753,Nisha Joshi,33,Mumbai,Maharashtra,West,Electronics,Wireless Mouse,ELE-WIR781,1,851,851,No Coupon,0.00,0.18,851.00,153.18,UPI,Delivered,Marketplace,Sagar Pawar,India Post,3,2,672.72,178.28,0.2095,126.00,1130.18
IN250301277,04-Mar-2025,CUST69328,Rahul Patel,56,Nagpur,Maharashtra,West,Grocery & Gourmet,Spices Combo,GRO-SPI540,2,246,492,PAYDAY15,73.80,0.05,418.20,20.91,Credit Card,Returned,Mobile App,Karan Malhotra,Xpressbees,4,2,319.28,98.92,0.2365,139.00,578.11
IN250302369,04-Mar-2025,CUST98614,Saanvi Tiwari,24,Pune,Maharashtra,West,Electronics,Tablet,ELE-TAB332,1,17499,17499,No Coupon,0.00,0.12,17499.00,2099.88,Wallet,Delivered,Marketplace,Sneha Kulkarni,Shadowfax,3,5,12992.26,4506.74,0.2575,106.00,19704.88
IN250302382,04-Mar-2025,CUST80837,Tanvi Patel,23,Ahmedabad,Gujarat,West,Books & Stationery,Exam Prep Book,BOO-EXA855,1,471,471,No Coupon,0.00,0.18,471.00,84.78,Credit Card,Shipped,Mobile App,Nikhil Bansal,Delhivery,6,,330.49,140.51,0.2983,122.00,677.78
IN250302460,04-Mar-2025,CUST65162,Swati Saxena,42,Chennai,Tamil Nadu,South,Mobiles & Accessories,Tempered Glass,MOB-TEM278,2,232,464,FREESHIP,0.00,0.12,464.00,55.68,UPI,Delivered,Marketplace,Pooja Reddy,Blue Dart,6,3,375.63,88.37,0.1905,62.00,581.68
IN250300837,05-Mar-2025,CUST14935,Suresh Mishra,50,Visakhapatnam,Andhra Pradesh,South,Home & Kitchen,Mixer Grinder,HOM-MIX157,1,2399,2399,No Coupon,0.00,0.18,2399.00,431.82,Debit Card,Delivered,Mobile App,Swati Mishra,Ecom Express,2,3,1764.22,634.78,0.2646,79.00,2909.82
IN250300581,06-Mar-2025,CUST54766,Priya Shaikh,45,Indore,Madhya Pradesh,Central,Beauty & Personal Care,Face Wash,BEA-FAC499,1,368,368,PAYDAY15,55.20,0.12,312.80,37.54,COD,Delivered,Website,Swati Mishra,India Post,3,5,265.05,47.75,0.1527,144.00,494.34
IN250300775,06-Mar-2025,CUST73915,Diya Shinde,40,Vadodara,Gujarat,West,Mobiles & Accessories,Smart Watch,MOB-SMA919,1,17599,17599,FESTIVE10,1759.90,0.12,15839.10,1900.69,UPI,Cancelled,Website,Swati Mishra,Ecom Express,4,,14305.97,1533.13,0.0968,0.00,17739.79
IN250301301,06-Mar-2025,CUST14324,Ishaan Deshmukh,22,Mumbai,Maharashtra,West,Fashion,Sneakers,FAS-SNE648,1,4999,4999,NEWYEAR10,499.90,0.12,4499.10,539.89,Wallet,Shipped,Mobile App,Isha Gupta,DTDC,3,,3160.58,1338.52,0.2975,86.00,5124.99
IN250302138,07-Mar-2025,CUST82467,Vikram Shinde,31,Thiruvananthapuram,Kerala,South,Fashion,Handbag,FAS-HAN712,2,4599,9198,No Coupon,0.00,0.18,9198.00,1655.64,Credit Card,Delivered,Social Commerce,Neha Patel,Shadowfax,4,5,6667.29,2530.71,0.2751,107.00,10960.64
IN250301206,08-Mar-2025,CUST80736,Kiara Yadav,47,Bhubaneswar,Odisha,East,Grocery & Gourmet,Basmati Rice 5kg,GRO-BAS955,1,863,863,APPONLY,69.04,0.05,793.96,39.70,UPI,Shipped,Social Commerce,Rohan Mehta,Shadowfax,4,,566.72,227.24,0.2862,161.00,994.66
IN250300060,09-Mar-2025,CUST86562,Pranav Iyer,30,Mysuru,Karnataka,South,Books & Stationery,Notebook Pack,BOO-NOT590,1,304,304,No Coupon,0.00,0.18,304.00,54.72,Wallet,Delivered,Website,Sneha Kulkarni,Blue Dart,4,5,186.67,117.33,0.3860,104.00,462.72
IN250300535,09-Mar-2025,CUST59029,Vikram Kumar,56,Pune,Maharashtra,West,Fashion,Sneakers,FAS-SNE195,1,1899,1899,FREESHIP,0.00,0.18,1899.00,341.82,Debit Card,Returned,Mobile App,Swati Mishra,Shadowfax,4,4,1363.03,535.97,0.2822,68.00,2308.82
IN250300819,09-Mar-2025,CUST86669,Meera Banerjee,52,Vadodara,Gujarat,West,Grocery & Gourmet,Spices Combo,GRO-SPI195,1,664,664,No Coupon,0.00,0.05,664.00,33.20,Debit Card,Delivered,Website,Swati Mishra,Blue Dart,3,5,475.31,188.69,0.2842,64.00,761.20
IN250301511,09-Mar-2025,CUST68587,Shruti Patel,30,Bhubaneswar,Odisha,East,Books & Stationery,Pen Set,BOO-PEN764,1,205,205,NEWYEAR10,20.50,0.18,184.50,33.21,Credit Card,Delivered,Website,Rohan Mehta,DTDC,5,4,122.59,61.91,0.3356,142.00,359.71
IN250301610,09-Mar-2025,CUST68165,Rajesh Yadav,36,Hyderabad,Telangana,South,Home & Kitchen,Water Purifier,HOM-WAT264,2,18699,37398,No Coupon,0.00,0.18,37398.00,6731.64,UPI,Delivered,Social Commerce,Swati Mishra,Xpressbees,4,5,24357.63,13040.37,0.3487,125.00,44254.64
IN250301729,09-Mar-2025,CUST99588,Aarav Kadam,19,Ahmedabad,Gujarat,West,Fashion,Saree,FAS-SAR529,2,3399,6798,FREESHIP,0.00,0.18,6798.00,1223.64,COD,Delivered,Social Commerce,Isha Gupta,Delhivery,3,4,4682.65,2115.35,0.3112,170.00,8191.64
IN250301065,10-Mar-2025,CUST39697,Vivaan Patel,50,Patna,Bihar,East,Fashion,Women Kurti,FAS-WOM292,2,1199,2398,No Coupon,0.00,0.12,2398.00,287.76,UPI,Delivered,Marketplace,Rohan Mehta,Delhivery,3,3,1594.60,803.40,0.3350,130.00,2815.76
IN250302072,10-Mar-2025,CUST73205,Ishaan Pillai,36,Nagpur,Maharashtra,West,Fashion,Sneakers,FAS-SNE119,1,3599,3599,DIWALI20,719.80,0.18,2879.20,518.26,Net Banking,Delivered,Website,Pooja Reddy,Blue Dart,5,5,2468.44,410.76,0.1427,167.00,3564.46
IN250302136,10-Mar-2025,CUST75123,Shaurya Tiwari,35,Bhubaneswar,Odisha,East,Grocery & Gourmet,Coffee Pack,GRO-COF112,1,678,678,No Coupon,0.00,0.05,678.00,33.90,Wallet,Delivered,Website,Priya Nair,Delhivery,6,3,491.30,186.70,0.2754,136.00,847.90
IN250300295,11-Mar-2025,CUST11812,Reyansh Tiwari,46,Mysuru,Karnataka,South,Mobiles & Accessories,Tempered Glass,MOB-TEM226,1,317,317,FREESHIP,0.00,0.18,317.00,57.06,Credit Card,Shipped,Website,Deepak Yadav,DTDC,3,,257.38,59.62,0.1881,70.00,444.06
IN250301083,11-Mar-2025,CUST89423,Ira Reddy,35,Visakhapatnam,Andhra Pradesh,South,Grocery & Gourmet,Tea Pack,GRO-TEA539,1,258,258,No Coupon,0.00,0.12,258.00,30.96,COD,Delivered,Marketplace,Neha Patel,Delhivery,2,5,196.91,61.09,0.2368,130.00,418.96
IN250301817,11-Mar-2025,CUST44545,Mansi Saxena,45,Nashik,Maharashtra,West,Mobiles & Accessories,Smart Watch,MOB-SMA635,1,1899,1899,No Coupon,0.00,0.18,1899.00,341.82,UPI,Delivered,Mobile App,Kavya Deshmukh,Delhivery,8,1,1514.22,384.78,0.2026,76.00,2316.82
IN250301883,11-Mar-2025,CUST42399,Riya Chatterjee,38,Kolkata,West Bengal,East,Fashion,Saree,FAS-SAR722,2,3099,6198,FESTIVE10,619.80,0.12,5578.20,669.38,Credit Card,Delivered,Mobile App,Swati Mishra,Shadowfax,4,5,3759.10,1819.10,0.3261,99.00,6346.58
IN250302279,11-Mar-2025,CUST89265,Vivaan Kapoor,54,Surat,Gujarat,West,Home & Kitchen,Air Fryer,HOM-AIR570,1,4899,4899,MEGADEAL,881.82,0.12,4017.18,482.06,UPI,Delivered,Mobile App,Manish Iyer,Delhivery,3,4,2948.98,1068.20,0.2659,81.00,4580.24
IN250301310,12-Mar-2025,CUST28012,Aarti Banerjee,58,Indore,Madhya Pradesh,Central,Mobiles & Accessories,Smartphone,MOB-SMA855,2,50799,101598,No Coupon,0.00,0.12,101598.00,12191.76,COD,Delivered,Website,Manish Iyer,Blue Dart,3,4,84690.63,16907.37,0.1664,132.00,113921.76
IN250300213,13-Mar-2025,CUST36883,Vihaan Saxena,21,Mumbai,Maharashtra,West,Fashion,Men T-Shirt,FAS-MEN516,1,901,901,No Coupon,0.00,0.12,901.00,108.12,Credit Card,Shipped,Mobile App,Karan Malhotra,DTDC,5,,664.77,236.23,0.2622,117.00,1126.12
IN250300426,13-Mar-2025,CUST88167,Arjun Kumar,34,Chennai,Tamil Nadu,South,Home & Kitchen,Mixer Grinder,HOM-MIX808,1,4299,4299,FREESHIP,0.00,0.12,4299.00,515.88,COD,Returned,Mobile App,Karan Malhotra,India Post,3,5,2538.14,1760.86,0.4096,130.00,4944.88
IN250300527,13-Mar-2025,CUST54305,Ishaan Kumar,42,Indore,Madhya Pradesh,Central,Mobiles & Accessories,Tempered Glass,MOB-TEM509,1,407,407,NEWYEAR10,40.70,0.18,366.30,65.93,Credit Card,Returned,Mobile App,Sagar Pawar,Blue Dart,5,4,297.85,68.45,0.1869,174.00,606.23
IN250302257,13-Mar-2025,CUST33018,Aditya Ansari,49,Patna,Bihar,East,Home & Kitchen,Bedsheet Set,HOM-BED745,5,944,4720,No Coupon,0.00,0.18,4720.00,849.60,UPI,Delivered,Website,Rahul Verma,Xpressbees,3,5,2938.60,1781.40,0.3774,172.00,5741.60
IN250301455,14-Mar-2025,CUST66556,Vikram Kapoor,22,Patna,Bihar,East,Sports & Fitness,Cricket Bat,SPO-CRI872,1,2599,2599,No Coupon,0.00,0.12,2599.00,311.88,Debit Card,Delivered,Mobile App,Sneha Kulkarni,Xpressbees,2,4,1903.02,695.98,0.2678,177.00,3087.88
IN250301671,14-Mar-2025,CUST10995,Aditya Kapoor,34,Thiruvananthapuram,Kerala,South,Home & Kitchen,Pressure Cooker,HOM-PRE847,1,1099,1099,No Coupon,0.00,0.18,1099.00,197.82,Credit Card,Delivered,Mobile App,Deepak Yadav,Xpressbees,5,5,752.05,346.95,0.3157,90.00,1386.82
IN250301727,14-Mar-2025,CUST98762,Prachi Kadam,45,Pune,Maharashtra,West,Fashion,Sneakers,FAS-SNE945,2,3799,7598,PAYDAY15,1139.70,0.12,6458.30,775.00,Wallet,Cancelled,Website,Priya Nair,Blue Dart,5,,4600.94,1857.36,0.2876,0.00,7233.30
IN250302031,14-Mar-2025,CUST87497,Shruti Gaikwad,37,Hyderabad,Telangana,South,Home & Kitchen,Air Fryer,HOM-AIR933,2,12799,25598,No Coupon,0.00,0.18,25598.00,4607.64,Credit Card,Delivered,Social Commerce,Sneha Kulkarni,Blue Dart,5,5,18811.31,6786.69,0.2651,109.00,30314.64
IN250302284,14-Mar-2025,CUST17960,Ira Banerjee,47,Mysuru,Karnataka,South,Mobiles & Accessories,Tempered Glass,MOB-TEM892,1,113,113,PAYDAY15,16.95,0.18,96.05,17.29,UPI,Delivered,Mobile App,Manish Iyer,DTDC,8,2,94.06,1.99,0.0207,66.00,179.34
IN250300248,15-Mar-2025,CUST52461,Janhavi Verma,27,Nashik,Maharashtra,West,Sports & Fitness,Running Shoes,SPO-RUN172,1,1499,1499,PAYDAY15,224.85,0.12,1274.15,152.90,Credit Card,Delivered,Mobile App,Pooja Reddy,Shadowfax,7,4,1119.22,154.93,0.1216,92.00,1519.05
IN250300259,15-Mar-2025,CUST42491,Nikhil Bansal,53,Lucknow,Uttar Pradesh,North,Fashion,Women Kurti,FAS-WOM635,2,787,1574,PAYDAY15,236.10,0.18,1337.90,240.82,UPI,Delivered,Mobile App,Kavya Deshmukh,Blue Dart,5,2,916.68,421.22,0.3148,180.00,1758.72
IN250301495,15-Mar-2025,CUST19459,Aditya Dhawale,43,Delhi,Delhi,North,Fashion,Handbag,FAS-HAN726,1,4599,4599,No Coupon,0.00,0.18,4599.00,827.82,Credit Card,Delivered,Website,Vikram Singh,Ecom Express,3,4,2754.29,1844.71,0.4011,118.00,5544.82
IN250302328,15-Mar-2025,CUST65901,Neha Jadhav,54,Pune,Maharashtra,West,Electronics,Tablet,ELE-TAB257,1,33599,33599,FREESHIP,0.00,0.12,33599.00,4031.88,Credit Card,Shipped,Mobile App,Karan Malhotra,DTDC,3,,24811.01,8787.99,0.2616,115.00,37745.88
IN250300054,16-Mar-2025,CUST73443,Saanvi Dhawale,30,Ludhiana,Punjab,North,Books & Stationery,Notebook Pack,BOO-NOT763,3,417,1251,No Coupon,0.00,0.05,1251.00,62.55,UPI,Delivered,Website,Manish Iyer,Ecom Express,3,4,767.75,483.25,0.3863,120.00,1433.55
IN250300421,16-Mar-2025,CUST20495,Vivaan Agarwal,57,Vijayawada,Andhra Pradesh,South,Beauty & Personal Care,Skin Cream,BEA-SKI511,4,352,1408,No Coupon,0.00,0.12,1408.00,168.96,UPI,Delivered,Website,Pooja Reddy,Shadowfax,2,4,962.58,445.42,0.3163,106.00,1682.96
IN250300582,16-Mar-2025,CUST82203,Sakshi Singh,22,Hyderabad,Telangana,South,Home & Kitchen,Pressure Cooker,HOM-PRE183,5,1599,7995,FREESHIP,0.00,0.12,7995.00,959.40,Credit Card,Delivered,Mobile App,Kavya Deshmukh,DTDC,3,5,4985.94,3009.06,0.3764,172.00,9126.40
IN250301955,16-Mar-2025,CUST17122,Arjun Mehta,31,Ludhiana,Punjab,North,Books & Stationery,Notebook Pack,BOO-NOT549,1,284,284,FESTIVE10,28.40,0.18,255.60,46.01,Debit Card,Delivered,Website,Anjali Joshi,Delhivery,1,5,218.11,37.49,0.1467,125.00,426.61
IN250300241,17-Mar-2025,CUST70058,Priya Shaikh,20,Noida,Uttar Pradesh,North,Fashion,Women Kurti,FAS-WOM491,1,666,666,No Coupon,0.00,0.18,666.00,119.88,Net Banking,Delivered,Mobile App,Manish Iyer,Blue Dart,2,4,462.86,203.14,0.3050,164.00,949.88
IN250300945,17-Mar-2025,CUST70092,Pooja Chauhan,20,Noida,Uttar Pradesh,North,Books & Stationery,Office Diary,BOO-OFF647,1,288,288,PAYDAY15,43.20,0.05,244.80,12.24,Debit Card,Cancelled,Marketplace,Anjali Joshi,Shadowfax,3,,210.09,34.71,0.1418,0.00,257.04
IN250302431,17-Mar-2025,CUST58868,Yash More,55,Gurugram,Haryana,North,Mobiles & Accessories,Smart Watch,MOB-SMA207,1,12099,12099,No Coupon,0.00,0.12,12099.00,1451.88,UPI,Delivered,Marketplace,Nikhil Bansal,Xpressbees,5,4,9721.77,2377.23,0.1965,177.00,13727.88
IN250300473,18-Mar-2025,CUST19204,Sagar Rathod,23,Kolkata,West Bengal,East,Books & Stationery,Notebook Pack,BOO-NOT854,1,180,180,No Coupon,0.00,0.05,180.00,9.00,UPI,Delivered,Mobile App,Sneha Kulkarni,Delhivery,1,4,126.14,53.86,0.2992,160.00,349.00
IN250302184,19-Mar-2025,CUST95541,Rohan Dhawale,18,Ludhiana,Punjab,North,Home & Kitchen,Cookware Set,HOM-COO537,1,5099,5099,WELCOME100,100.00,0.18,4999.00,899.82,COD,Returned,Mobile App,Anjali Joshi,Ecom Express,4,4,3386.36,1612.64,0.3226,114.00,6012.82
IN250301681,20-Mar-2025,CUST95608,Nisha Shinde,36,Ahmedabad,Gujarat,West,Grocery & Gourmet,Coffee Pack,GRO-COF392,3,790,2370,No Coupon,0.00,0.05,2370.00,118.50,Net Banking,Delivered,Website,Rohan Mehta,Shadowfax,4,4,1583.41,786.59,0.3319,84.00,2572.50
IN250300994,21-Mar-2025,CUST83946,Sagar Gupta,40,Ludhiana,Punjab,North,Home & Kitchen,Water Purifier,HOM-WAT710,3,17199,51597,PAYDAY15,7739.55,0.18,43857.45,7894.34,UPI,Delivered,Mobile App,Rahul Verma,Ecom Express,3,3,36787.39,7070.06,0.1612,145.00,51896.79
IN250301096,21-Mar-2025,CUST14182,Kiara Nair,22,Nashik,Maharashtra,West,Grocery & Gourmet,Coffee Pack,GRO-COF707,1,552,552,No Coupon,0.00,0.05,552.00,27.60,COD,Cancelled,Marketplace,Pooja Reddy,Shadowfax,4,,336.86,215.14,0.3897,0.00,579.60
IN250301930,21-Mar-2025,CUST10678,Janhavi Singh,22,Lucknow,Uttar Pradesh,North,Electronics,Laptop,ELE-LAP421,1,46899,46899,No Coupon,0.00,0.18,46899.00,8441.82,UPI,Delivered,Mobile App,Neha Patel,DTDC,5,5,34309.96,12589.04,0.2684,117.00,55457.82
IN250301932,22-Mar-2025,CUST34650,Shaurya Deshmukh,38,Hyderabad,Telangana,South,Home & Kitchen,Air Fryer,HOM-AIR252,1,11499,11499,DIWALI20,2299.80,0.18,9199.20,1655.86,UPI,Delivered,Mobile App,Anjali Joshi,India Post,4,4,7013.18,2186.02,0.2376,79.00,10934.06
IN250302090,22-Mar-2025,CUST95624,Anika Sharma,44,Bhopal,Madhya Pradesh,Central,Electronics,Keyboard,ELE-KEY185,1,3399,3399,No Coupon,0.00,0.18,3399.00,611.82,UPI,Cancelled,Website,Isha Gupta,Blue Dart,4,,2570.10,828.90,0.2439,0.00,4010.82
IN250302217,22-Mar-2025,CUST79999,Atharv Malhotra,23,Nagpur,Maharashtra,West,Fashion,Men T-Shirt,FAS-MEN612,1,697,697,No Coupon,0.00,0.12,697.00,83.64,COD,Delivered,Website,Deepak Yadav,Blue Dart,4,4,519.05,177.95,0.2553,128.00,908.64
IN250300614,24-Mar-2025,CUST59899,Akshay Khan,50,Bhopal,Madhya Pradesh,Central,Grocery & Gourmet,Dry Fruits Pack,GRO-DRY193,2,1599,3198,No Coupon,0.00,0.05,3198.00,159.90,Net Banking,Delivered,Website,Swati Mishra,Ecom Express,5,4,2470.23,727.77,0.2276,165.00,3522.90
IN250301533,24-Mar-2025,CUST53130,Shruti Verma,56,Visakhapatnam,Andhra Pradesh,South,Sports & Fitness,Yoga Mat,SPO-YOG954,1,1599,1599,FREESHIP,0.00,0.12,1599.00,191.88,Debit Card,Cancelled,Mobile App,Swati Mishra,India Post,6,,1101.65,497.35,0.3110,0.00,1790.88
IN250301637,24-Mar-2025,CUST55386,Harsh Rathod,38,Vadodara,Gujarat,West,Beauty & Personal Care,Face Wash,BEA-FAC530,1,153,153,FREESHIP,0.00,0.18,153.00,27.54,UPI,Delivered,Mobile App,Rahul Verma,Shadowfax,2,4,92.31,60.69,0.3967,62.00,242.54
IN250301976,24-Mar-2025,CUST20809,Nikhil Bansal,36,Bhubaneswar,Odisha,East,Electronics,Laptop,ELE-LAP919,1,126999,126999,No Coupon,0.00,0.18,126999.00,22859.82,UPI,Delivered,Mobile App,Deepak Yadav,Delhivery,7,5,93088.38,33910.62,0.2670,81.00,149939.82
IN250302000,24-Mar-2025,CUST90401,Riya Pillai,33,Ranchi,Jharkhand,East,Home & Kitchen,Bedsheet Set,HOM-BED403,2,1699,3398,PAYDAY15,509.70,0.18,2888.30,519.89,UPI,Delivered,Website,Kavya Deshmukh,Blue Dart,3,5,2132.07,756.23,0.2618,116.00,3524.19
IN250302468,24-Mar-2025,CUST47993,Omkar Nair,52,Ranchi,Jharkhand,East,Fashion,Saree,FAS-SAR232,2,6199,12398,No Coupon,0.00,0.12,12398.00,1487.76,UPI,Delivered,Mobile App,Pooja Reddy,India Post,3,3,8984.28,3413.72,0.2753,65.00,13950.76
IN250300386,25-Mar-2025,CUST96618,Kiara Malhotra,38,Ranchi,Jharkhand,East,Mobiles & Accessories,Phone Cover,MOB-PHO231,1,531,531,PAYDAY15,79.65,0.12,451.35,54.16,Credit Card,Delivered,Marketplace,Neha Patel,Ecom Express,3,5,430.52,20.83,0.0462,102.00,607.51
IN250301290,25-Mar-2025,CUST89111,Aadhya Shaikh,31,Noida,Uttar Pradesh,North,Beauty & Personal Care,Trimmer,BEA-TRI569,1,1199,1199,No Coupon,0.00,0.18,1199.00,215.82,UPI,Shipped,Mobile App,Pooja Reddy,DTDC,5,,741.72,457.28,0.3814,111.00,1525.82
IN250300019,26-Mar-2025,CUST38075,Shaurya Nair,22,Hyderabad,Telangana,South,Grocery & Gourmet,Cold Pressed Oil,GRO-COL234,1,806,806,No Coupon,0.00,0.18,806.00,145.08,UPI,Delivered,Website,Vikram Singh,India Post,1,3,486.68,319.32,0.3962,97.00,1048.08
IN250300149,26-Mar-2025,CUST41930,Janhavi Singh,26,Kochi,Kerala,South,Books & Stationery,Kids Story Book,BOO-KID779,2,149,298,No Coupon,0.00,0.18,298.00,53.64,Wallet,Delivered,Mobile App,Rohan Mehta,Ecom Express,3,5,221.28,76.72,0.2574,136.00,487.64
IN250300263,26-Mar-2025,CUST89616,Janhavi Shinde,46,Vadodara,Gujarat,West,Mobiles & Accessories,Smartphone,MOB-SMA392,1,52499,52499,No Coupon,0.00,0.18,52499.00,9449.82,COD,Returned,Website,Sneha Kulkarni,Shadowfax,4,3,43895.06,8603.94,0.1639,138.00,62086.82
IN250300625,26-Mar-2025,CUST65210,Nikhil Sharma,55,Nashik,Maharashtra,West,Books & Stationery,Pen Set,BOO-PEN734,4,282,1128,No Coupon,0.00,0.05,1128.00,56.40,COD,Delivered,Mobile App,Deepak Yadav,India Post,6,3,859.20,268.80,0.2383,113.00,1297.40
IN250301520,26-Mar-2025,CUST62616,Harsh Agarwal,45,Coimbatore,Tamil Nadu,South,Books & Stationery,Pen Set,BOO-PEN474,1,233,233,WELCOME100,46.60,0.12,186.40,22.37,COD,Delivered,Website,Kavya Deshmukh,India Post,4,5,155.71,30.69,0.1646,154.00,362.77
IN250302435,27-Mar-2025,CUST42560,Rahul Agarwal,19,Vadodara,Gujarat,West,Grocery & Gourmet,Basmati Rice 5kg,GRO-BAS129,1,553,553,WELCOME100,100.00,0.12,453.00,54.36,Net Banking,Delivered,Marketplace,Neha Patel,Shadowfax,3,5,367.72,85.28,0.1883,99.00,606.36
IN250300271,28-Mar-2025,CUST48132,Aarti Kulkarni,57,Chennai,Tamil Nadu,South,Home & Kitchen,Water Purifier,HOM-WAT749,4,15799,63196,PAYDAY15,9479.40,0.12,53716.60,6445.99,Debit Card,Delivered,Website,Kavya Deshmukh,India Post,3,3,38172.49,15544.11,0.2894,94.00,60256.59
IN250300522,28-Mar-2025,CUST75410,Karan Kadam,41,Mumbai,Maharashtra,West,Sports & Fitness,Fitness Band,SPO-FIT562,5,7699,38495,FREESHIP,0.00,0.12,38495.00,4619.40,Credit Card,Delivered,Website,Rohan Mehta,Ecom Express,6,5,25230.46,13264.54,0.3446,125.00,43239.40
IN250302154,28-Mar-2025,CUST59448,Kabir Shaikh,54,Bhubaneswar,Odisha,East,Beauty & Personal Care,Hair Oil,BEA-HAI642,2,115,230,No Coupon,0.00,0.18,230.00,41.40,Debit Card,Delivered,Mobile App,Vikram Singh,Xpressbees,5,5,168.49,61.51,0.2674,138.00,409.40
IN250300020,29-Mar-2025,CUST40658,Myra Jadhav,39,Lucknow,Uttar Pradesh,North,Mobiles & Accessories,Smartphone,MOB-SMA902,4,50299,201196,APPONLY,16095.68,0.18,185100.32,33318.06,Credit Card,Delivered,Mobile App,Nikhil Bansal,Shadowfax,4,2,145166.08,39934.24,0.2157,76.00,218494.38
IN250300632,29-Mar-2025,CUST20259,Siddharth Mehta,48,Guwahati,Assam,North East,Mobiles & Accessories,Power Bank,MOB-POW806,2,3699,7398,No Coupon,0.00,0.12,7398.00,887.76,Credit Card,Delivered,Mobile App,Rohan Mehta,Ecom Express,4,5,5725.81,1672.19,0.2260,76.00,8361.76
IN250301204,29-Mar-2025,CUST56517,Yash Joshi,52,Ludhiana,Punjab,North,Fashion,Men T-Shirt,FAS-MEN459,4,1199,4796,No Coupon,0.00,0.18,4796.00,863.28,UPI,Delivered,Social Commerce,Anjali Joshi,Ecom Express,2,4,3289.70,1506.30,0.3141,105.00,5764.28
IN250301340,29-Mar-2025,CUST47877,Anika Agarwal,50,Delhi,Delhi,North,Home & Kitchen,Air Fryer,HOM-AIR524,1,8199,8199,No Coupon,0.00,0.12,8199.00,983.88,UPI,Delivered,Website,Isha Gupta,Shadowfax,4,4,6108.62,2090.38,0.2550,134.00,9316.88
IN250302134,29-Mar-2025,CUST90612,Meera Singh,38,Indore,Madhya Pradesh,Central,Beauty & Personal Care,Trimmer,BEA-TRI846,1,2599,2599,No Coupon,0.00,0.18,2599.00,467.82,UPI,Delivered,Mobile App,Kavya Deshmukh,Delhivery,1,5,1847.70,751.30,0.2891,88.00,3154.82
IN250301042,30-Mar-2025,CUST58331,Mansi Gupta,31,Bhopal,Madhya Pradesh,Central,Home & Kitchen,Cookware Set,HOM-COO713,1,3799,3799,FESTIVE10,379.90,0.18,3419.10,615.44,UPI,Delivered,Website,Nikhil Bansal,Xpressbees,3,5,2839.39,579.71,0.1696,114.00,4148.54
IN250301281,30-Mar-2025,CUST43834,Deepak Bansal,26,Bengaluru,Karnataka,South,Fashion,Handbag,FAS-HAN546,1,3499,3499,APPONLY,279.92,0.12,3219.08,386.29,UPI,Delivered,Website,Swati Mishra,India Post,2,5,2031.92,1187.16,0.3688,145.00,3750.37
IN250300373,31-Mar-2025,CUST13369,Nisha Mishra,49,Kochi,Kerala,South,Books & Stationery,Pen Set,BOO-PEN157,1,273,273,FESTIVE10,27.30,0.18,245.70,44.23,COD,Delivered,Mobile App,Rahul Verma,Delhivery,3,5,203.16,42.54,0.1731,80.00,369.93
IN250301506,31-Mar-2025,CUST26747,Myra Patel,45,Hyderabad,Telangana,South,Grocery & Gourmet,Dry Fruits Pack,GRO-DRY204,3,443,1329,No Coupon,0.00,0.12,1329.00,159.48,UPI,Delivered,Mobile App,Rahul Verma,Blue Dart,3,4,835.13,493.87,0.3716,145.00,1633.48
IN250302097,31-Mar-2025,CUST50038,Suresh Mehta,55,Thiruvananthapuram,Kerala,South,Fashion,Sneakers,FAS-SNE133,1,3199,3199,No Coupon,0.00,0.18,3199.00,575.82,UPI,Delivered,Mobile App,Deepak Yadav,Xpressbees,1,1,2034.24,1164.76,0.3641,173.00,3947.82
IN250402095,01-Apr-2025,CUST96952,Myra Dhawale,53,Nashik,Maharashtra,West,Books & Stationery,Exam Prep Book,BOO-EXA127,2,996,1992,No Coupon,0.00,0.18,1992.00,358.56,UPI,Delivered,Marketplace,Kavya Deshmukh,Ecom Express,2,5,1272.04,719.96,0.3614,178.00,2528.56
IN250400232,02-Apr-2025,CUST47969,Kabir Ghosh,52,Bengaluru,Karnataka,South,Mobiles & Accessories,Phone Cover,MOB-PHO414,1,886,886,DIWALI20,177.20,0.18,708.80,127.58,UPI,Delivered,Social Commerce,Karan Malhotra,India Post,4,4,698.14,10.66,0.0150,85.00,921.38
IN250400236,02-Apr-2025,CUST80611,Swati Bansal,38,Bhubaneswar,Odisha,East,Mobiles & Accessories,Smartphone,MOB-SMA109,1,33899,33899,WELCOME100,100.00,0.12,33799.00,4055.88,Net Banking,Delivered,Social Commerce,Sneha Kulkarni,DTDC,3,3,26869.28,6929.72,0.2050,99.00,37953.88
IN250400918,02-Apr-2025,CUST23890,Rudra Nair,40,Kochi,Kerala,South,Sports & Fitness,Dumbbell Set,SPO-DUM736,1,816,816,No Coupon,0.00,0.12,816.00,97.92,Credit Card,Delivered,Website,Priya Nair,India Post,3,4,622.55,193.45,0.2371,69.00,982.92
IN250401392,02-Apr-2025,CUST41423,Atharv Saxena,57,Bengaluru,Karnataka,South,Home & Kitchen,Air Fryer,HOM-AIR476,1,7999,7999,FREESHIP,0.00,0.12,7999.00,959.88,Debit Card,Delivered,Social Commerce,Tanvi Jadhav,Blue Dart,5,4,5152.51,2846.49,0.3559,116.00,9074.88
IN250400540,03-Apr-2025,CUST92647,Amit Kadam,46,Kolkata,West Bengal,East,Books & Stationery,Notebook Pack,BOO-NOT258,3,385,1155,No Coupon,0.00,0.05,1155.00,57.75,Wallet,Delivered,Mobile App,Isha Gupta,DTDC,3,4,823.29,331.71,0.2872,132.00,1344.75
IN250400891,03-Apr-2025,CUST18138,Meera Deshmukh,45,Ranchi,Jharkhand,East,Beauty & Personal Care,Shampoo,BEA-SHA284,1,816,816,APPONLY,65.28,0.12,750.72,90.09,UPI,Shipped,Mobile App,Swati Mishra,Shadowfax,6,,481.73,268.99,0.3583,169.00,1009.81
IN250400984,03-Apr-2025,CUST26090,Vivaan More,30,Ranchi,Jharkhand,East,Fashion,Men T-Shirt,FAS-MEN167,1,1499,1499,FESTIVE10,149.90,0.12,1349.10,161.89,UPI,Delivered,Website,Manish Iyer,Ecom Express,3,5,1131.91,217.19,0.1610,129.00,1639.99
IN250401226,03-Apr-2025,CUST14342,Aarti Malhotra,28,Hyderabad,Telangana,South,Sports & Fitness,Dumbbell Set,SPO-DUM323,2,817,1634,No Coupon,0.00,0.18,1634.00,294.12,COD,Delivered,Social Commerce,Rohan Mehta,Delhivery,3,4,1026.40,607.60,0.3718,81.00,2009.12
IN250402084,03-Apr-2025,CUST70250,Ayaan Pawar,22,Chennai,Tamil Nadu,South,Electronics,Tablet,ELE-TAB129,3,35399,106197,APPONLY,8495.76,0.12,97701.24,11724.15,UPI,Delivered,Website,Swati Mishra,Delhivery,4,4,83560.31,14140.93,0.1447,117.00,109542.39
IN250400094,04-Apr-2025,CUST84632,Pranav Ansari,48,Ludhiana,Punjab,North,Fashion,Men T-Shirt,FAS-MEN146,1,468,468,NEWYEAR10,46.80,0.12,421.20,50.54,Credit Card,Delivered,Mobile App,Deepak Yadav,Ecom Express,2,3,321.50,99.70,0.2367,163.00,634.74
IN250400306,04-Apr-2025,CUST42059,Ira Bansal,22,Patna,Bihar,East,Home & Kitchen,Cookware Set,HOM-COO214,2,6799,13598,DIWALI20,2719.60,0.18,10878.40,1958.11,Net Banking,Delivered,Mobile App,Isha Gupta,Shadowfax,3,4,8161.17,2717.23,0.2498,130.00,12966.51
IN250401278,04-Apr-2025,CUST45535,Diya Banerjee,56,Nagpur,Maharashtra,West,Fashion,Handbag,FAS-HAN135,4,999,3996,MEGADEAL,719.28,0.18,3276.72,589.81,UPI,Cancelled,Mobile App,Sagar Pawar,DTDC,4,,2353.14,923.58,0.2819,0.00,3866.53
IN250401701,04-Apr-2025,CUST16470,Karan Khan,20,Noida,Uttar Pradesh,North,Mobiles & Accessories,Phone Cover,MOB-PHO207,1,311,311,MEGADEAL,55.98,0.18,255.02,45.90,UPI,Delivered,Mobile App,Sneha Kulkarni,Xpressbees,3,1,261.22,-6.20,-0.0243,155.00,455.92
IN250400405,05-Apr-2025,CUST67108,Rutuja Pillai,51,Bengaluru,Karnataka,South,Sports & Fitness,Yoga Mat,SPO-YOG376,5,993,4965,DIWALI20,993.00,0.18,3972.00,714.96,Net Banking,Delivered,Mobile App,Deepak Yadav,India Post,2,4,3373.54,598.46,0.1507,142.00,4828.96
IN250401598,05-Apr-2025,CUST42610,Janhavi Kumar,19,Delhi,Delhi,North,Grocery & Gourmet,Spices Combo,GRO-SPI882,1,527,527,No Coupon,0.00,0.12,527.00,63.24,UPI,Delivered,Mobile App,Manish Iyer,India Post,4,4,362.03,164.97,0.3130,86.00,676.24
IN250401690,05-Apr-2025,CUST20391,Reyansh Bhatia,35,Bhopal,Madhya Pradesh,Central,Fashion,Jeans,FAS-JEA531,1,2699,2699,NEWYEAR10,269.90,0.18,2429.10,437.24,Debit Card,Delivered,Mobile App,Sagar Pawar,DTDC,4,5,1715.56,713.54,0.2937,96.00,2962.34
IN250400316,06-Apr-2025,CUST12074,Rutuja Kadam,30,Thiruvananthapuram,Kerala,South,Grocery & Gourmet,Cold Pressed Oil,GRO-COL240,1,386,386,No Coupon,0.00,0.18,386.00,69.48,Credit Card,Delivered,Mobile App,Manish Iyer,Xpressbees,1,5,257.78,128.22,0.3322,169.00,624.48
IN250401059,06-Apr-2025,CUST38037,Shruti Mehta,29,Ludhiana,Punjab,North,Grocery & Gourmet,Tea Pack,GRO-TEA147,1,453,453,No Coupon,0.00,0.18,453.00,81.54,Debit Card,Delivered,Marketplace,Tanvi Jadhav,DTDC,3,5,281.94,171.06,0.3776,123.00,657.54
IN250400251,08-Apr-2025,CUST60849,Priya Dhawale,46,Mumbai,Maharashtra,West,Beauty & Personal Care,Perfume,BEA-PER495,1,393,393,PAYDAY15,58.95,0.18,334.05,60.13,UPI,Delivered,Mobile App,Sneha Kulkarni,Ecom Express,7,5,257.41,76.64,0.2294,151.00,545.18
IN250400210,09-Apr-2025,CUST13673,Aadhya Agarwal,20,Vadodara,Gujarat,West,Books & Stationery,Exam Prep Book,BOO-EXA367,2,964,1928,No Coupon,0.00,0.18,1928.00,347.04,UPI,Delivered,Website,Swati Mishra,DTDC,1,5,1485.33,442.67,0.2296,156.00,2431.04
IN250400639,09-Apr-2025,CUST20397,Kabir Mishra,45,Indore,Madhya Pradesh,Central,Beauty & Personal Care,Hair Oil,BEA-HAI405,2,462,924,No Coupon,0.00,0.12,924.00,110.88,Wallet,Delivered,Website,Sneha Kulkarni,Shadowfax,2,5,537.07,386.93,0.4188,102.00,1136.88
IN250400101,10-Apr-2025,CUST46402,Mansi Joshi,44,Nashik,Maharashtra,West,Books & Stationery,Exam Prep Book,BOO-EXA249,1,244,244,PAYDAY15,36.60,0.05,207.40,10.37,UPI,Delivered,Website,Amit Sharma,Ecom Express,4,2,181.54,25.86,0.1247,76.00,293.77
IN250400494,10-Apr-2025,CUST61077,Sagar Verma,51,Patna,Bihar,East,Home & Kitchen,Bedsheet Set,HOM-BED798,1,1399,1399,No Coupon,0.00,0.18,1399.00,251.82,Credit Card,Delivered,Marketplace,Deepak Yadav,Xpressbees,3,5,953.57,445.43,0.3184,147.00,1797.82
IN250400721,10-Apr-2025,CUST40870,Vikram Nair,32,Visakhapatnam,Andhra Pradesh,South,Electronics,Tablet,ELE-TAB149,1,25599,25599,FESTIVE10,2559.90,0.18,23039.10,4147.04,Wallet,Delivered,Website,Priya Nair,Delhivery,2,2,19234.91,3804.19,0.1651,151.00,27337.14
IN250401603,10-Apr-2025,CUST96563,Yash Ghosh,31,Lucknow,Uttar Pradesh,North,Fashion,Handbag,FAS-HAN693,1,1399,1399,MEGADEAL,251.82,0.18,1147.18,206.49,COD,Delivered,Website,Neha Patel,Ecom Express,4,4,1016.44,130.74,0.1140,146.00,1499.67
IN250402073,10-Apr-2025,CUST51867,Aadhya Patel,18,Coimbatore,Tamil Nadu,South,Beauty & Personal Care,Trimmer,BEA-TRI226,1,2299,2299,WELCOME100,100.00,0.12,2199.00,263.88,UPI,Delivered,Website,Amit Sharma,Xpressbees,3,5,1530.17,668.83,0.3042,131.00,2593.88
IN250402234,10-Apr-2025,CUST43250,Kabir More,22,Kochi,Kerala,South,Beauty & Personal Care,Trimmer,BEA-TRI404,1,2999,2999,No Coupon,0.00,0.18,2999.00,539.82,COD,Shipped,Mobile App,Anjali Joshi,Shadowfax,2,,2119.68,879.32,0.2932,100.00,3638.82
IN250401106,11-Apr-2025,CUST81552,Meera Pawar,24,Pune,Maharashtra,West,Books & Stationery,Pen Set,BOO-PEN934,4,195,780,DIWALI20,156.00,0.18,624.00,112.32,Debit Card,Delivered,Mobile App,Tanvi Jadhav,Blue Dart,5,4,473.20,150.80,0.2417,178.00,914.32
IN250402036,11-Apr-2025,CUST23177,Ayaan Shaikh,47,Lucknow,Uttar Pradesh,North,Fashion,Sneakers,FAS-SNE662,2,5699,11398,WELCOME100,100.00,0.18,11298.00,2033.64,UPI,Delivered,Mobile App,Priya Nair,Ecom Express,8,4,8401.23,2896.77,0.2564,178.00,13509.64
IN250402201,11-Apr-2025,CUST38916,Neha Patel,21,Gurugram,Haryana,North,Fashion,Sneakers,FAS-SNE517,3,1799,5397,FESTIVE10,539.70,0.12,4857.30,582.88,UPI,Cancelled,Mobile App,Amit Sharma,Blue Dart,5,,3682.91,1174.39,0.2418,0.00,5440.18
IN250400290,13-Apr-2025,CUST89553,Rohan Jadhav,31,Nagpur,Maharashtra,West,Fashion,Sneakers,FAS-SNE249,4,3199,12796,WELCOME100,100.00,0.18,12696.00,2285.28,Credit Card,Delivered,Marketplace,Sagar Pawar,Delhivery,3,5,9143.29,3552.71,0.2798,124.00,15105.28
IN250400325,13-Apr-2025,CUST17433,Aarav Kadam,26,Patna,Bihar,East,Electronics,Tablet,ELE-TAB562,2,54299,108598,No Coupon,0.00,0.12,108598.00,13031.76,UPI,Delivered,Mobile App,Sagar Pawar,Delhivery,2,5,80689.82,27908.18,0.2570,146.00,121775.76
IN250400358,13-Apr-2025,CUST94968,Deepak Nair,40,Visakhapatnam,Andhra Pradesh,South,Electronics,LED TV,ELE-LED258,3,32499,97497,FESTIVE10,9749.70,0.12,87747.30,10529.68,Debit Card,Delivered,Mobile App,Priya Nair,DTDC,2,5,71934.96,15812.34,0.1802,115.00,98391.98
IN250400392,13-Apr-2025,CUST65462,Krishna Sharma,39,Coimbatore,Tamil Nadu,South,Mobiles & Accessories,Phone Cover,MOB-PHO726,3,985,2955,PAYDAY15,443.25,0.18,2511.75,452.12,COD,Delivered,Social Commerce,Manish Iyer,Delhivery,2,5,2388.47,123.28,0.0491,92.00,3055.87
IN250400482,13-Apr-2025,CUST78186,Ira Khan,19,Mysuru,Karnataka,South,Sports & Fitness,Running Shoes,SPO-RUN852,1,6899,6899,No Coupon,0.00,0.12,6899.00,827.88,Net Banking,Delivered,Mobile App,Sagar Pawar,Blue Dart,3,5,4809.32,2089.68,0.3029,171.00,7897.88
IN250401093,13-Apr-2025,CUST92849,Riya Tiwari,22,Coimbatore,Tamil Nadu,South,Grocery & Gourmet,Spices Combo,GRO-SPI101,4,452,1808,No Coupon,0.00,0.05,1808.00,90.40,Credit Card,Cancelled,Mobile App,Vikram Singh,India Post,4,,1372.75,435.25,0.2407,0.00,1898.40
IN250402398,13-Apr-2025,CUST84720,Myra Saxena,25,Lucknow,Uttar Pradesh,North,Mobiles & Accessories,Phone Cover,MOB-PHO880,1,938,938,WELCOME100,100.00,0.18,838.00,150.84,Wallet,Delivered,Website,Manish Iyer,Shadowfax,2,4,714.31,123.69,0.1476,64.00,1052.84
IN250400304,14-Apr-2025,CUST74645,Rahul Khan,48,Mumbai,Maharashtra,West,Grocery & Gourmet,Coffee Pack,GRO-COF553,1,553,553,FESTIVE10,55.30,0.05,497.70,24.89,UPI,Returned,Website,Nikhil Bansal,DTDC,4,5,409.18,88.52,0.1779,89.00,611.59
IN250401158,14-Apr-2025,CUST47417,Kabir Chauhan,25,Bengaluru,Karnataka,South,Beauty & Personal Care,Trimmer,BEA-TRI251,2,1799,3598,No Coupon,0.00,0.18,3598.00,647.64,COD,Shipped,Website,Karan Malhotra,Delhivery,3,,2465.69,1132.31,0.3147,144.00,4389.64
IN250401471,14-Apr-2025,CUST23018,Omkar Chauhan,36,Ludhiana,Punjab,North,Electronics,LED TV,ELE-LED173,2,62499,124998,No Coupon,0.00,0.12,124998.00,14999.76,UPI,Delivered,Mobile App,Isha Gupta,DTDC,3,5,95691.28,29306.72,0.2345,66.00,140063.76
IN250401596,14-Apr-2025,CUST24685,Isha Bansal,29,Chandigarh,Chandigarh,North,Grocery & Gourmet,Basmati Rice 5kg,GRO-BAS689,1,768,768,NEWYEAR10,76.80,0.05,691.20,34.56,COD,Cancelled,Website,Manish Iyer,DTDC,4,,475.10,216.10,0.3126,0.00,725.76
IN250402125,14-Apr-2025,CUST80336,Atharv Bhatia,50,Vadodara,Gujarat,West,Mobiles & Accessories,Power Bank,MOB-POW858,2,824,1648,APPONLY,131.84,0.12,1516.16,181.94,Debit Card,Returned,Marketplace,Anjali Joshi,Delhivery,2,4,1266.48,249.68,0.1647,146.00,1844.10
IN250402324,14-Apr-2025,CUST57055,Reyansh Ansari,55,Indore,Madhya Pradesh,Central,Beauty & Personal Care,Skin Cream,BEA-SKI171,2,932,1864,WELCOME100,100.00,0.12,1764.00,211.68,COD,Delivered,Website,Isha Gupta,Xpressbees,4,5,1425.09,338.91,0.1921,172.00,2147.68
IN250402392,14-Apr-2025,CUST44644,Pranav Bhatia,22,Noida,Uttar Pradesh,North,Fashion,Jeans,FAS-JEA715,2,3399,6798,FESTIVE10,679.80,0.12,6118.20,734.18,UPI,Cancelled,Marketplace,Anjali Joshi,DTDC,6,,4349.77,1768.43,0.2890,0.00,6852.38
IN250400229,15-Apr-2025,CUST71978,Kavya Qureshi,18,Chandigarh,Chandigarh,North,Books & Stationery,Office Diary,BOO-OFF631,1,274,274,PAYDAY15,41.10,0.12,232.90,27.95,Wallet,Delivered,Mobile App,Sagar Pawar,Shadowfax,3,5,187.34,45.56,0.1956,150.00,410.85
IN250400822,15-Apr-2025,CUST52718,Payal Rathod,24,Gurugram,Haryana,North,Mobiles & Accessories,Smartphone,MOB-SMA333,1,11899,11899,No Coupon,0.00,0.18,11899.00,2141.82,Debit Card,Delivered,Mobile App,Priya Nair,Delhivery,6,4,8951.25,2947.75,0.2477,89.00,14129.82
IN250402213,15-Apr-2025,CUST61517,Myra Chauhan,36,Mumbai,Maharashtra,West,Mobiles & Accessories,Phone Cover,MOB-PHO593,2,450,900,APPONLY,72.00,0.18,828.00,149.04,Credit Card,Delivered,Mobile App,Neha Patel,India Post,2,4,657.74,170.26,0.2056,124.00,1101.04
IN250400144,16-Apr-2025,CUST29505,Harsh Malhotra,26,Lucknow,Uttar Pradesh,North,Books & Stationery,Office Diary,BOO-OFF739,1,617,617,DIWALI20,123.40,0.05,493.60,24.68,Credit Card,Delivered,Website,Anjali Joshi,Shadowfax,3,1,426.78,66.82,0.1354,168.00,686.28
IN250401621,16-Apr-2025,CUST69118,Nikhil Verma,42,Chandigarh,Chandigarh,North,Electronics,LED TV,ELE-LED454,2,73999,147998,FESTIVE10,14799.80,0.18,133198.20,23975.68,Debit Card,Delivered,Website,Manish Iyer,Xpressbees,4,3,121430.07,11768.13,0.0884,129.00,157302.88
IN250400478,17-Apr-2025,CUST77783,Harsh Bhatia,56,Vadodara,Gujarat,West,Fashion,Sneakers,FAS-SNE758,1,2599,2599,No Coupon,0.00,0.18,2599.00,467.82,UPI,Cancelled,Website,Anjali Joshi,DTDC,4,,1508.26,1090.74,0.4197,0.00,3066.82
IN250400750,17-Apr-2025,CUST98153,Sagar Kapoor,45,Bhubaneswar,Odisha,East,Fashion,Handbag,FAS-HAN856,1,3699,3699,WELCOME100,100.00,0.18,3599.00,647.82,UPI,Delivered,Website,Pooja Reddy,Shadowfax,4,2,2201.06,1397.94,0.3884,98.00,4344.82
IN250400846,17-Apr-2025,CUST78910,Payal Qureshi,37,Ludhiana,Punjab,North,Fashion,Handbag,FAS-HAN344,2,2899,5798,No Coupon,0.00,0.12,5798.00,695.76,UPI,Delivered,Mobile App,Rohan Mehta,India Post,4,4,4259.03,1538.97,0.2654,108.00,6601.76
IN250401097,17-Apr-2025,CUST20912,Kavya Qureshi,30,Ahmedabad,Gujarat,West,Beauty & Personal Care,Shampoo,BEA-SHA961,1,679,679,No Coupon,0.00,0.12,679.00,81.48,Debit Card,Delivered,Mobile App,Karan Malhotra,Blue Dart,4,4,479.46,199.54,0.2939,139.00,899.48
IN250401280,19-Apr-2025,CUST92413,Neha Pawar,30,Chennai,Tamil Nadu,South,Home & Kitchen,Cookware Set,HOM-COO176,3,7199,21597,MEGADEAL,3887.46,0.12,17709.54,2125.14,Credit Card,Shipped,Social Commerce,Nikhil Bansal,Shadowfax,5,,16475.00,1234.54,0.0697,121.00,19955.68
IN250400680,20-Apr-2025,CUST54599,Aditya Khan,23,Kochi,Kerala,South,Books & Stationery,Office Diary,BOO-OFF414,1,395,395,PAYDAY15,59.25,0.05,335.75,16.79,UPI,Cancelled,Mobile App,Karan Malhotra,India Post,2,,277.75,58.00,0.1727,0.00,352.54
IN250401241,20-Apr-2025,CUST57218,Sakshi Mishra,48,Nashik,Maharashtra,West,Grocery & Gourmet,Coffee Pack,GRO-COF935,1,769,769,MEGADEAL,138.42,0.12,630.58,75.67,Credit Card,Delivered,Mobile App,Rahul Verma,Ecom Express,6,4,517.66,112.92,0.1791,86.00,792.25
IN250401384,20-Apr-2025,CUST91016,Akshay Khan,20,Mumbai,Maharashtra,West,Books & Stationery,Office Diary,BOO-OFF463,1,795,795,FREESHIP,0.00,0.05,795.00,39.75,Credit Card,Delivered,Website,Isha Gupta,Blue Dart,2,4,461.20,333.80,0.4199,162.00,996.75
IN250400495,21-Apr-2025,CUST28898,Meera Mehta,32,Thiruvananthapuram,Kerala,South,Books & Stationery,Notebook Pack,BOO-NOT824,1,136,136,No Coupon,0.00,0.12,136.00,16.32,UPI,Delivered,Website,Anjali Joshi,Delhivery,4,4,87.76,48.24,0.3547,92.00,244.32
IN250401381,21-Apr-2025,CUST16537,Payal Banerjee,48,Vijayawada,Andhra Pradesh,South,Home & Kitchen,Water Purifier,HOM-WAT892,1,21199,21199,No Coupon,0.00,0.18,21199.00,3815.82,Credit Card,Shipped,Marketplace,Swati Mishra,Blue Dart,4,,13218.49,7980.51,0.3765,101.00,25115.82
IN250402032,21-Apr-2025,CUST27346,Riya Joshi,33,Chennai,Tamil Nadu,South,Electronics,Bluetooth Speaker,ELE-BLU276,1,8699,8699,No Coupon,0.00,0.18,8699.00,1565.82,UPI,Shipped,Mobile App,Sagar Pawar,Shadowfax,3,,6801.87,1897.13,0.2181,112.00,10376.82
IN250400235,22-Apr-2025,CUST83380,Ira Kulkarni,50,Noida,Uttar Pradesh,North,Mobiles & Accessories,Smart Watch,MOB-SMA780,3,5899,17697,No Coupon,0.00,0.12,17697.00,2123.64,UPI,Returned,Mobile App,Nikhil Bansal,Delhivery,8,4,14381.46,3315.54,0.1874,147.00,19967.64
IN250400926,22-Apr-2025,CUST72733,Janhavi More,29,Vadodara,Gujarat,West,Mobiles & Accessories,Tempered Glass,MOB-TEM936,1,122,122,No Coupon,0.00,0.18,122.00,21.96,Debit Card,Delivered,Website,Amit Sharma,Blue Dart,3,4,97.84,24.16,0.1980,99.00,242.96
IN250401023,22-Apr-2025,CUST14670,Mansi Bansal,51,Mumbai,Maharashtra,West,Sports & Fitness,Yoga Mat,SPO-YOG500,1,1799,1799,No Coupon,0.00,0.18,1799.00,323.82,UPI,Delivered,Mobile App,Amit Sharma,Xpressbees,7,4,1127.48,671.52,0.3733,145.00,2267.82
IN250401054,22-Apr-2025,CUST45053,Ishaan Singh,43,Surat,Gujarat,West,Fashion,Handbag,FAS-HAN766,3,2699,8097,FREESHIP,0.00,0.12,8097.00,971.64,Net Banking,Returned,Marketplace,Vikram Singh,India Post,3,5,4991.13,3105.87,0.3836,173.00,9241.64
IN250401156,22-Apr-2025,CUST42437,Ishaan Jadhav,18,Ranchi,Jharkhand,East,Electronics,LED TV,ELE-LED110,2,34499,68998,No Coupon,0.00,0.12,68998.00,8279.76,Debit Card,Delivered,Website,Anjali Joshi,Ecom Express,2,1,54524.43,14473.57,0.2098,162.00,77439.76
IN250400237,23-Apr-2025,CUST70316,Payal Mishra,21,Visakhapatnam,Andhra Pradesh,South,Beauty & Personal Care,Shampoo,BEA-SHA757,3,348,1044,FESTIVE10,104.40,0.12,939.60,112.75,Credit Card,Delivered,Website,Manish Iyer,India Post,8,3,609.25,330.35,0.3516,112.00,1164.35
IN250400839,23-Apr-2025,CUST59093,Siddharth Bhatia,19,Vadodara,Gujarat,West,Grocery & Gourmet,Tea Pack,GRO-TEA827,1,350,350,APPONLY,28.00,0.05,322.00,16.10,Wallet,Shipped,Mobile App,Tanvi Jadhav,India Post,3,,269.79,52.21,0.1621,177.00,515.10
IN250400903,23-Apr-2025,CUST49833,Rutuja Shaikh,43,Delhi,Delhi,North,Sports & Fitness,Cricket Bat,SPO-CRI745,2,5799,11598,No Coupon,0.00,0.18,11598.00,2087.64,UPI,Delivered,Marketplace,Isha Gupta,Ecom Express,6,3,8890.43,2707.57,0.2335,153.00,13838.64
IN250400999,23-Apr-2025,CUST61302,Pranav Gaikwad,45,Ahmedabad,Gujarat,West,Electronics,LED TV,ELE-LED535,1,46599,46599,No Coupon,0.00,0.12,46599.00,5591.88,Debit Card,Delivered,Mobile App,Swati Mishra,Shadowfax,1,2,38299.43,8299.57,0.1781,83.00,52273.88
IN250400266,24-Apr-2025,CUST86878,Payal Dhawale,27,Nagpur,Maharashtra,West,Sports & Fitness,Yoga Mat,SPO-YOG584,2,602,1204,WELCOME100,100.00,0.18,1104.00,198.72,Credit Card,Delivered,Mobile App,Deepak Yadav,India Post,5,5,938.34,165.66,0.1501,67.00,1369.72
IN250401025,24-Apr-2025,CUST52980,Pooja Chauhan,58,Nashik,Maharashtra,West,Beauty & Personal Care,Skin Cream,BEA-SKI850,1,1299,1299,APPONLY,103.92,0.18,1195.08,215.11,UPI,Delivered,Website,Vikram Singh,Ecom Express,6,3,908.66,286.42,0.2397,163.00,1573.19
IN250401151,24-Apr-2025,CUST10382,Karan Pillai,39,Ludhiana,Punjab,North,Grocery & Gourmet,Tea Pack,GRO-TEA711,3,475,1425,No Coupon,0.00,0.18,1425.00,256.50,UPI,Delivered,Mobile App,Isha Gupta,India Post,6,3,1066.22,358.78,0.2518,156.00,1837.50
IN250401297,25-Apr-2025,CUST94602,Janhavi Bhatia,38,Pune,Maharashtra,West,Electronics,LED TV,ELE-LED817,3,30399,91197,APPONLY,7295.76,0.12,83901.24,10068.15,COD,Delivered,Mobile App,Karan Malhotra,Xpressbees,2,5,75534.02,8367.22,0.0997,79.00,94048.39
IN250401376,25-Apr-2025,CUST73492,Aarti Malhotra,44,Nagpur,Maharashtra,West,Grocery & Gourmet,Cold Pressed Oil,GRO-COL688,2,331,662,FESTIVE10,66.20,0.18,595.80,107.24,UPI,Delivered,Mobile App,Rahul Verma,Xpressbees,5,2,400.51,195.29,0.3278,107.00,810.04
IN250401187,26-Apr-2025,CUST63087,Myra Banerjee,19,Chennai,Tamil Nadu,South,Beauty & Personal Care,Shampoo,BEA-SHA222,2,269,538,No Coupon,0.00,0.12,538.00,64.56,Net Banking,Delivered,Website,Amit Sharma,Ecom Express,5,4,394.83,143.17,0.2661,174.00,776.56
IN250402277,26-Apr-2025,CUST87901,Shruti Joshi,27,Bengaluru,Karnataka,South,Mobiles & Accessories,Smartphone,MOB-SMA760,1,68599,68599,No Coupon,0.00,0.18,68599.00,12347.82,Credit Card,Delivered,Website,Pooja Reddy,Xpressbees,4,5,57973.35,10625.65,0.1549,160.00,81106.82
IN250400935,27-Apr-2025,CUST26630,Sai Shaikh,31,Ranchi,Jharkhand,East,Home & Kitchen,Air Fryer,HOM-AIR539,2,8699,17398,FREESHIP,0.00,0.12,17398.00,2087.76,UPI,Delivered,Mobile App,Sagar Pawar,Shadowfax,2,5,11646.29,5751.71,0.3306,154.00,19639.76
IN250401466,27-Apr-2025,CUST63713,Anika Mehta,23,Hyderabad,Telangana,South,Beauty & Personal Care,Skin Cream,BEA-SKI158,1,1299,1299,No Coupon,0.00,0.12,1299.00,155.88,UPI,Shipped,Mobile App,Sagar Pawar,Xpressbees,4,,930.67,368.33,0.2835,130.00,1584.88
IN250401534,27-Apr-2025,CUST44606,Pooja Kumar,38,Chandigarh,Chandigarh,North,Fashion,Women Kurti,FAS-WOM790,2,1999,3998,WELCOME100,100.00,0.18,3898.00,701.64,COD,Delivered,Mobile App,Sagar Pawar,India Post,2,3,2880.78,1017.22,0.2610,158.00,4757.64
IN250401680,28-Apr-2025,CUST84334,Aditya Kapoor,31,Bhubaneswar,Odisha,East,Electronics,Bluetooth Speaker,ELE-BLU954,2,2199,4398,MEGADEAL,791.64,0.12,3606.36,432.76,UPI,Delivered,Mobile App,Sneha Kulkarni,India Post,7,4,3704.11,-97.75,-0.0271,116.00,4155.12
IN250401230,29-Apr-2025,CUST49918,Nikhil Verma,34,Bhubaneswar,Odisha,East,Mobiles & Accessories,Phone Cover,MOB-PHO231,1,205,205,FESTIVE10,20.50,0.12,184.50,22.14,Net Banking,Delivered,Mobile App,Vikram Singh,Xpressbees,3,5,161.48,23.02,0.1248,79.00,285.64
IN250402048,29-Apr-2025,CUST67141,Riya Agarwal,39,Noida,Uttar Pradesh,North,Grocery & Gourmet,Spices Combo,GRO-SPI959,1,690,690,PAYDAY15,103.50,0.18,586.50,105.57,Debit Card,Returned,Website,Manish Iyer,Ecom Express,2,5,488.54,97.96,0.1670,85.00,777.07
IN250401002,30-Apr-2025,CUST45904,Meera Yadav,43,Ludhiana,Punjab,North,Sports & Fitness,Yoga Mat,SPO-YOG995,1,1599,1599,PAYDAY15,239.85,0.12,1359.15,163.10,UPI,Delivered,Mobile App,Anjali Joshi,Blue Dart,7,4,1014.29,344.86,0.2537,82.00,1604.25
IN250401372,30-Apr-2025,CUST34831,Siddharth Ansari,22,Delhi,Delhi,North,Books & Stationery,Kids Story Book,BOO-KID759,1,312,312,MEGADEAL,56.16,0.18,255.84,46.05,Credit Card,Shipped,Website,Pooja Reddy,Blue Dart,1,,214.00,41.84,0.1635,169.00,470.89
IN250402297,30-Apr-2025,CUST65868,Rudra Patel,41,Bhopal,Madhya Pradesh,Central,Beauty & Personal Care,Shampoo,BEA-SHA435,1,497,497,MEGADEAL,89.46,0.18,407.54,73.36,UPI,Returned,Website,Kavya Deshmukh,Ecom Express,2,5,323.49,84.05,0.2062,153.00,633.90
IN250500103,01-May-2025,CUST76236,Anika Jadhav,32,Nagpur,Maharashtra,West,Electronics,Tablet,ELE-TAB893,1,43299,43299,FESTIVE10,4329.90,0.18,38969.10,7014.44,Credit Card,Delivered,Mobile App,Manish Iyer,Shadowfax,2,4,33520.96,5448.14,0.1398,105.00,46088.54
IN250500138,01-May-2025,CUST57033,Payal Kulkarni,33,Nagpur,Maharashtra,West,Beauty & Personal Care,Perfume,BEA-PER330,2,1099,2198,WELCOME100,100.00,0.18,2098.00,377.64,UPI,Delivered,Mobile App,Karan Malhotra,DTDC,4,5,1659.98,438.02,0.2088,140.00,2615.64
IN250500441,01-May-2025,CUST36909,Reyansh Gupta,57,Kochi,Kerala,South,Home & Kitchen,Cookware Set,HOM-COO467,1,2299,2299,No Coupon,0.00,0.12,2299.00,275.88,Net Banking,Delivered,Marketplace,Amit Sharma,Delhivery,3,5,1458.93,840.07,0.3654,68.00,2642.88
IN250502200,01-May-2025,CUST55833,Kavya Kadam,43,Bhopal,Madhya Pradesh,Central,Electronics,Wireless Mouse,ELE-WIR549,1,858,858,PAYDAY15,128.70,0.12,729.30,87.52,COD,Returned,Mobile App,Sneha Kulkarni,India Post,2,4,724.98,4.32,0.0059,106.00,922.82
IN250502359,01-May-2025,CUST26979,Ayaan Jadhav,56,Thiruvananthapuram,Kerala,South,Mobiles & Accessories,Tempered Glass,MOB-TEM512,4,127,508,No Coupon,0.00,0.12,508.00,60.96,COD,Cancelled,Mobile App,Pooja Reddy,DTDC,1,,377.20,130.80,0.2575,0.00,568.96
IN250500155,02-May-2025,CUST76136,Kavya Malhotra,28,Gurugram,Haryana,North,Home & Kitchen,Mixer Grinder,HOM-MIX240,1,2699,2699,APPONLY,215.92,0.12,2483.08,297.97,UPI,Delivered,Mobile App,Pooja Reddy,Ecom Express,4,5,1828.40,654.68,0.2637,108.00,2889.05
IN250501854,02-May-2025,CUST96771,Yash More,23,Indore,Madhya Pradesh,Central,Fashion,Women Kurti,FAS-WOM876,1,1899,1899,MEGADEAL,341.82,0.12,1557.18,186.86,Debit Card,Delivered,Website,Anjali Joshi,DTDC,4,3,1439.95,117.23,0.0753,84.00,1828.04
IN250500219,03-May-2025,CUST30771,Tanvi Iyer,44,Coimbatore,Tamil Nadu,South,Electronics,Keyboard,ELE-KEY437,2,637,1274,No Coupon,0.00,0.12,1274.00,152.88,Net Banking,Delivered,Website,Karan Malhotra,Delhivery,4,5,952.88,321.12,0.2521,160.00,1586.88
IN250500979,03-May-2025,CUST30250,Sagar Jadhav,25,Vadodara,Gujarat,West,Beauty & Personal Care,Shampoo,BEA-SHA855,2,572,1144,No Coupon,0.00,0.12,1144.00,137.28,COD,Returned,Mobile App,Tanvi Jadhav,Xpressbees,3,3,873.88,270.12,0.2361,90.00,1371.28
IN250501792,03-May-2025,CUST85850,Siddharth Nair,52,Kolkata,West Bengal,East,Grocery & Gourmet,Cold Pressed Oil,GRO-COL511,1,616,616,No Coupon,0.00,0.05,616.00,30.80,UPI,Delivered,Social Commerce,Manish Iyer,Shadowfax,2,3,457.44,158.56,0.2574,62.00,708.80
IN250501902,03-May-2025,CUST44609,Prachi Malhotra,26,Pune,Maharashtra,West,Mobiles & Accessories,Smart Watch,MOB-SMA737,1,8699,8699,No Coupon,0.00,0.12,8699.00,1043.88,Credit Card,Delivered,Website,Priya Nair,Shadowfax,4,5,6289.54,2409.46,0.2770,165.00,9907.88
IN250500708,04-May-2025,CUST31017,Kabir Pillai,52,Coimbatore,Tamil Nadu,South,Home & Kitchen,Bedsheet Set,HOM-BED474,2,1299,2598,APPONLY,207.84,0.18,2390.16,430.23,UPI,Delivered,Website,Karan Malhotra,DTDC,5,4,1675.25,714.91,0.2991,68.00,2888.39
IN250500808,04-May-2025,CUST51253,Priya Singh,54,Mysuru,Karnataka,South,Mobiles & Accessories,Phone Cover,MOB-PHO695,4,521,2084,No Coupon,0.00,0.12,2084.00,250.08,Net Banking,Delivered,Website,Amit Sharma,Delhivery,3,5,1585.76,498.24,0.2391,77.00,2411.08
IN250500871,04-May-2025,CUST14345,Harsh Pawar,46,Mumbai,Maharashtra,West,Electronics,LED TV,ELE-LED861,3,72299,216897,DIWALI20,43379.40,0.12,173517.60,20822.11,Debit Card,Shipped,Mobile App,Deepak Yadav,Shadowfax,3,,174286.69,-769.09,-0.0044,172.00,194511.71
IN250501147,04-May-2025,CUST27954,Rohan Pawar,22,Nagpur,Maharashtra,West,Beauty & Personal Care,Shampoo,BEA-SHA325,1,208,208,FREESHIP,0.00,0.18,208.00,37.44,COD,Delivered,Website,Manish Iyer,Ecom Express,2,4,161.54,46.46,0.2234,132.00,377.44
IN250501362,04-May-2025,CUST46861,Komal Das,49,Hyderabad,Telangana,South,Fashion,Jeans,FAS-JEA696,1,3099,3099,No Coupon,0.00,0.12,3099.00,371.88,UPI,Delivered,Marketplace,Nikhil Bansal,India Post,3,3,1991.99,1107.01,0.3572,169.00,3639.88
IN250502130,04-May-2025,CUST71926,Aarti Mehta,31,Bhubaneswar,Odisha,East,Grocery & Gourmet,Dry Fruits Pack,GRO-DRY103,1,929,929,No Coupon,0.00,0.18,929.00,167.22,UPI,Returned,Website,Rohan Mehta,Shadowfax,4,5,591.43,337.57,0.3634,84.00,1180.22
IN250500010,05-May-2025,CUST36080,Prachi Jadhav,47,Vadodara,Gujarat,West,Home & Kitchen,Water Purifier,HOM-WAT758,2,13699,27398,No Coupon,0.00,0.12,27398.00,3287.76,UPI,Delivered,Website,Priya Nair,Delhivery,2,4,19381.13,8016.87,0.2926,96.00,30781.76
IN250500419,05-May-2025,CUST91017,Pranav Qureshi,25,Bhubaneswar,Odisha,East,Home & Kitchen,Cookware Set,HOM-COO127,1,4099,4099,PAYDAY15,614.85,0.12,3484.15,418.10,Net Banking,Delivered,Mobile App,Isha Gupta,Ecom Express,3,4,2973.27,510.88,0.1466,89.00,3991.25
IN250500456,05-May-2025,CUST71338,Rudra Kumar,57,Ranchi,Jharkhand,East,Home & Kitchen,Pressure Cooker,HOM-PRE993,1,2499,2499,No Coupon,0.00,0.18,2499.00,449.82,Debit Card,Shipped,Marketplace,Karan Malhotra,Shadowfax,1,,1455.31,1043.69,0.4176,141.00,3089.82
IN250501217,05-May-2025,CUST85024,Priya Yadav,38,Noida,Uttar Pradesh,North,Grocery & Gourmet,Basmati Rice 5kg,GRO-BAS751,2,568,1136,WELCOME100,100.00,0.12,1036.00,124.32,UPI,Delivered,Website,Manish Iyer,Blue Dart,5,2,885.74,150.26,0.1450,93.00,1253.32
IN250501712,05-May-2025,CUST58497,Yash Verma,24,Hyderabad,Telangana,South,Grocery & Gourmet,Basmati Rice 5kg,GRO-BAS380,1,614,614,No Coupon,0.00,0.18,614.00,110.52,Credit Card,Returned,Mobile App,Amit Sharma,Ecom Express,2,4,357.10,256.90,0.4184,89.00,813.52
IN250501840,05-May-2025,CUST41946,Anika Gaikwad,46,Nashik,Maharashtra,West,Home & Kitchen,Water Purifier,HOM-WAT639,5,24599,122995,No Coupon,0.00,0.12,122995.00,14759.40,UPI,Delivered,Marketplace,Neha Patel,Blue Dart,2,4,78599.28,44395.72,0.3610,102.00,137856.40
IN250501847,05-May-2025,CUST90766,Tanvi Ghosh,37,Bhubaneswar,Odisha,East,Sports & Fitness,Dumbbell Set,SPO-DUM282,1,1399,1399,FREESHIP,0.00,0.18,1399.00,251.82,UPI,Delivered,Mobile App,Sagar Pawar,Delhivery,3,4,816.92,582.08,0.4161,89.00,1739.82
IN250500260,06-May-2025,CUST57384,Siddharth Mehta,53,Mysuru,Karnataka,South,Fashion,Sneakers,FAS-SNE519,2,3499,6998,APPONLY,559.84,0.12,6438.16,772.58,UPI,Returned,Mobile App,Priya Nair,India Post,5,4,4809.03,1629.13,0.2530,143.00,7353.74
IN250502051,06-May-2025,CUST34896,Ayaan Joshi,29,Gurugram,Haryana,North,Sports & Fitness,Yoga Mat,SPO-YOG800,1,1699,1699,No Coupon,0.00,0.12,1699.00,203.88,Credit Card,Returned,Website,Kavya Deshmukh,Delhivery,5,5,1114.73,584.27,0.3439,111.00,2013.88
IN250502310,06-May-2025,CUST20174,Rajesh Dhawale,41,Chandigarh,Chandigarh,North,Electronics,Keyboard,ELE-KEY953,2,1899,3798,APPONLY,303.84,0.18,3494.16,628.95,Credit Card,Cancelled,Website,Amit Sharma,Delhivery,3,,3134.36,359.80,0.1030,0.00,4123.11
IN250500038,07-May-2025,CUST34620,Amit Saxena,56,Vadodara,Gujarat,West,Electronics,Keyboard,ELE-KEY757,2,2799,5598,No Coupon,0.00,0.12,5598.00,671.76,Debit Card,Delivered,Mobile App,Neha Patel,DTDC,3,4,4043.15,1554.85,0.2778,71.00,6340.76
IN250500567,07-May-2025,CUST80015,Saanvi Ansari,37,Coimbatore,Tamil Nadu,South,Mobiles & Accessories,Bluetooth Earbuds,MOB-BLU954,3,7799,23397,DIWALI20,4679.40,0.12,18717.60,2246.11,Credit Card,Delivered,Mobile App,Kavya Deshmukh,Ecom Express,3,5,18446.28,271.32,0.0145,125.00,21088.71
IN250500654,07-May-2025,CUST72093,Atharv More,47,Ranchi,Jharkhand,East,Sports & Fitness,Dumbbell Set,SPO-DUM200,2,880,1760,FREESHIP,0.00,0.12,1760.00,211.20,UPI,Delivered,Website,Karan Malhotra,India Post,4,5,1232.32,527.68,0.2998,144.00,2115.20
IN250501125,07-May-2025,CUST11346,Meera Kadam,23,Thiruvananthapuram,Kerala,South,Sports & Fitness,Yoga Mat,SPO-YOG933,1,445,445,No Coupon,0.00,0.12,445.00,53.40,UPI,Delivered,Website,Swati Mishra,Xpressbees,7,3,277.51,167.49,0.3764,72.00,570.40
IN250501531,07-May-2025,CUST56125,Tanvi Verma,27,Coimbatore,Tamil Nadu,South,Grocery & Gourmet,Basmati Rice 5kg,GRO-BAS880,1,827,827,No Coupon,0.00,0.12,827.00,99.24,Wallet,Delivered,Website,Rohan Mehta,Blue Dart,3,4,635.25,191.75,0.2319,169.00,1095.24
IN250502438,07-May-2025,CUST37192,Swati Ghosh,35,Thiruvananthapuram,Kerala,South,Electronics,Laptop,ELE-LAP202,1,62999,62999,No Coupon,0.00,0.12,62999.00,7559.88,UPI,Delivered,Marketplace,Karan Malhotra,DTDC,3,3,53586.52,9412.48,0.1494,126.00,70684.88
IN250501276,09-May-2025,CUST80567,Akshay Iyer,20,Bengaluru,Karnataka,South,Beauty & Personal Care,Trimmer,BEA-TRI869,2,2699,5398,No Coupon,0.00,0.18,5398.00,971.64,UPI,Delivered,Mobile App,Rohan Mehta,India Post,2,5,3505.59,1892.41,0.3506,146.00,6515.64
IN250501745,09-May-2025,CUST15367,Saanvi Dhawale,57,Vadodara,Gujarat,West,Beauty & Personal Care,Hair Oil,BEA-HAI915,1,366,366,No Coupon,0.00,0.18,366.00,65.88,UPI,Delivered,Mobile App,Deepak Yadav,Xpressbees,5,4,276.69,89.31,0.2440,77.00,508.88
IN250502222,09-May-2025,CUST43068,Akshay Khan,43,Indore,Madhya Pradesh,Central,Mobiles & Accessories,Tempered Glass,MOB-TEM417,3,256,768,No Coupon,0.00,0.18,768.00,138.24,UPI,Delivered,Mobile App,Vikram Singh,DTDC,3,5,651.65,116.35,0.1515,78.00,984.24
IN250502368,09-May-2025,CUST54442,Aadhya Kapoor,27,Patna,Bihar,East,Fashion,Men T-Shirt,FAS-MEN608,3,1099,3297,No Coupon,0.00,0.12,3297.00,395.64,Credit Card,Delivered,Website,Anjali Joshi,India Post,6,5,2505.42,791.58,0.2401,78.00,3770.64
IN250500154,10-May-2025,CUST68692,Payal Joshi,48,Thiruvananthapuram,Kerala,South,Grocery & Gourmet,Dry Fruits Pack,GRO-DRY706,2,1899,3798,No Coupon,0.00,0.18,3798.00,683.64,Credit Card,Delivered,Mobile App,Rahul Verma,Xpressbees,1,5,2805.31,992.69,0.2614,116.00,4597.64
IN250500198,10-May-2025,CUST85003,Anika Sharma,51,Delhi,Delhi,North,Electronics,Laptop,ELE-LAP658,1,98299,98299,WELCOME100,100.00,0.18,98199.00,17675.82,Debit Card,Delivered,Mobile App,Deepak Yadav,Shadowfax,4,1,80685.12,17513.88,0.1784,122.00,115996.82
IN250501332,10-May-2025,CUST79656,Rutuja Gupta,45,Ludhiana,Punjab,North,Electronics,Laptop,ELE-LAP612,2,83099,166198,FREESHIP,0.00,0.12,166198.00,19943.76,UPI,Delivered,Marketplace,Swati Mishra,Shadowfax,4,5,134696.92,31501.08,0.1895,91.00,186232.76
IN250500519,11-May-2025,CUST22772,Omkar Sharma,19,Mysuru,Karnataka,South,Home & Kitchen,Water Purifier,HOM-WAT489,1,14099,14099,No Coupon,0.00,0.18,14099.00,2537.82,Net Banking,Delivered,Mobile App,Deepak Yadav,Shadowfax,4,5,10918.40,3180.60,0.2256,61.00,16697.82
IN250501414,11-May-2025,CUST30662,Pooja Dhawale,51,Mumbai,Maharashtra,West,Home & Kitchen,Bedsheet Set,HOM-BED552,1,1999,1999,No Coupon,0.00,0.18,1999.00,359.82,UPI,Delivered,Website,Pooja Reddy,Shadowfax,1,5,1350.52,648.48,0.3244,97.00,2455.82
IN250501909,11-May-2025,CUST89524,Aadhya Khan,29,Visakhapatnam,Andhra Pradesh,South,Beauty & Personal Care,Trimmer,BEA-TRI884,1,2999,2999,No Coupon,0.00,0.12,2999.00,359.88,COD,Delivered,Website,Isha Gupta,India Post,2,3,1854.27,1144.73,0.3817,119.00,3477.88
IN250501951,11-May-2025,CUST77212,Vivaan Singh,42,Mysuru,Karnataka,South,Electronics,Laptop,ELE-LAP850,2,64599,129198,FESTIVE10,12919.80,0.12,116278.20,13953.38,Credit Card,Returned,Website,Deepak Yadav,Xpressbees,5,4,105327.30,10950.90,0.0942,127.00,130358.58
IN250501592,12-May-2025,CUST22046,Sakshi Verma,38,Nagpur,Maharashtra,West,Mobiles & Accessories,Phone Cover,MOB-PHO745,3,445,1335,No Coupon,0.00,0.18,1335.00,240.30,UPI,Delivered,Website,Neha Patel,Delhivery,3,5,1063.80,271.20,0.2031,88.00,1663.30
IN250501980,12-May-2025,CUST29100,Neha Ansari,39,Thiruvananthapuram,Kerala,South,Beauty & Personal Care,Perfume,BEA-PER742,5,1899,9495,WELCOME100,100.00,0.18,9395.00,1691.10,COD,Delivered,Website,Deepak Yadav,Ecom Express,2,4,6739.39,2655.61,0.2827,128.00,11214.10
IN250501077,13-May-2025,CUST70416,Komal Khan,31,Vadodara,Gujarat,West,Home & Kitchen,Bedsheet Set,HOM-BED153,1,742,742,WELCOME100,100.00,0.18,642.00,115.56,Net Banking,Delivered,Mobile App,Tanvi Jadhav,DTDC,2,5,505.38,136.62,0.2128,108.00,865.56
IN250502100,13-May-2025,CUST26857,Aarav Pillai,20,Guwahati,Assam,North East,Mobiles & Accessories,Bluetooth Earbuds,MOB-BLU938,1,8099,8099,WELCOME100,100.00,0.12,7999.00,959.88,UPI,Delivered,Marketplace,Tanvi Jadhav,Shadowfax,2,5,6947.42,1051.58,0.1315,134.00,9092.88
IN250500714,14-May-2025,CUST91875,Rutuja More,32,Guwahati,Assam,North East,Fashion,Men T-Shirt,FAS-MEN893,2,1499,2998,No Coupon,0.00,0.12,2998.00,359.76,Wallet,Shipped,Website,Isha Gupta,Shadowfax,2,,1809.11,1188.89,0.3966,70.00,3427.76
IN250502408,14-May-2025,CUST15027,Riya Bansal,36,Chennai,Tamil Nadu,South,Home & Kitchen,Mixer Grinder,HOM-MIX204,1,4299,4299,No Coupon,0.00,0.12,4299.00,515.88,UPI,Returned,Mobile App,Tanvi Jadhav,DTDC,3,5,2801.40,1497.60,0.3484,133.00,4947.88
IN250500058,15-May-2025,CUST78858,Kiara Gaikwad,44,Delhi,Delhi,North,Grocery & Gourmet,Tea Pack,GRO-TEA173,2,619,1238,FESTIVE10,123.80,0.12,1114.20,133.70,Credit Card,Delivered,Mobile App,Isha Gupta,Shadowfax,4,3,926.26,187.94,0.1687,70.00,1317.90
IN250500936,15-May-2025,CUST45646,Kavya Das,22,Coimbatore,Tamil Nadu,South,Beauty & Personal Care,Skin Cream,BEA-SKI886,1,599,599,No Coupon,0.00,0.18,599.00,107.82,UPI,Delivered,Mobile App,Rohan Mehta,Ecom Express,4,1,365.32,233.68,0.3901,100.00,806.82
IN250501730,15-May-2025,CUST69558,Aarav Reddy,38,Lucknow,Uttar Pradesh,North,Mobiles & Accessories,Smart Watch,MOB-SMA909,1,3199,3199,No Coupon,0.00,0.18,3199.00,575.82,Wallet,Cancelled,Website,Pooja Reddy,DTDC,3,,2418.85,780.15,0.2439,0.00,3774.82
IN250500328,16-May-2025,CUST40879,Vikram Pawar,31,Nashik,Maharashtra,West,Beauty & Personal Care,Hair Oil,BEA-HAI492,1,264,264,MEGADEAL,47.52,0.18,216.48,38.97,Debit Card,Delivered,Mobile App,Neha Patel,Ecom Express,3,3,154.28,62.20,0.2873,69.00,324.45
IN250501553,16-May-2025,CUST21294,Reyansh Agarwal,40,Ahmedabad,Gujarat,West,Books & Stationery,Office Diary,BOO-OFF763,1,347,347,No Coupon,0.00,0.05,347.00,17.35,Credit Card,Delivered,Mobile App,Anjali Joshi,India Post,3,2,264.12,82.88,0.2388,76.00,440.35
IN250501614,16-May-2025,CUST43626,Nisha Chauhan,45,Bhubaneswar,Odisha,East,Electronics,Bluetooth Speaker,ELE-BLU443,1,10099,10099,No Coupon,0.00,0.12,10099.00,1211.88,UPI,Delivered,Website,Rohan Mehta,Shadowfax,6,3,8585.94,1513.06,0.1498,92.00,11402.88
IN250502300,16-May-2025,CUST50726,Shruti Shinde,36,Chennai,Tamil Nadu,South,Beauty & Personal Care,Trimmer,BEA-TRI838,2,1999,3998,No Coupon,0.00,0.12,3998.00,479.76,Debit Card,Delivered,Mobile App,Tanvi Jadhav,DTDC,6,5,2952.52,1045.48,0.2615,153.00,4630.76
IN250500705,17-May-2025,CUST82520,Omkar Shaikh,40,Surat,Gujarat,West,Mobiles & Accessories,Phone Cover,MOB-PHO479,1,980,980,No Coupon,0.00,0.18,980.00,176.40,UPI,Delivered,Website,Priya Nair,Xpressbees,3,5,773.02,206.98,0.2112,73.00,1229.40
IN250500921,17-May-2025,CUST23060,Karan Ghosh,32,Bhubaneswar,Odisha,East,Home & Kitchen,Bedsheet Set,HOM-BED155,1,650,650,NEWYEAR10,65.00,0.18,585.00,105.30,Debit Card,Delivered,Mobile App,Karan Malhotra,Delhivery,5,3,418.25,166.75,0.2850,101.00,791.30
IN250500925,17-May-2025,CUST99550,Sneha Kadam,22,Vadodara,Gujarat,West,Home & Kitchen,Cookware Set,HOM-COO653,1,6799,6799,WELCOME100,100.00,0.18,6699.00,1205.82,Credit Card,Delivered,Social Commerce,Rohan Mehta,DTDC,3,5,4759.72,1939.28,0.2895,119.00,8023.82
IN250501313,17-May-2025,CUST45969,Kabir Dhawale,53,Patna,Bihar,East,Sports & Fitness,Yoga Mat,SPO-YOG902,1,1399,1399,WELCOME100,100.00,0.18,1299.00,233.82,Wallet,Delivered,Mobile App,Swati Mishra,India Post,4,4,1058.50,240.50,0.1851,127.00,1659.82
IN250500956,18-May-2025,CUST53575,Aadhya Ansari,45,Nagpur,Maharashtra,West,Fashion,Men T-Shirt,FAS-MEN878,1,1899,1899,No Coupon,0.00,0.18,1899.00,341.82,UPI,Delivered,Mobile App,Tanvi Jadhav,India Post,3,4,1190.67,708.33,0.3730,76.00,2316.82
IN250501411,18-May-2025,CUST15053,Nikhil Jadhav,46,Bhubaneswar,Odisha,East,Electronics,Bluetooth Speaker,ELE-BLU234,1,5099,5099,No Coupon,0.00,0.12,5099.00,611.88,COD,Delivered,Mobile App,Karan Malhotra,Xpressbees,3,5,4348.02,750.98,0.1473,161.00,5871.88
IN250502445,18-May-2025,CUST54756,Pooja Banerjee,55,Chandigarh,Chandigarh,North,Beauty & Personal Care,Trimmer,BEA-TRI770,2,3199,6398,No Coupon,0.00,0.18,6398.00,1151.64,Net Banking,Delivered,Mobile App,Isha Gupta,India Post,2,5,4753.94,1644.06,0.2570,179.00,7728.64
IN250502476,18-May-2025,CUST38152,Akshay Jadhav,41,Thiruvananthapuram,Kerala,South,Mobiles & Accessories,Bluetooth Earbuds,MOB-BLU519,3,2899,8697,No Coupon,0.00,0.18,8697.00,1565.46,UPI,Cancelled,Website,Rohan Mehta,Delhivery,5,,6611.23,2085.77,0.2398,0.00,10262.46
IN250500431,19-May-2025,CUST67726,Rudra Gupta,45,Lucknow,Uttar Pradesh,North,Fashion,Saree,FAS-SAR163,1,1499,1499,No Coupon,0.00,0.18,1499.00,269.82,UPI,Delivered,Mobile App,Pooja Reddy,Blue Dart,2,5,939.70,559.30,0.3731,136.00,1904.82
IN250500894,19-May-2025,CUST51426,Aarti Shaikh,55,Hyderabad,Telangana,South,Mobiles & Accessories,Phone Cover,MOB-PHO437,1,590,590,FESTIVE10,59.00,0.12,531.00,63.72,Credit Card,Delivered,Website,Rohan Mehta,Xpressbees,4,5,493.10,37.90,0.0714,159.00,753.72
IN250500331,20-May-2025,CUST21084,Payal Tiwari,35,Vijayawada,Andhra Pradesh,South,Fashion,Sneakers,FAS-SNE635,1,5699,5699,FESTIVE10,569.90,0.18,5129.10,923.24,Credit Card,Delivered,Website,Pooja Reddy,Xpressbees,1,5,4236.22,892.88,0.1741,66.00,6118.34
IN250500697,20-May-2025,CUST92364,Tanvi Bansal,43,Kolkata,West Bengal,East,Electronics,Wireless Mouse,ELE-WIR952,1,1999,1999,No Coupon,0.00,0.18,1999.00,359.82,Wallet,Delivered,Mobile App,Kavya Deshmukh,India Post,4,1,1714.59,284.41,0.1423,143.00,2501.82
IN250500742,21-May-2025,CUST67341,Rajesh Verma,45,Jaipur,Rajasthan,North,Grocery & Gourmet,Spices Combo,GRO-SPI218,5,419,2095,FREESHIP,0.00,0.12,2095.00,251.40,COD,Delivered,Website,Vikram Singh,DTDC,6,5,1523.89,571.11,0.2726,99.00,2445.40
IN250501723,21-May-2025,CUST55005,Bhavna Kapoor,48,Pune,Maharashtra,West,Mobiles & Accessories,Power Bank,MOB-POW133,1,2099,2099,WELCOME100,100.00,0.18,1999.00,359.82,Debit Card,Delivered,Social Commerce,Isha Gupta,Shadowfax,3,5,1700.79,298.21,0.1492,165.00,2523.82
IN250501978,21-May-2025,CUST88213,Sakshi Chauhan,45,Jaipur,Rajasthan,North,Home & Kitchen,Cookware Set,HOM-COO206,3,5099,15297,PAYDAY15,2294.55,0.12,13002.45,1560.29,UPI,Returned,Website,Kavya Deshmukh,Xpressbees,4,3,10396.94,2605.51,0.2004,64.00,14626.74
IN250500390,22-May-2025,CUST52112,Ira Bhatia,41,Patna,Bihar,East,Sports & Fitness,Cricket Bat,SPO-CRI915,2,3199,6398,MEGADEAL,1151.64,0.12,5246.36,629.56,UPI,Delivered,Marketplace,Kavya Deshmukh,India Post,4,5,3906.19,1340.17,0.2554,111.00,5986.92
IN250500505,23-May-2025,CUST23249,Tanvi Chauhan,22,Mumbai,Maharashtra,West,Home & Kitchen,Mixer Grinder,HOM-MIX394,1,3399,3399,PAYDAY15,509.85,0.12,2889.15,346.70,Credit Card,Delivered,Mobile App,Amit Sharma,DTDC,2,3,2598.40,290.75,0.1006,93.00,3328.85
IN250501885,23-May-2025,CUST74188,Meera Bansal,34,Bhubaneswar,Odisha,East,Sports & Fitness,Cricket Bat,SPO-CRI679,1,1199,1199,DIWALI20,239.80,0.18,959.20,172.66,Net Banking,Delivered,Website,Rohan Mehta,India Post,4,5,928.43,30.77,0.0321,170.00,1301.86
IN250501152,24-May-2025,CUST52938,Aarav Chauhan,19,Bhubaneswar,Odisha,East,Mobiles & Accessories,Smart Watch,MOB-SMA506,2,3299,6598,DIWALI20,1319.60,0.18,5278.40,950.11,Net Banking,Delivered,Website,Manish Iyer,Blue Dart,2,5,5544.42,-266.02,-0.0504,168.00,6396.51
IN250501388,24-May-2025,CUST66578,Anaya Mehta,55,Kolkata,West Bengal,East,Sports & Fitness,Fitness Band,SPO-FIT644,1,2299,2299,FESTIVE10,229.90,0.12,2069.10,248.29,COD,Delivered,Mobile App,Deepak Yadav,India Post,7,3,1589.16,479.94,0.2320,77.00,2394.39
IN250500753,25-May-2025,CUST89853,Kiara Rathod,31,Surat,Gujarat,West,Mobiles & Accessories,Phone Cover,MOB-PHO172,1,411,411,FESTIVE10,41.10,0.12,369.90,44.39,UPI,Delivered,Website,Karan Malhotra,Ecom Express,3,2,325.59,44.31,0.1198,152.00,566.29
IN250500965,25-May-2025,CUST86266,Omkar Malhotra,29,Nashik,Maharashtra,West,Beauty & Personal Care,Face Wash,BEA-FAC832,1,682,682,FREESHIP,0.00,0.18,682.00,122.76,UPI,Shipped,Marketplace,Amit Sharma,Ecom Express,4,,472.06,209.94,0.3078,163.00,967.76
IN250501070,25-May-2025,CUST85051,Janhavi Singh,54,Mysuru,Karnataka,South,Mobiles & Accessories,Phone Cover,MOB-PHO223,1,904,904,APPONLY,72.32,0.18,831.68,149.70,Credit Card,Shipped,Website,Tanvi Jadhav,Delhivery,5,,692.75,138.93,0.1670,128.00,1109.38
IN250501725,25-May-2025,CUST58515,Neha Shinde,52,Visakhapatnam,Andhra Pradesh,South,Grocery & Gourmet,Basmati Rice 5kg,GRO-BAS903,4,531,2124,DIWALI20,424.80,0.18,1699.20,305.86,UPI,Delivered,Social Commerce,Rahul Verma,Shadowfax,4,3,1315.21,383.99,0.2260,159.00,2164.06
IN250500256,26-May-2025,CUST54452,Siddharth Deshmukh,45,Bengaluru,Karnataka,South,Grocery & Gourmet,Coffee Pack,GRO-COF808,1,469,469,FREESHIP,0.00,0.05,469.00,23.45,UPI,Returned,Marketplace,Anjali Joshi,Delhivery,2,5,298.72,170.28,0.3631,123.00,615.45
IN250500071,27-May-2025,CUST15818,Meera Chauhan,34,Thiruvananthapuram,Kerala,South,Mobiles & Accessories,Smart Watch,MOB-SMA935,1,2399,2399,PAYDAY15,359.85,0.12,2039.15,244.70,UPI,Delivered,Mobile App,Sagar Pawar,Delhivery,2,4,1808.36,230.79,0.1132,153.00,2436.85
IN250500746,27-May-2025,CUST87890,Reyansh Rathod,40,Noida,Uttar Pradesh,North,Grocery & Gourmet,Dry Fruits Pack,GRO-DRY605,3,1899,5697,No Coupon,0.00,0.12,5697.00,683.64,UPI,Delivered,Marketplace,Rahul Verma,Xpressbees,5,4,4359.00,1338.00,0.2349,147.00,6527.64
IN250500990,27-May-2025,CUST90259,Saanvi Ansari,20,Mumbai,Maharashtra,West,Sports & Fitness,Cricket Bat,SPO-CRI321,2,1899,3798,FESTIVE10,379.80,0.12,3418.20,410.18,Debit Card,Delivered,Website,Vikram Singh,Xpressbees,4,4,2242.65,1175.55,0.3439,172.00,4000.38
IN250501405,28-May-2025,CUST33425,Aarti Kulkarni,46,Pune,Maharashtra,West,Home & Kitchen,Air Fryer,HOM-AIR229,2,7799,15598,DIWALI20,3119.60,0.18,12478.40,2246.11,UPI,Shipped,Social Commerce,Kavya Deshmukh,Shadowfax,4,,9300.60,3177.80,0.2547,99.00,14823.51
IN250501488,28-May-2025,CUST55524,Myra Mehta,19,Surat,Gujarat,West,Home & Kitchen,Mixer Grinder,HOM-MIX795,4,2499,9996,MEGADEAL,1799.28,0.12,8196.72,983.61,Credit Card,Delivered,Website,Neha Patel,Blue Dart,8,4,7677.49,519.23,0.0633,170.00,9350.33
IN250500437,29-May-2025,CUST45221,Yash Kulkarni,39,Hyderabad,Telangana,South,Mobiles & Accessories,Bluetooth Earbuds,MOB-BLU931,1,6699,6699,NEWYEAR10,669.90,0.12,6029.10,723.49,UPI,Shipped,Website,Vikram Singh,India Post,4,,5735.91,293.19,0.0486,110.00,6862.59
IN250500491,29-May-2025,CUST43181,Ira Kadam,26,Kochi,Kerala,South,Mobiles & Accessories,Phone Cover,MOB-PHO982,1,834,834,MEGADEAL,150.12,0.12,683.88,82.07,Credit Card,Delivered,Mobile App,Deepak Yadav,Shadowfax,3,5,648.63,35.25,0.0515,97.00,862.95
IN250501926,29-May-2025,CUST74794,Vikram Bansal,47,Bhopal,Madhya Pradesh,Central,Grocery & Gourmet,Spices Combo,GRO-SPI885,2,370,740,No Coupon,0.00,0.05,740.00,37.00,Credit Card,Delivered,Mobile App,Neha Patel,DTDC,3,4,489.75,250.25,0.3382,166.00,943.00
IN250502383,29-May-2025,CUST95555,Tanvi Verma,56,Guwahati,Assam,North East,Electronics,LED TV,ELE-LED646,2,62599,125198,No Coupon,0.00,0.12,125198.00,15023.76,Net Banking,Delivered,Website,Deepak Yadav,DTDC,2,1,99549.65,25648.35,0.2049,168.00,140389.76
IN250500458,30-May-2025,CUST18759,Riya Bansal,18,Ludhiana,Punjab,North,Fashion,Women Kurti,FAS-WOM376,1,2599,2599,No Coupon,0.00,0.18,2599.00,467.82,Credit Card,Returned,Mobile App,Anjali Joshi,DTDC,2,5,1591.35,1007.65,0.3877,63.00,3129.82
IN250500785,30-May-2025,CUST50883,Amit Tiwari,37,Surat,Gujarat,West,Mobiles & Accessories,Smart Watch,MOB-SMA292,1,13599,13599,No Coupon,0.00,0.18,13599.00,2447.82,UPI,Delivered,Mobile App,Amit Sharma,Blue Dart,4,5,10527.09,3071.91,0.2259,133.00,16179.82
IN250500908,30-May-2025,CUST49289,Payal Das,22,Guwahati,Assam,North East,Electronics,Laptop,ELE-LAP515,1,64099,64099,No Coupon,0.00,0.18,64099.00,11537.82,UPI,Cancelled,Marketplace,Rahul Verma,Delhivery,3,,52907.52,11191.48,0.1746,0.00,75636.82
IN250501645,30-May-2025,CUST91654,Janhavi Joshi,52,Coimbatore,Tamil Nadu,South,Home & Kitchen,Cookware Set,HOM-COO176,3,6899,20697,APPONLY,1655.76,0.12,19041.24,2284.95,COD,Delivered,Marketplace,Swati Mishra,Ecom Express,2,4,13900.33,5140.91,0.2700,64.00,21390.19
IN250502030,30-May-2025,CUST87928,Pranav Singh,35,Nagpur,Maharashtra,West,Grocery & Gourmet,Tea Pack,GRO-TEA718,1,535,535,No Coupon,0.00,0.18,535.00,96.30,UPI,Delivered,Website,Pooja Reddy,Blue Dart,2,5,355.21,179.79,0.3361,65.00,696.30
IN250500773,31-May-2025,CUST24304,Neha Patel,26,Delhi,Delhi,North,Fashion,Women Kurti,FAS-WOM408,1,1399,1399,No Coupon,0.00,0.12,1399.00,167.88,Debit Card,Delivered,Mobile App,Karan Malhotra,Blue Dart,2,5,971.06,427.94,0.3059,172.00,1738.88
IN250501295,31-May-2025,CUST53130,Anika Chauhan,57,Bhubaneswar,Odisha,East,Grocery & Gourmet,Cold Pressed Oil,GRO-COL401,1,530,530,PAYDAY15,79.50,0.12,450.50,54.06,UPI,Delivered,Marketplace,Rohan Mehta,Delhivery,2,4,376.71,73.79,0.1638,104.00,608.56
IN250501828,31-May-2025,CUST17693,Amit Agarwal,53,Ludhiana,Punjab,North,Home & Kitchen,Water Purifier,HOM-WAT788,3,11499,34497,No Coupon,0.00,0.12,34497.00,4139.64,UPI,Delivered,Mobile App,Nikhil Bansal,India Post,5,5,24255.14,10241.86,0.2969,179.00,38815.64
IN250502167,31-May-2025,CUST90521,Kiara Joshi,40,Gurugram,Haryana,North,Mobiles & Accessories,Bluetooth Earbuds,MOB-BLU664,1,3199,3199,No Coupon,0.00,0.18,3199.00,575.82,Wallet,Shipped,Marketplace,Isha Gupta,Shadowfax,4,,2371.60,827.40,0.2586,132.00,3906.82
IN250502308,31-May-2025,CUST67627,Deepak Khan,38,Guwahati,Assam,North East,Grocery & Gourmet,Spices Combo,GRO-SPI219,1,217,217,No Coupon,0.00,0.12,217.00,26.04,Debit Card,Delivered,Website,Tanvi Jadhav,India Post,7,5,126.58,90.42,0.4167,96.00,339.04
IN250600420,01-Jun-2025,CUST26699,Saanvi Rathod,27,Pune,Maharashtra,West,Home & Kitchen,Cookware Set,HOM-COO362,1,1799,1799,No Coupon,0.00,0.18,1799.00,323.82,Debit Card,Delivered,Website,Nikhil Bansal,India Post,2,4,1340.85,458.15,0.2547,117.00,2239.82
IN250600422,01-Jun-2025,CUST51896,Meera Saxena,38,Surat,Gujarat,West,Fashion,Jeans,FAS-JEA863,3,3099,9297,FESTIVE10,929.70,0.12,8367.30,1004.08,Net Banking,Delivered,Website,Sneha Kulkarni,Delhivery,4,4,5845.61,2521.69,0.3014,73.00,9444.38
IN250601913,01-Jun-2025,CUST48426,Harsh Chatterjee,41,Thiruvananthapuram,Kerala,South,Fashion,Women Kurti,FAS-WOM646,1,1599,1599,FESTIVE10,159.90,0.18,1439.10,259.04,Wallet,Delivered,Social Commerce,Karan Malhotra,Xpressbees,4,5,948.18,490.92,0.3411,123.00,1821.14
IN250602258,01-Jun-2025,CUST43749,Shruti Chauhan,45,Bhubaneswar,Odisha,East,Electronics,Wireless Mouse,ELE-WIR658,1,1999,1999,APPONLY,159.92,0.12,1839.08,220.69,Credit Card,Delivered,Mobile App,Deepak Yadav,DTDC,8,5,1575.18,263.90,0.1435,104.00,2163.77
IN250602348,01-Jun-2025,CUST51165,Payal Bansal,23,Ahmedabad,Gujarat,West,Sports & Fitness,Fitness Band,SPO-FIT684,1,5399,5399,FESTIVE10,539.90,0.18,4859.10,874.64,Credit Card,Delivered,Mobile App,Nikhil Bansal,India Post,2,5,3214.95,1644.15,0.3384,81.00,5814.74
IN250600286,02-Jun-2025,CUST51558,Aadhya Pawar,46,Bengaluru,Karnataka,South,Sports & Fitness,Dumbbell Set,SPO-DUM669,2,4299,8598,No Coupon,0.00,0.18,8598.00,1547.64,Net Banking,Delivered,Marketplace,Pooja Reddy,Delhivery,3,2,6595.87,2002.13,0.2329,117.00,10262.64
IN250600733,02-Jun-2025,CUST49533,Akshay Rathod,28,Noida,Uttar Pradesh,North,Grocery & Gourmet,Tea Pack,GRO-TEA166,1,216,216,FESTIVE10,21.60,0.12,194.40,23.33,Credit Card,Delivered,Website,Vikram Singh,Shadowfax,4,5,155.77,38.63,0.1987,69.00,286.73
IN250601969,02-Jun-2025,CUST55098,Priya Kulkarni,38,Ahmedabad,Gujarat,West,Beauty & Personal Care,Trimmer,BEA-TRI688,1,2499,2499,FESTIVE10,249.90,0.18,2249.10,404.84,Net Banking,Cancelled,Mobile App,Sneha Kulkarni,DTDC,7,,1774.77,474.33,0.2109,0.00,2653.94
IN250600470,03-Jun-2025,CUST80830,Manish Saxena,51,Kolkata,West Bengal,East,Grocery & Gourmet,Dry Fruits Pack,GRO-DRY622,4,1899,7596,No Coupon,0.00,0.05,7596.00,379.80,UPI,Delivered,Mobile App,Kavya Deshmukh,DTDC,4,5,5599.07,1996.93,0.2629,167.00,8142.80
IN250601378,03-Jun-2025,CUST30858,Riya Banerjee,56,Gurugram,Haryana,North,Beauty & Personal Care,Hair Oil,BEA-HAI700,1,267,267,FREESHIP,0.00,0.12,267.00,32.04,COD,Delivered,Website,Nikhil Bansal,India Post,4,5,203.54,63.46,0.2377,115.00,414.04
IN250600603,06-Jun-2025,CUST85922,Isha Pawar,19,Bhubaneswar,Odisha,East,Home & Kitchen,Bedsheet Set,HOM-BED156,2,1899,3798,FREESHIP,0.00,0.12,3798.00,455.76,Net Banking,Delivered,Mobile App,Sagar Pawar,Delhivery,4,4,2216.58,1581.42,0.4164,156.00,4409.76
IN250600817,06-Jun-2025,CUST47094,Mansi Deshmukh,31,Bhopal,Madhya Pradesh,Central,Beauty & Personal Care,Hair Oil,BEA-HAI478,1,320,320,MEGADEAL,57.60,0.18,262.40,47.23,UPI,Delivered,Website,Anjali Joshi,DTDC,4,4,202.20,60.20,0.2294,139.00,448.63
IN250601127,06-Jun-2025,CUST10125,Aditya Kapoor,52,Surat,Gujarat,West,Grocery & Gourmet,Basmati Rice 5kg,GRO-BAS264,5,963,4815,No Coupon,0.00,0.18,4815.00,866.70,Credit Card,Delivered,Mobile App,Vikram Singh,Delhivery,3,4,2871.38,1943.62,0.4037,103.00,5784.70
IN250601203,06-Jun-2025,CUST64284,Shaurya Verma,52,Indore,Madhya Pradesh,Central,Mobiles & Accessories,Power Bank,MOB-POW328,1,2999,2999,FESTIVE10,299.90,0.12,2699.10,323.89,Debit Card,Delivered,Mobile App,Deepak Yadav,Delhivery,3,4,2227.67,471.43,0.1747,98.00,3120.99
IN250601843,06-Jun-2025,CUST87954,Ayaan Joshi,20,Lucknow,Uttar Pradesh,North,Fashion,Jeans,FAS-JEA730,2,999,1998,MEGADEAL,359.64,0.12,1638.36,196.60,Debit Card,Cancelled,Mobile App,Vikram Singh,Ecom Express,2,,1381.95,256.41,0.1565,0.00,1834.96
IN250600089,07-Jun-2025,CUST43269,Kiara Dhawale,19,Pune,Maharashtra,West,Fashion,Women Kurti,FAS-WOM459,1,1899,1899,FREESHIP,0.00,0.12,1899.00,227.88,UPI,Returned,Website,Sagar Pawar,Shadowfax,6,4,1192.45,706.55,0.3721,131.00,2257.88
IN250600340,07-Jun-2025,CUST24472,Tanvi Agarwal,49,Chennai,Tamil Nadu,South,Home & Kitchen,Mixer Grinder,HOM-MIX449,1,2299,2299,MEGADEAL,413.82,0.12,1885.18,226.22,UPI,Delivered,Website,Sneha Kulkarni,Delhivery,4,4,1604.83,280.35,0.1487,115.00,2226.40
IN250600645,07-Jun-2025,CUST77839,Vivaan Banerjee,41,Delhi,Delhi,North,Home & Kitchen,Mixer Grinder,HOM-MIX740,3,1499,4497,FREESHIP,0.00,0.18,4497.00,809.46,COD,Delivered,Mobile App,Isha Gupta,Shadowfax,1,5,2695.07,1801.93,0.4007,103.00,5409.46
IN250601114,07-Jun-2025,CUST25070,Meera Patel,31,Coimbatore,Tamil Nadu,South,Mobiles & Accessories,Power Bank,MOB-POW245,3,2699,8097,No Coupon,0.00,0.18,8097.00,1457.46,COD,Delivered,Mobile App,Manish Iyer,DTDC,1,5,5868.94,2228.06,0.2752,84.00,9638.46
IN250601757,07-Jun-2025,CUST13058,Ayaan More,26,Coimbatore,Tamil Nadu,South,Electronics,Keyboard,ELE-KEY188,1,2199,2199,APPONLY,175.92,0.12,2023.08,242.77,UPI,Delivered,Mobile App,Rohan Mehta,Shadowfax,3,4,1753.28,269.80,0.1334,82.00,2347.85
IN250602293,07-Jun-2025,CUST28900,Rohan Dhawale,52,Bhubaneswar,Odisha,East,Fashion,Women Kurti,FAS-WOM782,2,1799,3598,No Coupon,0.00,0.12,3598.00,431.76,UPI,Delivered,Social Commerce,Sagar Pawar,Xpressbees,1,5,2674.86,923.14,0.2566,128.00,4157.76
IN250602479,07-Jun-2025,CUST52568,Rudra Mehta,54,Lucknow,Uttar Pradesh,North,Mobiles & Accessories,Phone Cover,MOB-PHO460,1,622,622,FESTIVE10,62.20,0.18,559.80,100.76,UPI,Cancelled,Website,Anjali Joshi,India Post,2,,487.24,72.56,0.1296,0.00,660.56
IN250601199,08-Jun-2025,CUST84665,Mansi Shinde,34,Ranchi,Jharkhand,East,Electronics,LED TV,ELE-LED537,2,63299,126598,No Coupon,0.00,0.18,126598.00,22787.64,UPI,Cancelled,Social Commerce,Priya Nair,India Post,1,,108231.60,18366.40,0.1451,0.00,149385.64
IN250601323,09-Jun-2025,CUST16476,Atharv Shinde,32,Bhopal,Madhya Pradesh,Central,Home & Kitchen,Cookware Set,HOM-COO126,1,4299,4299,No Coupon,0.00,0.18,4299.00,773.82,Net Banking,Delivered,Mobile App,Isha Gupta,DTDC,1,1,2587.64,1711.36,0.3981,125.00,5197.82
IN250601433,09-Jun-2025,CUST86648,Rohan More,19,Visakhapatnam,Andhra Pradesh,South,Grocery & Gourmet,Spices Combo,GRO-SPI439,2,738,1476,No Coupon,0.00,0.18,1476.00,265.68,COD,Cancelled,Mobile App,Kavya Deshmukh,Blue Dart,5,,1121.76,354.24,0.2400,0.00,1741.68
IN250602156,09-Jun-2025,CUST76133,Pranav Singh,32,Gurugram,Haryana,North,Home & Kitchen,Water Purifier,HOM-WAT971,1,24199,24199,No Coupon,0.00,0.12,24199.00,2903.88,Debit Card,Delivered,Website,Amit Sharma,Xpressbees,3,4,16605.78,7593.22,0.3138,151.00,27253.88
IN250600728,10-Jun-2025,CUST97341,Isha Dhawale,18,Bhubaneswar,Odisha,East,Mobiles & Accessories,Power Bank,MOB-POW201,1,1599,1599,No Coupon,0.00,0.18,1599.00,287.82,UPI,Delivered,Mobile App,Karan Malhotra,Delhivery,5,5,1297.13,301.87,0.1888,135.00,2021.82
IN250600740,10-Jun-2025,CUST50470,Nisha Patel,39,Vijayawada,Andhra Pradesh,South,Home & Kitchen,Bedsheet Set,HOM-BED395,2,2199,4398,FESTIVE10,439.80,0.12,3958.20,474.98,Debit Card,Delivered,Website,Rohan Mehta,India Post,4,4,3258.15,700.05,0.1769,90.00,4523.18
IN250601458,10-Jun-2025,CUST18300,Kabir Agarwal,41,Pune,Maharashtra,West,Home & Kitchen,Cookware Set,HOM-COO666,1,6699,6699,FESTIVE10,669.90,0.18,6029.10,1085.24,Debit Card,Shipped,Marketplace,Vikram Singh,DTDC,2,,4396.38,1632.72,0.2708,94.00,7208.34
IN250602252,10-Jun-2025,CUST68241,Rutuja Rathod,38,Visakhapatnam,Andhra Pradesh,South,Home & Kitchen,Air Fryer,HOM-AIR609,1,7399,7399,No Coupon,0.00,0.18,7399.00,1331.82,Net Banking,Delivered,Marketplace,Neha Patel,Delhivery,3,3,5709.36,1689.64,0.2284,106.00,8836.82
IN250601071,11-Jun-2025,CUST91489,Riya Chauhan,37,Nagpur,Maharashtra,West,Electronics,Bluetooth Speaker,ELE-BLU357,1,11199,11199,PAYDAY15,1679.85,0.12,9519.15,1142.30,UPI,Returned,Marketplace,Deepak Yadav,Delhivery,3,5,9081.23,437.92,0.0460,135.00,10796.45
IN250601225,12-Jun-2025,CUST50889,Prachi Chauhan,58,Hyderabad,Telangana,South,Books & Stationery,Office Diary,BOO-OFF377,1,604,604,FESTIVE10,60.40,0.12,543.60,65.23,UPI,Cancelled,Website,Manish Iyer,Blue Dart,3,,381.27,162.33,0.2986,0.00,608.83
IN250601346,12-Jun-2025,CUST55584,Siddharth Shaikh,58,Bengaluru,Karnataka,South,Mobiles & Accessories,Bluetooth Earbuds,MOB-BLU967,1,4599,4599,FREESHIP,0.00,0.12,4599.00,551.88,Net Banking,Cancelled,Marketplace,Rahul Verma,Delhivery,6,,3619.16,979.84,0.2131,0.00,5150.88
IN250601264,13-Jun-2025,CUST58087,Ayaan Shaikh,51,Hyderabad,Telangana,South,Home & Kitchen,Air Fryer,HOM-AIR292,2,13399,26798,No Coupon,0.00,0.12,26798.00,3215.76,Net Banking,Delivered,Mobile App,Sneha Kulkarni,DTDC,2,1,17611.43,9186.57,0.3428,163.00,30176.76
IN250602492,13-Jun-2025,CUST15654,Ayaan Banerjee,45,Vadodara,Gujarat,West,Electronics,Bluetooth Speaker,ELE-BLU358,4,11699,46796,MEGADEAL,8423.28,0.18,38372.72,6907.09,Debit Card,Delivered,Mobile App,Sneha Kulkarni,Ecom Express,2,5,35906.64,2466.08,0.0643,106.00,45385.81
IN250600035,14-Jun-2025,CUST65472,Karan Chauhan,51,Guwahati,Assam,North East,Electronics,Keyboard,ELE-KEY531,1,3199,3199,No Coupon,0.00,0.12,3199.00,383.88,UPI,Delivered,Website,Kavya Deshmukh,Ecom Express,1,3,2353.83,845.17,0.2642,60.00,3642.88
IN250601684,14-Jun-2025,CUST92366,Vihaan Kadam,28,Chennai,Tamil Nadu,South,Home & Kitchen,Bedsheet Set,HOM-BED643,3,2099,6297,No Coupon,0.00,0.18,6297.00,1133.46,Net Banking,Delivered,Mobile App,Karan Malhotra,Xpressbees,4,5,4429.56,1867.44,0.2966,132.00,7562.46
IN250601862,14-Jun-2025,CUST32199,Vivaan Pawar,36,Pune,Maharashtra,West,Books & Stationery,Kids Story Book,BOO-KID916,1,487,487,No Coupon,0.00,0.05,487.00,24.35,UPI,Delivered,Website,Neha Patel,Blue Dart,4,4,317.28,169.72,0.3485,77.00,588.35
IN250600031,15-Jun-2025,CUST40444,Bhavna Mishra,34,Visakhapatnam,Andhra Pradesh,South,Electronics,LED TV,ELE-LED842,1,71699,71699,FESTIVE10,7169.90,0.18,64529.10,11615.24,Credit Card,Returned,Marketplace,Isha Gupta,DTDC,3,5,61463.92,3065.18,0.0475,133.00,76277.34
IN250600246,15-Jun-2025,CUST34394,Aarav Nair,19,Kochi,Kerala,South,Electronics,Tablet,ELE-TAB376,1,53499,53499,No Coupon,0.00,0.18,53499.00,9629.82,Credit Card,Delivered,Marketplace,Isha Gupta,Ecom Express,5,5,41340.30,12158.70,0.2273,175.00,63303.82
IN250600330,15-Jun-2025,CUST11300,Diya Singh,30,Bhopal,Madhya Pradesh,Central,Home & Kitchen,Air Fryer,HOM-AIR739,1,4099,4099,FREESHIP,0.00,0.12,4099.00,491.88,Debit Card,Delivered,Mobile App,Anjali Joshi,Ecom Express,6,4,3077.49,1021.51,0.2492,93.00,4683.88
IN250601435,15-Jun-2025,CUST54802,Yash Bhatia,21,Nashik,Maharashtra,West,Home & Kitchen,Cookware Set,HOM-COO830,5,6999,34995,APPONLY,2799.60,0.12,32195.40,3863.45,UPI,Delivered,Website,Kavya Deshmukh,DTDC,7,4,23441.31,8754.09,0.2719,175.00,36233.85
IN250601711,16-Jun-2025,CUST79648,Nisha Yadav,48,Hyderabad,Telangana,South,Sports & Fitness,Running Shoes,SPO-RUN185,2,6099,12198,No Coupon,0.00,0.18,12198.00,2195.64,UPI,Returned,Mobile App,Deepak Yadav,Delhivery,5,5,9007.06,3190.94,0.2616,67.00,14460.64
IN250602142,16-Jun-2025,CUST65111,Aditya Deshmukh,57,Ahmedabad,Gujarat,West,Sports & Fitness,Dumbbell Set,SPO-DUM651,1,4699,4699,No Coupon,0.00,0.18,4699.00,845.82,Wallet,Delivered,Mobile App,Tanvi Jadhav,DTDC,2,5,3638.42,1060.58,0.2257,67.00,5611.82
IN250602193,16-Jun-2025,CUST90861,Sakshi Yadav,54,Bengaluru,Karnataka,South,Mobiles & Accessories,Smart Watch,MOB-SMA637,1,7499,7499,No Coupon,0.00,0.18,7499.00,1349.82,UPI,Shipped,Website,Priya Nair,Blue Dart,4,,5896.75,1602.25,0.2137,142.00,8990.82
IN250601445,17-Jun-2025,CUST31298,Ira Iyer,49,Bhopal,Madhya Pradesh,Central,Fashion,Saree,FAS-SAR996,1,5599,5599,PAYDAY15,839.85,0.12,4759.15,571.10,Debit Card,Cancelled,Mobile App,Swati Mishra,Xpressbees,3,,4284.93,474.22,0.0996,0.00,5330.25
IN250601179,18-Jun-2025,CUST55939,Harsh Saxena,45,Kochi,Kerala,South,Mobiles & Accessories,Bluetooth Earbuds,MOB-BLU153,1,4899,4899,No Coupon,0.00,0.18,4899.00,881.82,UPI,Delivered,Marketplace,Nikhil Bansal,India Post,7,3,3958.70,940.30,0.1919,111.00,5891.82
IN250602006,18-Jun-2025,CUST52771,Bhavna Shaikh,51,Vijayawada,Andhra Pradesh,South,Beauty & Personal Care,Hair Oil,BEA-HAI875,5,251,1255,No Coupon,0.00,0.18,1255.00,225.90,UPI,Delivered,Mobile App,Nikhil Bansal,Delhivery,3,4,815.19,439.81,0.3504,130.00,1610.90
IN250601544,20-Jun-2025,CUST25246,Yash Kapoor,35,Patna,Bihar,East,Mobiles & Accessories,Bluetooth Earbuds,MOB-BLU476,1,3599,3599,No Coupon,0.00,0.12,3599.00,431.88,UPI,Delivered,Mobile App,Sneha Kulkarni,India Post,2,5,2739.69,859.31,0.2388,102.00,4132.88
IN250600240,21-Jun-2025,CUST88069,Aadhya Bhatia,57,Bengaluru,Karnataka,South,Sports & Fitness,Fitness Band,SPO-FIT802,1,2799,2799,No Coupon,0.00,0.12,2799.00,335.88,UPI,Delivered,Website,Vikram Singh,Shadowfax,2,5,2149.44,649.56,0.2321,169.00,3303.88
IN250600378,21-Jun-2025,CUST87832,Kiara Mishra,40,Bhopal,Madhya Pradesh,Central,Fashion,Handbag,FAS-HAN964,1,3599,3599,FESTIVE10,359.90,0.12,3239.10,388.69,UPI,Delivered,Website,Swati Mishra,India Post,6,3,2546.84,692.26,0.2137,89.00,3716.79
IN250600737,21-Jun-2025,CUST40252,Shruti Mishra,26,Guwahati,Assam,North East,Fashion,Saree,FAS-SAR825,1,6499,6499,No Coupon,0.00,0.12,6499.00,779.88,UPI,Delivered,Marketplace,Kavya Deshmukh,India Post,3,4,4473.90,2025.10,0.3116,68.00,7346.88
IN250600934,21-Jun-2025,CUST60329,Payal Rathod,18,Coimbatore,Tamil Nadu,South,Books & Stationery,Kids Story Book,BOO-KID548,1,499,499,DIWALI20,99.80,0.05,399.20,19.96,Credit Card,Delivered,Website,Vikram Singh,India Post,2,3,323.40,75.80,0.1899,78.00,497.16
IN250601289,21-Jun-2025,CUST20972,Rutuja Rathod,48,Mysuru,Karnataka,South,Beauty & Personal Care,Skin Cream,BEA-SKI563,2,218,436,PAYDAY15,65.40,0.18,370.60,66.71,UPI,Delivered,Website,Deepak Yadav,Blue Dart,3,2,311.06,59.54,0.1607,154.00,591.31
IN250602225,21-Jun-2025,CUST11326,Diya Rathod,55,Vijayawada,Andhra Pradesh,South,Mobiles & Accessories,Bluetooth Earbuds,MOB-BLU748,2,8799,17598,DIWALI20,3519.60,0.18,14078.40,2534.11,Net Banking,Delivered,Mobile App,Sagar Pawar,Xpressbees,3,1,13067.62,1010.78,0.0718,64.00,16676.51
IN250600465,22-Jun-2025,CUST72044,Akshay Malhotra,21,Patna,Bihar,East,Home & Kitchen,Water Purifier,HOM-WAT136,2,18899,37798,No Coupon,0.00,0.18,37798.00,6803.64,UPI,Returned,Website,Deepak Yadav,Delhivery,2,5,26053.55,11744.45,0.3107,167.00,44768.64
IN250601917,22-Jun-2025,CUST34270,Rahul More,46,Vijayawada,Andhra Pradesh,South,Home & Kitchen,Air Fryer,HOM-AIR372,2,9399,18798,No Coupon,0.00,0.18,18798.00,3383.64,UPI,Delivered,Website,Tanvi Jadhav,DTDC,6,4,14200.14,4597.86,0.2446,150.00,22331.64
IN250602249,22-Jun-2025,CUST90624,Priya Kapoor,49,Ludhiana,Punjab,North,Electronics,Wireless Mouse,ELE-WIR315,2,2299,4598,FESTIVE10,459.80,0.18,4138.20,744.88,UPI,Delivered,Mobile App,Kavya Deshmukh,DTDC,7,5,3482.98,655.22,0.1583,180.00,5063.08
IN250600826,23-Jun-2025,CUST85676,Manish Rathod,45,Hyderabad,Telangana,South,Beauty & Personal Care,Trimmer,BEA-TRI352,1,1299,1299,No Coupon,0.00,0.18,1299.00,233.82,Net Banking,Cancelled,Website,Sagar Pawar,Shadowfax,4,,975.97,323.03,0.2487,0.00,1532.82
IN250600946,23-Jun-2025,CUST65975,Ira Verma,35,Lucknow,Uttar Pradesh,North,Grocery & Gourmet,Cold Pressed Oil,GRO-COL888,1,605,605,No Coupon,0.00,0.05,605.00,30.25,COD,Delivered,Social Commerce,Swati Mishra,Delhivery,6,4,433.30,171.70,0.2838,95.00,730.25
IN250601705,24-Jun-2025,CUST27892,Yash Gupta,52,Patna,Bihar,East,Mobiles & Accessories,Smartphone,MOB-SMA134,1,37599,37599,FREESHIP,0.00,0.12,37599.00,4511.88,UPI,Shipped,Marketplace,Nikhil Bansal,Blue Dart,3,,28501.25,9097.75,0.2420,91.00,42201.88
IN250602207,24-Jun-2025,CUST63909,Nisha Deshmukh,52,Visakhapatnam,Andhra Pradesh,South,Home & Kitchen,Mixer Grinder,HOM-MIX616,1,5599,5599,No Coupon,0.00,0.18,5599.00,1007.82,UPI,Cancelled,Mobile App,Deepak Yadav,Delhivery,1,,4211.65,1387.35,0.2478,0.00,6606.82
IN250601076,25-Jun-2025,CUST90675,Shruti Rathod,42,Chennai,Tamil Nadu,South,Fashion,Women Kurti,FAS-WOM959,1,2899,2899,DIWALI20,579.80,0.18,2319.20,417.46,Credit Card,Returned,Website,Rohan Mehta,DTDC,6,5,1959.44,359.76,0.1551,130.00,2866.66
IN250601852,25-Jun-2025,CUST56179,Myra Das,36,Visakhapatnam,Andhra Pradesh,South,Home & Kitchen,Cookware Set,HOM-COO876,2,6899,13798,No Coupon,0.00,0.18,13798.00,2483.64,Net Banking,Delivered,Mobile App,Sagar Pawar,Blue Dart,4,5,8925.88,4872.12,0.3531,68.00,16349.64
IN250602381,25-Jun-2025,CUST11195,Kiara Patel,46,Nashik,Maharashtra,West,Books & Stationery,Notebook Pack,BOO-NOT827,2,108,216,FESTIVE10,21.60,0.12,194.40,23.33,COD,Returned,Marketplace,Pooja Reddy,Shadowfax,5,2,168.47,25.93,0.1334,65.00,282.73
IN250600805,26-Jun-2025,CUST53435,Vihaan Nair,54,Ludhiana,Punjab,North,Grocery & Gourmet,Tea Pack,GRO-TEA591,1,564,564,MEGADEAL,101.52,0.12,462.48,55.50,UPI,Delivered,Social Commerce,Rohan Mehta,Delhivery,5,5,397.03,65.45,0.1415,147.00,664.98
IN250601189,26-Jun-2025,CUST69256,Ayaan Chatterjee,44,Bhubaneswar,Odisha,East,Mobiles & Accessories,Smart Watch,MOB-SMA869,2,17299,34598,No Coupon,0.00,0.12,34598.00,4151.76,UPI,Delivered,Mobile App,Tanvi Jadhav,Blue Dart,4,4,25757.95,8840.05,0.2555,138.00,38887.76
IN250600451,28-Jun-2025,CUST26258,Shruti Banerjee,21,Jaipur,Rajasthan,North,Grocery & Gourmet,Cold Pressed Oil,GRO-COL676,1,789,789,No Coupon,0.00,0.12,789.00,94.68,Credit Card,Delivered,Mobile App,Sagar Pawar,India Post,4,5,462.29,326.71,0.4141,166.00,1049.68
IN250600893,28-Jun-2025,CUST95103,Diya Gupta,25,Visakhapatnam,Andhra Pradesh,South,Fashion,Women Kurti,FAS-WOM858,1,1699,1699,No Coupon,0.00,0.18,1699.00,305.82,UPI,Cancelled,Website,Neha Patel,Xpressbees,4,,1208.48,490.52,0.2887,0.00,2004.82
IN250601467,28-Jun-2025,CUST66152,Siddharth Khan,37,Ludhiana,Punjab,North,Grocery & Gourmet,Cold Pressed Oil,GRO-COL551,3,766,2298,APPONLY,183.84,0.12,2114.16,253.70,UPI,Delivered,Website,Vikram Singh,Xpressbees,8,4,1417.96,696.20,0.3293,138.00,2505.86
IN250600430,29-Jun-2025,CUST37479,Myra Sharma,28,Ranchi,Jharkhand,East,Beauty & Personal Care,Face Wash,BEA-FAC870,2,455,910,No Coupon,0.00,0.12,910.00,109.20,UPI,Delivered,Social Commerce,Rohan Mehta,India Post,7,5,550.74,359.26,0.3948,167.00,1186.20
IN250601599,29-Jun-2025,CUST48488,Tanvi Gupta,57,Gurugram,Haryana,North,Mobiles & Accessories,Smartphone,MOB-SMA379,1,20699,20699,APPONLY,1655.92,0.18,19043.08,3427.75,Net Banking,Returned,Website,Deepak Yadav,Xpressbees,3,4,17315.24,1727.84,0.0907,169.00,22639.83
IN250600656,30-Jun-2025,CUST51948,Sakshi Verma,37,Thiruvananthapuram,Kerala,South,Mobiles & Accessories,Bluetooth Earbuds,MOB-BLU584,1,6799,6799,No Coupon,0.00,0.18,6799.00,1223.82,UPI,Shipped,Social Commerce,Priya Nair,Xpressbees,4,,5355.18,1443.82,0.2124,160.00,8182.82
IN250701483,01-Jul-2025,CUST84979,Arjun Deshmukh,21,Nagpur,Maharashtra,West,Mobiles & Accessories,Smart Watch,MOB-SMA269,2,8199,16398,FESTIVE10,1639.80,0.12,14758.20,1770.98,COD,Returned,Website,Swati Mishra,Blue Dart,4,5,12623.84,2134.36,0.1446,145.00,16674.18
IN250700901,02-Jul-2025,CUST22410,Karan Kumar,44,Vijayawada,Andhra Pradesh,South,Electronics,LED TV,ELE-LED421,2,59699,119398,MEGADEAL,21491.64,0.12,97906.36,11748.76,UPI,Delivered,Website,Nikhil Bansal,Blue Dart,3,3,90740.58,7165.78,0.0732,179.00,109834.12
IN250701619,02-Jul-2025,CUST67697,Sagar More,55,Bhubaneswar,Odisha,East,Books & Stationery,Pen Set,BOO-PEN477,2,185,370,No Coupon,0.00,0.05,370.00,18.50,Wallet,Delivered,Website,Karan Malhotra,Delhivery,5,4,230.85,139.15,0.3761,144.00,532.50
IN250701017,04-Jul-2025,CUST33753,Amit Malhotra,53,Mumbai,Maharashtra,West,Grocery & Gourmet,Spices Combo,GRO-SPI307,4,549,2196,No Coupon,0.00,0.12,2196.00,263.52,COD,Delivered,Website,Sneha Kulkarni,India Post,2,4,1662.17,533.83,0.2431,103.00,2562.52
IN250701051,04-Jul-2025,CUST93958,Sakshi Agarwal,50,Nagpur,Maharashtra,West,Sports & Fitness,Dumbbell Set,SPO-DUM155,1,4299,4299,WELCOME100,100.00,0.12,4199.00,503.88,UPI,Delivered,Mobile App,Nikhil Bansal,Ecom Express,5,5,2799.30,1399.70,0.3333,96.00,4798.88
IN250701489,04-Jul-2025,CUST73204,Prachi Gupta,21,Chandigarh,Chandigarh,North,Books & Stationery,Notebook Pack,BOO-NOT265,3,429,1287,No Coupon,0.00,0.05,1287.00,64.35,Debit Card,Delivered,Marketplace,Sneha Kulkarni,Shadowfax,3,4,930.83,356.17,0.2767,170.00,1521.35
IN250701781,04-Jul-2025,CUST37595,Riya Mishra,45,Mumbai,Maharashtra,West,Sports & Fitness,Fitness Band,SPO-FIT212,1,7299,7299,No Coupon,0.00,0.12,7299.00,875.88,COD,Delivered,Website,Vikram Singh,Shadowfax,7,3,5328.76,1970.24,0.2699,135.00,8309.88
IN250701464,05-Jul-2025,CUST22242,Omkar Banerjee,52,Ludhiana,Punjab,North,Mobiles & Accessories,Power Bank,MOB-POW165,1,3699,3699,No Coupon,0.00,0.12,3699.00,443.88,COD,Delivered,Mobile App,Swati Mishra,Blue Dart,3,4,3017.36,681.64,0.1843,127.00,4269.88
IN250701112,06-Jul-2025,CUST99916,Sneha Singh,19,Hyderabad,Telangana,South,Grocery & Gourmet,Cold Pressed Oil,GRO-COL973,1,862,862,WELCOME100,100.00,0.05,762.00,38.10,UPI,Delivered,Website,Pooja Reddy,Blue Dart,7,5,584.67,177.33,0.2327,170.00,970.10
IN250701338,07-Jul-2025,CUST98604,Vikram Nair,33,Chandigarh,Chandigarh,North,Fashion,Sneakers,FAS-SNE207,2,1499,2998,DIWALI20,599.60,0.12,2398.40,287.81,Credit Card,Delivered,Mobile App,Priya Nair,India Post,3,5,2254.79,143.61,0.0599,138.00,2824.21
IN250701873,07-Jul-2025,CUST38526,Akshay Deshmukh,18,Nashik,Maharashtra,West,Beauty & Personal Care,Perfume,BEA-PER224,5,321,1605,No Coupon,0.00,0.18,1605.00,288.90,UPI,Delivered,Mobile App,Deepak Yadav,DTDC,1,4,1083.17,521.83,0.3251,122.00,2015.90
IN250700308,10-Jul-2025,CUST66303,Krishna Bhatia,55,Vijayawada,Andhra Pradesh,South,Beauty & Personal Care,Trimmer,BEA-TRI970,4,1499,5996,PAYDAY15,899.40,0.12,5096.60,611.59,UPI,Delivered,Mobile App,Vikram Singh,Xpressbees,5,5,3723.48,1373.12,0.2694,122.00,5830.19
IN250702389,10-Jul-2025,CUST20167,Yash Saxena,42,Noida,Uttar Pradesh,North,Fashion,Sneakers,FAS-SNE762,5,3299,16495,No Coupon,0.00,0.12,16495.00,1979.40,UPI,Delivered,Mobile App,Neha Patel,India Post,3,5,11942.47,4552.53,0.2760,150.00,18624.40
IN250701046,11-Jul-2025,CUST70424,Priya Gupta,34,Vijayawada,Andhra Pradesh,South,Mobiles & Accessories,Phone Cover,MOB-PHO471,1,909,909,No Coupon,0.00,0.18,909.00,163.62,COD,Shipped,Website,Amit Sharma,DTDC,4,,739.44,169.56,0.1865,132.00,1204.62
IN250701522,11-Jul-2025,CUST37981,Aarav Banerjee,34,Indore,Madhya Pradesh,Central,Electronics,Tablet,ELE-TAB844,2,14799,29598,APPONLY,2367.84,0.18,27230.16,4901.43,UPI,Delivered,Mobile App,Swati Mishra,DTDC,4,3,21405.64,5824.52,0.2139,151.00,32282.59
IN250700322,12-Jul-2025,CUST39650,Saanvi Agarwal,44,Bhopal,Madhya Pradesh,Central,Grocery & Gourmet,Tea Pack,GRO-TEA675,1,558,558,No Coupon,0.00,0.18,558.00,100.44,UPI,Delivered,Website,Rahul Verma,DTDC,3,3,374.72,183.28,0.3285,119.00,777.44
IN250700607,12-Jul-2025,CUST54231,Aditya Jadhav,18,Visakhapatnam,Andhra Pradesh,South,Electronics,Wireless Mouse,ELE-WIR557,1,1099,1099,APPONLY,87.92,0.12,1011.08,121.33,UPI,Delivered,Mobile App,Sagar Pawar,DTDC,5,5,916.64,94.44,0.0934,140.00,1272.41
IN250702376,13-Jul-2025,CUST34389,Krishna Das,43,Noida,Uttar Pradesh,North,Beauty & Personal Care,Skin Cream,BEA-SKI830,1,1099,1099,No Coupon,0.00,0.18,1099.00,197.82,COD,Delivered,Website,Amit Sharma,DTDC,5,5,842.27,256.73,0.2336,161.00,1457.82
IN250700413,14-Jul-2025,CUST38602,Rahul Yadav,58,Chennai,Tamil Nadu,South,Books & Stationery,Office Diary,BOO-OFF179,1,792,792,FESTIVE10,79.20,0.05,712.80,35.64,UPI,Delivered,Mobile App,Isha Gupta,Shadowfax,2,5,529.97,182.83,0.2565,69.00,817.44
IN250700559,14-Jul-2025,CUST13072,Neha Shinde,56,Thiruvananthapuram,Kerala,South,Mobiles & Accessories,Bluetooth Earbuds,MOB-BLU556,1,7999,7999,No Coupon,0.00,0.18,7999.00,1439.82,Credit Card,Shipped,Marketplace,Amit Sharma,India Post,4,,6627.99,1371.01,0.1714,86.00,9524.82
IN250700795,14-Jul-2025,CUST71907,Aarti Ansari,24,Jaipur,Rajasthan,North,Electronics,Keyboard,ELE-KEY393,1,3799,3799,APPONLY,303.92,0.18,3495.08,629.11,Wallet,Delivered,Mobile App,Sneha Kulkarni,Shadowfax,3,1,3210.91,284.17,0.0813,145.00,4269.19
IN250701779,14-Jul-2025,CUST55899,Harsh Sharma,29,Mysuru,Karnataka,South,Mobiles & Accessories,Smartphone,MOB-SMA543,3,50399,151197,PAYDAY15,22679.55,0.18,128517.45,23133.14,Credit Card,Delivered,Mobile App,Kavya Deshmukh,Delhivery,2,5,124906.60,3610.85,0.0281,63.00,151713.59
IN250702070,14-Jul-2025,CUST66166,Amit Gupta,37,Guwahati,Assam,North East,Home & Kitchen,Air Fryer,HOM-AIR699,1,6999,6999,FESTIVE10,699.90,0.12,6299.10,755.89,UPI,Delivered,Marketplace,Kavya Deshmukh,Shadowfax,3,3,4915.74,1383.36,0.2196,60.00,7114.99
IN250702180,14-Jul-2025,CUST43488,Anaya Kapoor,27,Nagpur,Maharashtra,West,Beauty & Personal Care,Shampoo,BEA-SHA427,4,334,1336,No Coupon,0.00,0.18,1336.00,240.48,UPI,Delivered,Website,Sneha Kulkarni,India Post,5,5,816.69,519.31,0.3887,117.00,1693.48
IN250700488,15-Jul-2025,CUST42497,Myra Shinde,23,Delhi,Delhi,North,Fashion,Handbag,FAS-HAN539,5,1299,6495,WELCOME100,100.00,0.12,6395.00,767.40,Credit Card,Delivered,Marketplace,Neha Patel,Blue Dart,2,5,3923.58,2471.42,0.3865,157.00,7319.40
IN250700858,15-Jul-2025,CUST16960,Ishaan Agarwal,33,Indore,Madhya Pradesh,Central,Sports & Fitness,Dumbbell Set,SPO-DUM749,1,2399,2399,No Coupon,0.00,0.18,2399.00,431.82,Debit Card,Delivered,Mobile App,Manish Iyer,Shadowfax,1,4,1745.79,653.21,0.2723,97.00,2927.82
IN250702444,15-Jul-2025,CUST90979,Karan Iyer,48,Lucknow,Uttar Pradesh,North,Beauty & Personal Care,Face Wash,BEA-FAC780,1,569,569,FESTIVE10,56.90,0.18,512.10,92.18,Debit Card,Delivered,Marketplace,Isha Gupta,Delhivery,3,3,393.86,118.24,0.2309,158.00,762.28
IN250702474,15-Jul-2025,CUST86468,Tanvi Bhatia,26,Visakhapatnam,Andhra Pradesh,South,Mobiles & Accessories,Smartphone,MOB-SMA504,1,17399,17399,APPONLY,1391.92,0.18,16007.08,2881.27,COD,Delivered,Social Commerce,Neha Patel,India Post,3,4,12956.87,3050.21,0.1906,77.00,18965.35
IN250700937,16-Jul-2025,CUST43944,Sneha Saxena,24,Guwahati,Assam,North East,Beauty & Personal Care,Shampoo,BEA-SHA718,2,457,914,APPONLY,73.12,0.12,840.88,100.91,Credit Card,Delivered,Mobile App,Rahul Verma,DTDC,7,4,598.18,242.70,0.2886,168.00,1109.79
IN250701078,16-Jul-2025,CUST55515,Swati Ghosh,32,Coimbatore,Tamil Nadu,South,Mobiles & Accessories,Power Bank,MOB-POW144,2,2699,5398,No Coupon,0.00,0.12,5398.00,647.76,Credit Card,Returned,Social Commerce,Karan Malhotra,Xpressbees,3,4,4274.05,1123.95,0.2082,142.00,6187.76
IN250701934,16-Jul-2025,CUST53640,Sai Jadhav,53,Indore,Madhya Pradesh,Central,Fashion,Jeans,FAS-JEA640,1,1099,1099,APPONLY,87.92,0.18,1011.08,181.99,UPI,Returned,Website,Nikhil Bansal,Delhivery,3,5,723.64,287.44,0.2843,134.00,1327.07
IN250702082,16-Jul-2025,CUST65677,Payal Kapoor,39,Mysuru,Karnataka,South,Electronics,Keyboard,ELE-KEY981,2,2699,5398,PAYDAY15,809.70,0.12,4588.30,550.60,COD,Delivered,Marketplace,Swati Mishra,Shadowfax,6,4,4219.64,368.66,0.0803,100.00,5238.90
IN250700968,17-Jul-2025,CUST89181,Prachi Singh,32,Kolkata,West Bengal,East,Mobiles & Accessories,Power Bank,MOB-POW749,1,999,999,No Coupon,0.00,0.12,999.00,119.88,COD,Delivered,Mobile App,Vikram Singh,Ecom Express,1,4,754.24,244.76,0.2450,93.00,1211.88
IN250701200,18-Jul-2025,CUST48752,Kavya Ansari,45,Ludhiana,Punjab,North,Home & Kitchen,Mixer Grinder,HOM-MIX450,1,3499,3499,No Coupon,0.00,0.18,3499.00,629.82,Net Banking,Delivered,Mobile App,Sneha Kulkarni,Delhivery,1,5,2031.78,1467.22,0.4193,180.00,4308.82
IN250701666,18-Jul-2025,CUST80715,Anaya Pillai,23,Visakhapatnam,Andhra Pradesh,South,Sports & Fitness,Yoga Mat,SPO-YOG452,2,863,1726,FREESHIP,0.00,0.12,1726.00,207.12,COD,Shipped,Website,Sneha Kulkarni,Shadowfax,3,,1147.55,578.45,0.3351,127.00,2060.12
IN250701856,18-Jul-2025,CUST45933,Aadhya Kumar,47,Mumbai,Maharashtra,West,Mobiles & Accessories,Tempered Glass,MOB-TEM454,1,316,316,MEGADEAL,56.88,0.12,259.12,31.09,COD,Delivered,Website,Isha Gupta,Delhivery,2,4,258.62,0.50,0.0019,142.00,432.21
IN250701954,18-Jul-2025,CUST34205,Omkar Shaikh,50,Noida,Uttar Pradesh,North,Sports & Fitness,Running Shoes,SPO-RUN580,2,5899,11798,No Coupon,0.00,0.18,11798.00,2123.64,UPI,Delivered,Website,Anjali Joshi,DTDC,2,1,8668.20,3129.80,0.2653,62.00,13983.64
IN250702069,18-Jul-2025,CUST79123,Reyansh Dhawale,19,Coimbatore,Tamil Nadu,South,Home & Kitchen,Mixer Grinder,HOM-MIX336,1,2999,2999,PAYDAY15,449.85,0.18,2549.15,458.85,UPI,Delivered,Mobile App,Rahul Verma,Shadowfax,1,4,2246.95,302.20,0.1185,143.00,3151.00
IN250702427,18-Jul-2025,CUST10641,Rudra Qureshi,26,Bhopal,Madhya Pradesh,Central,Beauty & Personal Care,Perfume,BEA-PER295,4,1099,4396,WELCOME100,100.00,0.12,4296.00,515.52,COD,Cancelled,Website,Karan Malhotra,DTDC,3,,3394.79,901.21,0.2098,0.00,4811.52
IN250700129,19-Jul-2025,CUST18285,Sagar Yadav,48,Visakhapatnam,Andhra Pradesh,South,Mobiles & Accessories,Bluetooth Earbuds,MOB-BLU925,2,1099,2198,No Coupon,0.00,0.18,2198.00,395.64,UPI,Cancelled,Website,Rahul Verma,Blue Dart,2,,1813.42,384.58,0.1750,0.00,2593.64
IN250700506,19-Jul-2025,CUST70054,Komal Khan,43,Delhi,Delhi,North,Grocery & Gourmet,Basmati Rice 5kg,GRO-BAS600,2,728,1456,No Coupon,0.00,0.18,1456.00,262.08,COD,Delivered,Website,Sneha Kulkarni,Shadowfax,3,5,985.72,470.28,0.3230,72.00,1790.08
IN250700601,19-Jul-2025,CUST47268,Isha Nair,57,Kolkata,West Bengal,East,Beauty & Personal Care,Face Wash,BEA-FAC528,1,640,640,No Coupon,0.00,0.12,640.00,76.80,Debit Card,Shipped,Social Commerce,Sneha Kulkarni,Delhivery,2,,472.93,167.07,0.2610,79.00,795.80
IN250700651,19-Jul-2025,CUST54112,Rohan Shinde,58,Mysuru,Karnataka,South,Sports & Fitness,Running Shoes,SPO-RUN726,1,7699,7699,No Coupon,0.00,0.18,7699.00,1385.82,UPI,Delivered,Mobile App,Sagar Pawar,Xpressbees,4,4,4967.80,2731.20,0.3547,100.00,9184.82
IN250701351,19-Jul-2025,CUST42752,Yash Jadhav,52,Ranchi,Jharkhand,East,Fashion,Sneakers,FAS-SNE777,2,2299,4598,WELCOME100,100.00,0.12,4498.00,539.76,Wallet,Delivered,Mobile App,Nikhil Bansal,Ecom Express,2,4,3074.12,1423.88,0.3166,109.00,5146.76
IN250700786,20-Jul-2025,CUST34284,Pooja Jadhav,35,Chandigarh,Chandigarh,North,Sports & Fitness,Dumbbell Set,SPO-DUM706,1,4999,4999,FESTIVE10,499.90,0.18,4499.10,809.84,Net Banking,Delivered,Mobile App,Swati Mishra,India Post,2,2,2978.94,1520.16,0.3379,94.00,5402.94
IN250700884,20-Jul-2025,CUST96413,Krishna Deshmukh,31,Kolkata,West Bengal,East,Electronics,LED TV,ELE-LED605,1,86499,86499,No Coupon,0.00,0.18,86499.00,15569.82,UPI,Returned,Mobile App,Deepak Yadav,Xpressbees,2,4,72818.80,13680.20,0.1582,68.00,102136.82
IN250700836,21-Jul-2025,CUST45838,Ira Reddy,52,Vijayawada,Andhra Pradesh,South,Sports & Fitness,Yoga Mat,SPO-YOG415,1,429,429,No Coupon,0.00,0.18,429.00,77.22,Credit Card,Shipped,Website,Vikram Singh,Blue Dart,4,,275.92,153.08,0.3568,151.00,657.22
IN250702181,21-Jul-2025,CUST40532,Harsh Mishra,40,Chandigarh,Chandigarh,North,Books & Stationery,Notebook Pack,BOO-NOT989,2,367,734,FREESHIP,0.00,0.12,734.00,88.08,Debit Card,Delivered,Website,Amit Sharma,Ecom Express,2,3,451.82,282.18,0.3844,101.00,923.08
IN250700177,22-Jul-2025,CUST10577,Neha Tiwari,34,Ranchi,Jharkhand,East,Home & Kitchen,Bedsheet Set,HOM-BED381,1,1999,1999,FREESHIP,0.00,0.18,1999.00,359.82,Credit Card,Delivered,Mobile App,Sagar Pawar,DTDC,8,4,1252.49,746.51,0.3734,67.00,2425.82
IN250700974,22-Jul-2025,CUST26866,Komal Singh,19,Chandigarh,Chandigarh,North,Mobiles & Accessories,Bluetooth Earbuds,MOB-BLU499,1,1099,1099,FESTIVE10,109.90,0.18,989.10,178.04,Credit Card,Delivered,Mobile App,Manish Iyer,DTDC,4,4,932.49,56.61,0.0572,113.00,1280.14
IN250701424,22-Jul-2025,CUST37402,Sakshi Nair,24,Ahmedabad,Gujarat,West,Grocery & Gourmet,Cold Pressed Oil,GRO-COL701,1,413,413,No Coupon,0.00,0.12,413.00,49.56,Credit Card,Shipped,Mobile App,Isha Gupta,Shadowfax,2,,310.44,102.56,0.2483,124.00,586.56
IN250701715,22-Jul-2025,CUST38039,Aarti Jadhav,51,Nagpur,Maharashtra,West,Fashion,Sneakers,FAS-SNE854,2,4099,8198,WELCOME100,100.00,0.18,8098.00,1457.64,UPI,Shipped,Website,Neha Patel,Xpressbees,6,,5455.04,2642.96,0.3264,75.00,9630.64
IN250702265,22-Jul-2025,CUST56061,Rahul Chatterjee,34,Mysuru,Karnataka,South,Sports & Fitness,Fitness Band,SPO-FIT533,1,6299,6299,No Coupon,0.00,0.12,6299.00,755.88,Credit Card,Cancelled,Website,Nikhil Bansal,DTDC,5,,4699.01,1599.99,0.2540,0.00,7054.88
IN250701386,24-Jul-2025,CUST39641,Tanvi Ghosh,43,Noida,Uttar Pradesh,North,Electronics,Wireless Mouse,ELE-WIR368,2,1399,2798,PAYDAY15,419.70,0.18,2378.30,428.09,Credit Card,Delivered,Mobile App,Deepak Yadav,Delhivery,6,5,2393.94,-15.64,-0.0066,108.00,2914.39
IN250701575,24-Jul-2025,CUST25262,Payal Gupta,55,Coimbatore,Tamil Nadu,South,Beauty & Personal Care,Trimmer,BEA-TRI547,1,3599,3599,PAYDAY15,539.85,0.18,3059.15,550.65,Wallet,Shipped,Website,Pooja Reddy,Ecom Express,3,,2112.53,946.62,0.3094,151.00,3760.80
IN250701728,24-Jul-2025,CUST22642,Pooja Joshi,36,Pune,Maharashtra,West,Grocery & Gourmet,Basmati Rice 5kg,GRO-BAS331,1,721,721,MEGADEAL,129.78,0.05,591.22,29.56,Debit Card,Cancelled,Website,Anjali Joshi,DTDC,1,,541.63,49.59,0.0839,0.00,620.78
IN250702497,24-Jul-2025,CUST89425,Payal Malhotra,32,Surat,Gujarat,West,Fashion,Women Kurti,FAS-WOM674,1,711,711,NEWYEAR10,71.10,0.18,639.90,115.18,Credit Card,Delivered,Mobile App,Manish Iyer,Ecom Express,4,5,458.74,181.16,0.2831,179.00,934.08
IN250701138,25-Jul-2025,CUST14028,Atharv Kulkarni,34,Nagpur,Maharashtra,West,Sports & Fitness,Running Shoes,SPO-RUN767,1,5199,5199,No Coupon,0.00,0.12,5199.00,623.88,Debit Card,Delivered,Marketplace,Swati Mishra,Xpressbees,4,5,3665.23,1533.77,0.2950,175.00,5997.88
IN250701590,25-Jul-2025,CUST72106,Anika Tiwari,29,Jaipur,Rajasthan,North,Fashion,Men T-Shirt,FAS-MEN137,1,999,999,PAYDAY15,149.85,0.12,849.15,101.90,Credit Card,Delivered,Website,Rohan Mehta,Blue Dart,5,3,773.60,75.55,0.0890,73.00,1024.05
IN250700072,26-Jul-2025,CUST34808,Mansi Singh,53,Nagpur,Maharashtra,West,Home & Kitchen,Bedsheet Set,HOM-BED340,1,934,934,FESTIVE10,93.40,0.12,840.60,100.87,Debit Card,Delivered,Website,Pooja Reddy,Delhivery,5,5,671.17,169.43,0.2016,141.00,1082.47
IN250700518,26-Jul-2025,CUST54064,Anika Chatterjee,25,Mumbai,Maharashtra,West,Mobiles & Accessories,Smart Watch,MOB-SMA462,1,3499,3499,APPONLY,279.92,0.12,3219.08,386.29,Credit Card,Delivered,Website,Rahul Verma,Shadowfax,4,3,2849.89,369.19,0.1147,113.00,3718.37
IN250700596,26-Jul-2025,CUST96773,Aarav Saxena,49,Bengaluru,Karnataka,South,Beauty & Personal Care,Face Wash,BEA-FAC970,1,480,480,APPONLY,38.40,0.12,441.60,52.99,Net Banking,Cancelled,Mobile App,Vikram Singh,Xpressbees,5,,329.87,111.73,0.2530,0.00,494.59
IN250700716,26-Jul-2025,CUST20878,Prachi Bhatia,39,Indore,Madhya Pradesh,Central,Home & Kitchen,Air Fryer,HOM-AIR236,1,8799,8799,No Coupon,0.00,0.12,8799.00,1055.88,Debit Card,Cancelled,Mobile App,Priya Nair,Delhivery,3,,6222.60,2576.40,0.2928,0.00,9854.88
IN250701058,26-Jul-2025,CUST54265,Swati Gupta,55,Ahmedabad,Gujarat,West,Mobiles & Accessories,Smart Watch,MOB-SMA683,1,12999,12999,No Coupon,0.00,0.18,12999.00,2339.82,Credit Card,Shipped,Mobile App,Nikhil Bansal,Shadowfax,2,,11157.75,1841.25,0.1416,160.00,15498.82
IN250701220,26-Jul-2025,CUST31614,Akshay Sharma,50,Guwahati,Assam,North East,Home & Kitchen,Cookware Set,HOM-COO700,2,5499,10998,No Coupon,0.00,0.12,10998.00,1319.76,Credit Card,Delivered,Website,Nikhil Bansal,Shadowfax,3,3,7554.56,3443.44,0.3131,171.00,12488.76
IN250701457,26-Jul-2025,CUST22484,Kiara Saxena,26,Mysuru,Karnataka,South,Fashion,Sneakers,FAS-SNE227,1,3999,3999,FESTIVE10,399.90,0.12,3599.10,431.89,COD,Delivered,Mobile App,Nikhil Bansal,Delhivery,3,3,2387.37,1211.73,0.3367,115.00,4145.99
IN250701784,26-Jul-2025,CUST78245,Krishna Chauhan,42,Ahmedabad,Gujarat,West,Electronics,Keyboard,ELE-KEY441,1,1699,1699,APPONLY,135.92,0.12,1563.08,187.57,Credit Card,Shipped,Mobile App,Amit Sharma,Blue Dart,3,,1341.16,221.92,0.1420,161.00,1911.65
IN250701797,26-Jul-2025,CUST69839,Myra Shinde,31,Ranchi,Jharkhand,East,Fashion,Women Kurti,FAS-WOM919,1,1299,1299,APPONLY,103.92,0.18,1195.08,215.11,Net Banking,Returned,Mobile App,Amit Sharma,Blue Dart,1,5,851.33,343.75,0.2876,111.00,1521.19
IN250700585,27-Jul-2025,CUST86537,Aadhya Gaikwad,32,Lucknow,Uttar Pradesh,North,Fashion,Women Kurti,FAS-WOM963,1,1199,1199,No Coupon,0.00,0.18,1199.00,215.82,Debit Card,Delivered,Website,Isha Gupta,Xpressbees,2,4,915.16,283.84,0.2367,98.00,1512.82
IN250701508,27-Jul-2025,CUST84156,Yash Iyer,43,Patna,Bihar,East,Books & Stationery,Pen Set,BOO-PEN372,1,123,123,WELCOME100,24.60,0.18,98.40,17.71,Credit Card,Cancelled,Mobile App,Neha Patel,India Post,1,,78.75,19.65,0.1997,0.00,116.11
IN250701791,27-Jul-2025,CUST46071,Kabir Kadam,50,Guwahati,Assam,North East,Mobiles & Accessories,Tempered Glass,MOB-TEM676,2,581,1162,No Coupon,0.00,0.12,1162.00,139.44,UPI,Delivered,Mobile App,Karan Malhotra,Delhivery,2,5,961.97,200.03,0.1721,127.00,1428.44
IN250701921,27-Jul-2025,CUST82808,Neha Pawar,57,Bhubaneswar,Odisha,East,Beauty & Personal Care,Perfume,BEA-PER593,1,999,999,PAYDAY15,149.85,0.18,849.15,152.85,Credit Card,Returned,Mobile App,Amit Sharma,India Post,4,4,736.01,113.14,0.1332,98.00,1100.00
IN250702089,27-Jul-2025,CUST25762,Aditya Gaikwad,33,Nagpur,Maharashtra,West,Sports & Fitness,Dumbbell Set,SPO-DUM697,1,3099,3099,No Coupon,0.00,0.18,3099.00,557.82,COD,Delivered,Website,Kavya Deshmukh,DTDC,5,5,1898.04,1200.96,0.3875,177.00,3833.82
IN250700320,28-Jul-2025,CUST83312,Kavya Gaikwad,32,Mysuru,Karnataka,South,Books & Stationery,Kids Story Book,BOO-KID574,1,594,594,APPONLY,47.52,0.12,546.48,65.58,Debit Card,Delivered,Website,Amit Sharma,India Post,6,4,386.45,160.03,0.2928,155.00,767.06
IN250701997,28-Jul-2025,CUST47730,Payal Joshi,53,Visakhapatnam,Andhra Pradesh,South,Electronics,Bluetooth Speaker,ELE-BLU808,1,7299,7299,APPONLY,583.92,0.12,6715.08,805.81,UPI,Delivered,Social Commerce,Deepak Yadav,India Post,1,3,5630.56,1084.52,0.1615,145.00,7665.89
IN250700435,29-Jul-2025,CUST55236,Meera Rathod,23,Chennai,Tamil Nadu,South,Beauty & Personal Care,Face Wash,BEA-FAC523,1,631,631,No Coupon,0.00,0.18,631.00,113.58,COD,Delivered,Marketplace,Nikhil Bansal,Shadowfax,1,5,479.37,151.63,0.2403,125.00,869.58
IN250701205,29-Jul-2025,CUST68783,Janhavi Chatterjee,30,Delhi,Delhi,North,Grocery & Gourmet,Basmati Rice 5kg,GRO-BAS286,2,533,1066,APPONLY,85.28,0.12,980.72,117.69,UPI,Shipped,Mobile App,Sagar Pawar,Xpressbees,5,,731.67,249.05,0.2539,121.00,1219.41
IN250700262,30-Jul-2025,CUST31722,Akshay More,32,Patna,Bihar,East,Fashion,Jeans,FAS-JEA629,1,1999,1999,PAYDAY15,299.85,0.18,1699.15,305.85,Debit Card,Delivered,Website,Kavya Deshmukh,Delhivery,2,4,1408.81,290.34,0.1709,108.00,2113.00
IN250700700,30-Jul-2025,CUST88961,Suresh Pillai,34,Mumbai,Maharashtra,West,Beauty & Personal Care,Hair Oil,BEA-HAI540,1,419,419,FREESHIP,0.00,0.12,419.00,50.28,Credit Card,Delivered,Mobile App,Sneha Kulkarni,Blue Dart,5,4,277.92,141.08,0.3367,114.00,583.28
IN250701416,30-Jul-2025,CUST65980,Deepak Khan,40,Gurugram,Haryana,North,Home & Kitchen,Water Purifier,HOM-WAT481,1,20499,20499,No Coupon,0.00,0.18,20499.00,3689.82,UPI,Delivered,Website,Manish Iyer,DTDC,3,3,14140.32,6358.68,0.3102,136.00,24324.82
IN250701692,30-Jul-2025,CUST92897,Arjun Sharma,34,Kochi,Kerala,South,Sports & Fitness,Cricket Bat,SPO-CRI535,2,3199,6398,No Coupon,0.00,0.12,6398.00,767.76,Debit Card,Delivered,Social Commerce,Karan Malhotra,Shadowfax,4,5,4861.35,1536.65,0.2402,168.00,7333.76
IN250700501,31-Jul-2025,CUST75505,Shaurya Dhawale,18,Kochi,Kerala,South,Mobiles & Accessories,Tempered Glass,MOB-TEM161,1,359,359,FESTIVE10,35.90,0.12,323.10,38.77,Wallet,Cancelled,Mobile App,Tanvi Jadhav,DTDC,3,,266.77,56.33,0.1743,0.00,361.87
IN250701120,31-Jul-2025,CUST90373,Suresh Patel,26,Mysuru,Karnataka,South,Home & Kitchen,Water Purifier,HOM-WAT521,1,21899,21899,No Coupon,0.00,0.12,21899.00,2627.88,Net Banking,Delivered,Mobile App,Manish Iyer,DTDC,6,5,15090.97,6808.03,0.3109,96.00,24622.88
IN250701170,31-Jul-2025,CUST93937,Sagar Bansal,41,Ahmedabad,Gujarat,West,Mobiles & Accessories,Power Bank,MOB-POW917,2,1699,3398,FESTIVE10,339.80,0.12,3058.20,366.98,Credit Card,Shipped,Social Commerce,Pooja Reddy,Xpressbees,6,,2704.28,353.92,0.1157,71.00,3496.18
IN250701420,31-Jul-2025,CUST84375,Mansi Agarwal,53,Ahmedabad,Gujarat,West,Sports & Fitness,Fitness Band,SPO-FIT726,3,3799,11397,NEWYEAR10,1139.70,0.12,10257.30,1230.88,COD,Delivered,Mobile App,Isha Gupta,DTDC,3,5,7466.53,2790.77,0.2721,80.00,11568.18
IN250701738,31-Jul-2025,CUST10520,Rudra Kadam,23,Chennai,Tamil Nadu,South,Grocery & Gourmet,Coffee Pack,GRO-COF601,2,344,688,APPONLY,55.04,0.12,632.96,75.96,UPI,Delivered,Mobile App,Amit Sharma,Blue Dart,1,4,451.85,181.11,0.2861,101.00,809.92
IN250802086,01-Aug-2025,CUST50294,Sagar Reddy,55,Pune,Maharashtra,West,Electronics,Keyboard,ELE-KEY945,4,2399,9596,FESTIVE10,959.60,0.18,8636.40,1554.55,Credit Card,Delivered,Website,Rohan Mehta,Delhivery,4,5,8138.89,497.51,0.0576,108.00,10298.95
IN250802379,01-Aug-2025,CUST36407,Saanvi Khan,55,Pune,Maharashtra,West,Mobiles & Accessories,Bluetooth Earbuds,MOB-BLU847,2,3799,7598,No Coupon,0.00,0.12,7598.00,911.76,UPI,Delivered,Mobile App,Rohan Mehta,Xpressbees,3,5,5493.37,2104.63,0.2770,62.00,8571.76
IN250800964,02-Aug-2025,CUST26525,Shaurya Kapoor,38,Guwahati,Assam,North East,Electronics,Tablet,ELE-TAB132,1,40799,40799,No Coupon,0.00,0.18,40799.00,7343.82,UPI,Cancelled,Mobile App,Manish Iyer,Ecom Express,5,,30606.64,10192.36,0.2498,0.00,48142.82
IN250801095,02-Aug-2025,CUST33256,Komal Joshi,24,Bhopal,Madhya Pradesh,Central,Electronics,Tablet,ELE-TAB441,2,36799,73598,No Coupon,0.00,0.12,73598.00,8831.76,UPI,Delivered,Mobile App,Swati Mishra,Xpressbees,6,2,62587.81,11010.19,0.1496,99.00,82528.76
IN250801370,02-Aug-2025,CUST59782,Manish Pillai,36,Nashik,Maharashtra,West,Fashion,Sneakers,FAS-SNE670,3,4299,12897,PAYDAY15,1934.55,0.12,10962.45,1315.49,Wallet,Delivered,Social Commerce,Priya Nair,DTDC,4,5,7513.86,3448.59,0.3146,61.00,12338.94
IN250801814,02-Aug-2025,CUST37235,Sakshi Saxena,32,Thiruvananthapuram,Kerala,South,Home & Kitchen,Pressure Cooker,HOM-PRE649,2,970,1940,FESTIVE10,194.00,0.12,1746.00,209.52,Credit Card,Delivered,Marketplace,Neha Patel,Blue Dart,5,5,1411.23,334.77,0.1917,108.00,2063.52
IN250802191,02-Aug-2025,CUST86710,Isha Das,31,Ludhiana,Punjab,North,Books & Stationery,Office Diary,BOO-OFF958,2,613,1226,NEWYEAR10,122.60,0.05,1103.40,55.17,UPI,Delivered,Marketplace,Rahul Verma,DTDC,3,5,806.76,296.64,0.2688,72.00,1230.57
IN250802311,02-Aug-2025,CUST60634,Manish Chauhan,21,Indore,Madhya Pradesh,Central,Electronics,Wireless Mouse,ELE-WIR323,1,1099,1099,APPONLY,87.92,0.12,1011.08,121.33,UPI,Delivered,Mobile App,Tanvi Jadhav,Blue Dart,5,4,915.43,95.65,0.0946,146.00,1278.41
IN250800169,03-Aug-2025,CUST67636,Suresh Patel,48,Nashik,Maharashtra,West,Sports & Fitness,Fitness Band,SPO-FIT345,1,8999,8999,No Coupon,0.00,0.12,8999.00,1079.88,Debit Card,Delivered,Social Commerce,Swati Mishra,DTDC,3,5,6960.86,2038.14,0.2265,141.00,10219.88
IN250800905,03-Aug-2025,CUST49141,Aditya Verma,27,Mysuru,Karnataka,South,Fashion,Saree,FAS-SAR810,3,3999,11997,No Coupon,0.00,0.12,11997.00,1439.64,UPI,Delivered,Social Commerce,Sagar Pawar,Shadowfax,2,5,7480.59,4516.41,0.3765,145.00,13581.64
IN250801851,04-Aug-2025,CUST92281,Amit Iyer,40,Kolkata,West Bengal,East,Fashion,Handbag,FAS-HAN236,2,4899,9798,No Coupon,0.00,0.12,9798.00,1175.76,Wallet,Shipped,Mobile App,Sagar Pawar,Delhivery,5,,6991.57,2806.43,0.2864,116.00,11089.76
IN250800218,05-Aug-2025,CUST75239,Rudra Mishra,39,Bhopal,Madhya Pradesh,Central,Beauty & Personal Care,Perfume,BEA-PER749,1,1099,1099,No Coupon,0.00,0.12,1099.00,131.88,UPI,Shipped,Mobile App,Amit Sharma,Ecom Express,3,,727.01,371.99,0.3385,65.00,1295.88
IN250800228,05-Aug-2025,CUST94154,Saanvi Tiwari,26,Vadodara,Gujarat,West,Fashion,Jeans,FAS-JEA326,1,3099,3099,NEWYEAR10,309.90,0.18,2789.10,502.04,Net Banking,Delivered,Website,Rahul Verma,India Post,2,4,1918.45,870.65,0.3122,123.00,3414.14
IN250800514,05-Aug-2025,CUST73174,Kavya Joshi,58,Delhi,Delhi,North,Grocery & Gourmet,Basmati Rice 5kg,GRO-BAS207,1,885,885,No Coupon,0.00,0.12,885.00,106.20,UPI,Shipped,Website,Deepak Yadav,Blue Dart,3,,670.88,214.12,0.2419,136.00,1127.20
IN250800766,05-Aug-2025,CUST70570,Rudra Sharma,54,Kochi,Kerala,South,Mobiles & Accessories,Smart Watch,MOB-SMA751,1,7399,7399,MEGADEAL,1331.82,0.12,6067.18,728.06,Credit Card,Delivered,Website,Sneha Kulkarni,India Post,3,4,5570.27,496.91,0.0819,133.00,6928.24
IN250801517,05-Aug-2025,CUST81712,Riya Kumar,19,Ranchi,Jharkhand,East,Fashion,Sneakers,FAS-SNE156,1,2099,2099,No Coupon,0.00,0.18,2099.00,377.82,Credit Card,Returned,Marketplace,Isha Gupta,Xpressbees,3,5,1493.65,605.35,0.2884,64.00,2540.82
IN250801633,05-Aug-2025,CUST46924,Mansi Kumar,34,Patna,Bihar,East,Home & Kitchen,Pressure Cooker,HOM-PRE536,2,3399,6798,WELCOME100,100.00,0.18,6698.00,1205.64,UPI,Delivered,Website,Sagar Pawar,Shadowfax,1,2,4491.42,2206.58,0.3294,64.00,7967.64
IN250800345,06-Aug-2025,CUST79916,Sakshi Chauhan,53,Indore,Madhya Pradesh,Central,Fashion,Saree,FAS-SAR525,1,3599,3599,FESTIVE10,359.90,0.18,3239.10,583.04,UPI,Delivered,Mobile App,Nikhil Bansal,Delhivery,3,5,2088.35,1150.75,0.3553,171.00,3993.14
IN250800556,06-Aug-2025,CUST91716,Diya Joshi,25,Bhubaneswar,Odisha,East,Fashion,Jeans,FAS-JEA376,1,2399,2399,No Coupon,0.00,0.18,2399.00,431.82,Credit Card,Delivered,Website,Neha Patel,DTDC,1,5,1649.70,749.30,0.3123,128.00,2958.82
IN250800688,06-Aug-2025,CUST11851,Rutuja Singh,54,Ranchi,Jharkhand,East,Books & Stationery,Office Diary,BOO-OFF353,1,381,381,No Coupon,0.00,0.05,381.00,19.05,UPI,Delivered,Mobile App,Priya Nair,DTDC,3,5,225.95,155.05,0.4070,78.00,478.05
IN250802188,06-Aug-2025,CUST49155,Pranav Kumar,27,Bengaluru,Karnataka,South,Mobiles & Accessories,Power Bank,MOB-POW655,2,936,1872,No Coupon,0.00,0.12,1872.00,224.64,COD,Returned,Mobile App,Manish Iyer,Delhivery,2,2,1515.58,356.42,0.1904,86.00,2182.64
IN250802453,06-Aug-2025,CUST62254,Kiara Qureshi,40,Kolkata,West Bengal,East,Grocery & Gourmet,Spices Combo,GRO-SPI840,5,619,3095,No Coupon,0.00,0.12,3095.00,371.40,Net Banking,Delivered,Marketplace,Sneha Kulkarni,Ecom Express,2,5,2144.13,950.87,0.3072,169.00,3635.40
IN250800872,07-Aug-2025,CUST98007,Siddharth Reddy,26,Pune,Maharashtra,West,Mobiles & Accessories,Power Bank,MOB-POW333,1,1099,1099,FESTIVE10,109.90,0.18,989.10,178.04,Credit Card,Delivered,Website,Vikram Singh,Ecom Express,5,4,829.06,160.04,0.1618,173.00,1340.14
IN250801343,07-Aug-2025,CUST66760,Ishaan Chauhan,30,Thiruvananthapuram,Kerala,South,Mobiles & Accessories,Smart Watch,MOB-SMA529,2,2199,4398,FREESHIP,0.00,0.18,4398.00,791.64,UPI,Cancelled,Mobile App,Vikram Singh,Shadowfax,6,,3315.65,1082.35,0.2461,0.00,5189.64
IN250800348,08-Aug-2025,CUST44197,Kiara Bhatia,46,Ranchi,Jharkhand,East,Grocery & Gourmet,Basmati Rice 5kg,GRO-BAS728,3,611,1833,No Coupon,0.00,0.12,1833.00,219.96,Wallet,Returned,Website,Manish Iyer,Ecom Express,1,4,1300.76,532.24,0.2904,179.00,2231.96
IN250800442,08-Aug-2025,CUST73055,Arjun Pawar,27,Patna,Bihar,East,Mobiles & Accessories,Smart Watch,MOB-SMA320,1,17999,17999,No Coupon,0.00,0.18,17999.00,3239.82,Credit Card,Delivered,Mobile App,Karan Malhotra,Blue Dart,5,5,15262.30,2736.70,0.1520,116.00,21354.82
IN250800754,08-Aug-2025,CUST63505,Vivaan Tiwari,22,Kolkata,West Bengal,East,Beauty & Personal Care,Perfume,BEA-PER244,1,1699,1699,No Coupon,0.00,0.18,1699.00,305.82,Credit Card,Delivered,Website,Isha Gupta,Ecom Express,5,4,1209.24,489.76,0.2883,166.00,2170.82
IN250801238,08-Aug-2025,CUST93993,Ishaan Patel,36,Nagpur,Maharashtra,West,Fashion,Women Kurti,FAS-WOM629,4,1699,6796,No Coupon,0.00,0.18,6796.00,1223.28,COD,Delivered,Mobile App,Swati Mishra,Shadowfax,5,5,4626.14,2169.86,0.3193,107.00,8126.28
IN250800186,09-Aug-2025,CUST13144,Shruti Shaikh,36,Kolkata,West Bengal,East,Home & Kitchen,Cookware Set,HOM-COO456,1,2599,2599,No Coupon,0.00,0.18,2599.00,467.82,Credit Card,Returned,Mobile App,Manish Iyer,Ecom Express,3,2,1864.43,734.57,0.2826,65.00,3131.82
IN250800541,09-Aug-2025,CUST43103,Bhavna Chatterjee,41,Patna,Bihar,East,Books & Stationery,Notebook Pack,BOO-NOT678,1,457,457,No Coupon,0.00,0.12,457.00,54.84,Debit Card,Delivered,Website,Amit Sharma,India Post,3,4,265.22,191.78,0.4196,64.00,575.84
IN250800873,09-Aug-2025,CUST54261,Aadhya Das,47,Indore,Madhya Pradesh,Central,Sports & Fitness,Yoga Mat,SPO-YOG656,2,730,1460,FREESHIP,0.00,0.12,1460.00,175.20,Wallet,Delivered,Mobile App,Karan Malhotra,DTDC,4,5,956.68,503.32,0.3447,72.00,1707.20
IN250801497,09-Aug-2025,CUST58742,Reyansh Joshi,57,Thiruvananthapuram,Kerala,South,Mobiles & Accessories,Tempered Glass,MOB-TEM547,2,530,1060,FESTIVE10,106.00,0.12,954.00,114.48,UPI,Delivered,Mobile App,Swati Mishra,DTDC,2,3,873.97,80.03,0.0839,180.00,1248.48
IN250801546,09-Aug-2025,CUST50455,Mansi Kulkarni,27,Mysuru,Karnataka,South,Fashion,Jeans,FAS-JEA650,1,3099,3099,No Coupon,0.00,0.12,3099.00,371.88,UPI,Delivered,Website,Swati Mishra,Delhivery,1,2,2215.58,883.42,0.2851,137.00,3607.88
IN250801577,09-Aug-2025,CUST19835,Sakshi Kulkarni,37,Kochi,Kerala,South,Mobiles & Accessories,Smartphone,MOB-SMA675,1,67099,67099,FESTIVE10,6709.90,0.12,60389.10,7246.69,UPI,Shipped,Marketplace,Sneha Kulkarni,Xpressbees,3,,48323.21,12065.89,0.1998,125.00,67760.79
IN250801627,09-Aug-2025,CUST15560,Payal Rathod,45,Guwahati,Assam,North East,Electronics,LED TV,ELE-LED812,2,75799,151598,PAYDAY15,22739.70,0.12,128858.30,15463.00,UPI,Delivered,Social Commerce,Deepak Yadav,Ecom Express,3,5,119853.37,9004.93,0.0699,114.00,144435.30
IN250801985,09-Aug-2025,CUST14445,Nikhil Pillai,19,Chandigarh,Chandigarh,North,Home & Kitchen,Cookware Set,HOM-COO994,1,4599,4599,No Coupon,0.00,0.18,4599.00,827.82,Debit Card,Delivered,Social Commerce,Anjali Joshi,India Post,4,3,2734.23,1864.77,0.4055,75.00,5501.82
IN250802372,09-Aug-2025,CUST27080,Isha Kulkarni,54,Coimbatore,Tamil Nadu,South,Electronics,Bluetooth Speaker,ELE-BLU380,1,5699,5699,APPONLY,455.92,0.12,5243.08,629.17,UPI,Delivered,Marketplace,Sneha Kulkarni,DTDC,2,5,4700.13,542.95,0.1036,137.00,6009.25
IN250800717,10-Aug-2025,CUST86319,Komal Pawar,27,Ranchi,Jharkhand,East,Home & Kitchen,Air Fryer,HOM-AIR279,1,6699,6699,APPONLY,535.92,0.12,6163.08,739.57,UPI,Delivered,Website,Swati Mishra,Shadowfax,1,5,4969.83,1193.25,0.1936,77.00,6979.65
IN250800747,10-Aug-2025,CUST63185,Prachi Sharma,26,Chandigarh,Chandigarh,North,Sports & Fitness,Running Shoes,SPO-RUN886,1,3899,3899,WELCOME100,100.00,0.12,3799.00,455.88,Debit Card,Delivered,Social Commerce,Isha Gupta,Shadowfax,2,4,2523.19,1275.81,0.3358,132.00,4386.88
IN250801588,10-Aug-2025,CUST92002,Sagar Malhotra,20,Thiruvananthapuram,Kerala,South,Electronics,Keyboard,ELE-KEY726,1,1399,1399,No Coupon,0.00,0.18,1399.00,251.82,UPI,Delivered,Website,Priya Nair,DTDC,4,3,1017.55,381.45,0.2727,136.00,1786.82
IN250801594,10-Aug-2025,CUST89129,Payal Rathod,31,Surat,Gujarat,West,Sports & Fitness,Running Shoes,SPO-RUN666,1,7099,7099,FESTIVE10,709.90,0.18,6389.10,1150.04,COD,Delivered,Website,Swati Mishra,Ecom Express,2,4,4604.54,1784.56,0.2793,61.00,7600.14
IN250801776,11-Aug-2025,CUST12715,Vikram Shinde,48,Coimbatore,Tamil Nadu,South,Electronics,Laptop,ELE-LAP333,1,90299,90299,APPONLY,7223.92,0.18,83075.08,14953.51,Debit Card,Delivered,Mobile App,Priya Nair,Ecom Express,5,4,72949.82,10125.26,0.1219,68.00,98096.59
IN250802485,11-Aug-2025,CUST55953,Nisha Mishra,29,Pune,Maharashtra,West,Fashion,Sneakers,FAS-SNE680,1,4799,4799,No Coupon,0.00,0.12,4799.00,575.88,UPI,Shipped,Mobile App,Anjali Joshi,India Post,4,,3528.06,1270.94,0.2648,77.00,5451.88
IN250800024,12-Aug-2025,CUST79301,Mansi Das,40,Vijayawada,Andhra Pradesh,South,Beauty & Personal Care,Shampoo,BEA-SHA986,1,880,880,FESTIVE10,88.00,0.18,792.00,142.56,UPI,Returned,Marketplace,Rohan Mehta,Blue Dart,3,3,618.13,173.87,0.2195,105.00,1039.56
IN250800291,12-Aug-2025,CUST34048,Ayaan Bansal,19,Indore,Madhya Pradesh,Central,Fashion,Jeans,FAS-JEA441,1,1099,1099,No Coupon,0.00,0.12,1099.00,131.88,Credit Card,Delivered,Social Commerce,Deepak Yadav,Shadowfax,2,5,724.61,374.39,0.3407,130.00,1360.88
IN250801408,12-Aug-2025,CUST64429,Anaya Reddy,48,Guwahati,Assam,North East,Books & Stationery,Pen Set,BOO-PEN138,1,326,326,APPONLY,26.08,0.12,299.92,35.99,UPI,Delivered,Website,Rohan Mehta,Blue Dart,6,3,203.21,96.71,0.3225,63.00,398.91
IN250801616,12-Aug-2025,CUST88646,Myra Khan,39,Nashik,Maharashtra,West,Beauty & Personal Care,Hair Oil,BEA-HAI279,1,350,350,No Coupon,0.00,0.18,350.00,63.00,Wallet,Delivered,Website,Sagar Pawar,Ecom Express,2,5,205.02,144.98,0.4142,75.00,488.00
IN250801905,12-Aug-2025,CUST81689,Manish More,56,Gurugram,Haryana,North,Mobiles & Accessories,Tempered Glass,MOB-TEM849,1,260,260,No Coupon,0.00,0.18,260.00,46.80,Credit Card,Delivered,Marketplace,Rahul Verma,Xpressbees,3,4,211.65,48.35,0.1860,134.00,440.80
IN250800279,13-Aug-2025,CUST93267,Aadhya Kapoor,51,Thiruvananthapuram,Kerala,South,Sports & Fitness,Dumbbell Set,SPO-DUM743,2,2999,5998,PAYDAY15,899.70,0.12,5098.30,611.80,UPI,Delivered,Website,Vikram Singh,Ecom Express,2,5,4020.08,1078.22,0.2115,122.00,5832.10
IN250802202,13-Aug-2025,CUST22259,Omkar Khan,47,Coimbatore,Tamil Nadu,South,Beauty & Personal Care,Perfume,BEA-PER537,3,1499,4497,No Coupon,0.00,0.18,4497.00,809.46,UPI,Delivered,Social Commerce,Vikram Singh,Xpressbees,3,3,2776.69,1720.31,0.3825,86.00,5392.46
IN250802330,13-Aug-2025,CUST61884,Karan Reddy,52,Jaipur,Rajasthan,North,Mobiles & Accessories,Bluetooth Earbuds,MOB-BLU189,5,8799,43995,No Coupon,0.00,0.18,43995.00,7919.10,Net Banking,Delivered,Mobile App,Kavya Deshmukh,Ecom Express,2,4,34366.51,9628.49,0.2189,168.00,52082.10
IN250800450,14-Aug-2025,CUST22785,Saanvi Reddy,37,Kolkata,West Bengal,East,Grocery & Gourmet,Basmati Rice 5kg,GRO-BAS436,2,530,1060,No Coupon,0.00,0.05,1060.00,53.00,UPI,Delivered,Mobile App,Priya Nair,India Post,3,4,645.14,414.86,0.3914,140.00,1253.00
IN250801398,14-Aug-2025,CUST46640,Nisha Mishra,48,Surat,Gujarat,West,Fashion,Handbag,FAS-HAN891,1,4799,4799,PAYDAY15,719.85,0.18,4079.15,734.25,UPI,Delivered,Marketplace,Swati Mishra,DTDC,3,5,3547.43,531.72,0.1304,109.00,4922.40
IN250800791,15-Aug-2025,CUST31169,Shruti Kulkarni,55,Kochi,Kerala,South,Mobiles & Accessories,Bluetooth Earbuds,MOB-BLU981,1,7199,7199,FREESHIP,0.00,0.12,7199.00,863.88,UPI,Delivered,Mobile App,Kavya Deshmukh,Delhivery,3,5,6154.30,1044.70,0.1451,113.00,8175.88
IN250801008,15-Aug-2025,CUST95815,Kiara Sharma,37,Coimbatore,Tamil Nadu,South,Books & Stationery,Kids Story Book,BOO-KID780,1,307,307,WELCOME100,61.40,0.05,245.60,12.28,Net Banking,Delivered,Marketplace,Isha Gupta,Xpressbees,4,1,187.62,57.98,0.2361,134.00,391.88
IN250801538,15-Aug-2025,CUST68301,Swati Patel,42,Lucknow,Uttar Pradesh,North,Mobiles & Accessories,Smartphone,MOB-SMA597,1,31599,31599,No Coupon,0.00,0.18,31599.00,5687.82,UPI,Shipped,Mobile App,Isha Gupta,DTDC,3,,25418.23,6180.77,0.1956,96.00,37382.82
IN250802391,15-Aug-2025,CUST46778,Arjun Kapoor,27,Ludhiana,Punjab,North,Electronics,Laptop,ELE-LAP708,2,121999,243998,WELCOME100,100.00,0.12,243898.00,29267.76,COD,Shipped,Website,Manish Iyer,DTDC,2,,186875.67,57022.33,0.2338,145.00,273310.76
IN250800080,16-Aug-2025,CUST82122,Aditya Das,23,Vijayawada,Andhra Pradesh,South,Electronics,Tablet,ELE-TAB366,1,27799,27799,WELCOME100,100.00,0.18,27699.00,4985.82,UPI,Returned,Website,Sneha Kulkarni,India Post,2,4,21696.96,6002.04,0.2167,98.00,32782.82
IN250800892,16-Aug-2025,CUST25846,Rahul Kadam,27,Kolkata,West Bengal,East,Mobiles & Accessories,Phone Cover,MOB-PHO356,1,388,388,NEWYEAR10,38.80,0.12,349.20,41.90,COD,Delivered,Website,Kavya Deshmukh,DTDC,3,4,306.79,42.41,0.1214,105.00,496.10
IN250800916,16-Aug-2025,CUST71897,Sneha Iyer,56,Bhubaneswar,Odisha,East,Fashion,Women Kurti,FAS-WOM146,4,1699,6796,APPONLY,543.68,0.18,6252.32,1125.42,COD,Delivered,Marketplace,Tanvi Jadhav,Ecom Express,2,5,4488.76,1763.56,0.2821,100.00,7477.74
IN250801561,16-Aug-2025,CUST10526,Pooja Ansari,48,Patna,Bihar,East,Sports & Fitness,Dumbbell Set,SPO-DUM710,1,4399,4399,PAYDAY15,659.85,0.12,3739.15,448.70,UPI,Delivered,Social Commerce,Vikram Singh,Xpressbees,6,5,3176.72,562.43,0.1504,171.00,4358.85
IN250801570,16-Aug-2025,CUST96857,Swati Tiwari,18,Mumbai,Maharashtra,West,Home & Kitchen,Bedsheet Set,HOM-BED582,1,1299,1299,NEWYEAR10,129.90,0.18,1169.10,210.44,Debit Card,Delivered,Website,Manish Iyer,Xpressbees,2,5,826.85,342.25,0.2927,61.00,1440.54
IN250801579,16-Aug-2025,CUST42709,Rudra Banerjee,58,Nashik,Maharashtra,West,Grocery & Gourmet,Dry Fruits Pack,GRO-DRY208,1,745,745,WELCOME100,100.00,0.12,645.00,77.40,Credit Card,Delivered,Marketplace,Sagar Pawar,Xpressbees,1,3,477.86,167.14,0.2591,75.00,797.40
IN250801612,16-Aug-2025,CUST78625,Vikram Yadav,31,Vijayawada,Andhra Pradesh,South,Sports & Fitness,Dumbbell Set,SPO-DUM502,1,1499,1499,FESTIVE10,149.90,0.18,1349.10,242.84,UPI,Delivered,Mobile App,Anjali Joshi,Ecom Express,6,4,871.99,477.11,0.3537,84.00,1675.94
IN250800273,17-Aug-2025,CUST56459,Rutuja Qureshi,28,Hyderabad,Telangana,South,Beauty & Personal Care,Shampoo,BEA-SHA935,3,402,1206,FESTIVE10,120.60,0.18,1085.40,195.37,Credit Card,Delivered,Marketplace,Deepak Yadav,Blue Dart,6,5,711.11,374.29,0.3448,119.00,1399.77
IN250800434,17-Aug-2025,CUST65391,Mansi Nair,27,Kolkata,West Bengal,East,Grocery & Gourmet,Dry Fruits Pack,GRO-DRY485,1,1399,1399,No Coupon,0.00,0.18,1399.00,251.82,Credit Card,Delivered,Social Commerce,Isha Gupta,Blue Dart,4,5,959.65,439.35,0.3140,71.00,1721.82
IN250800486,17-Aug-2025,CUST16468,Sakshi Chatterjee,23,Bengaluru,Karnataka,South,Books & Stationery,Pen Set,BOO-PEN335,1,264,264,DIWALI20,52.80,0.12,211.20,25.34,UPI,Delivered,Mobile App,Swati Mishra,Xpressbees,3,3,161.31,49.89,0.2362,147.00,383.54
IN250800537,17-Aug-2025,CUST21967,Pooja Kapoor,37,Kolkata,West Bengal,East,Fashion,Women Kurti,FAS-WOM227,2,654,1308,NEWYEAR10,130.80,0.12,1177.20,141.26,COD,Delivered,Mobile App,Amit Sharma,Delhivery,5,5,948.01,229.19,0.1947,179.00,1497.46
IN250800638,17-Aug-2025,CUST32136,Sakshi Joshi,27,Bhubaneswar,Odisha,East,Sports & Fitness,Cricket Bat,SPO-CRI413,1,3299,3299,No Coupon,0.00,0.12,3299.00,395.88,Debit Card,Delivered,Website,Isha Gupta,Shadowfax,8,3,2429.98,869.02,0.2634,117.00,3811.88
IN250801320,17-Aug-2025,CUST40858,Sai Chatterjee,44,Guwahati,Assam,North East,Grocery & Gourmet,Spices Combo,GRO-SPI331,1,327,327,WELCOME100,65.40,0.12,261.60,31.39,UPI,Delivered,Mobile App,Neha Patel,Blue Dart,2,5,204.94,56.66,0.2166,76.00,368.99
IN250802321,17-Aug-2025,CUST45928,Meera Iyer,54,Ahmedabad,Gujarat,West,Grocery & Gourmet,Tea Pack,GRO-TEA874,1,604,604,No Coupon,0.00,0.12,604.00,72.48,Credit Card,Delivered,Mobile App,Tanvi Jadhav,Blue Dart,8,4,418.52,185.48,0.3071,64.00,740.48
IN250802486,17-Aug-2025,CUST12631,Yash Bhatia,43,Ranchi,Jharkhand,East,Electronics,Tablet,ELE-TAB631,2,21299,42598,NEWYEAR10,4259.80,0.12,38338.20,4600.58,UPI,Delivered,Website,Neha Patel,Ecom Express,4,3,36026.47,2311.73,0.0603,176.00,43114.78
IN250800040,18-Aug-2025,CUST71550,Shruti Mishra,29,Bhopal,Madhya Pradesh,Central,Fashion,Women Kurti,FAS-WOM406,1,2199,2199,No Coupon,0.00,0.12,2199.00,263.88,COD,Cancelled,Website,Amit Sharma,Delhivery,1,,1554.43,644.57,0.2931,0.00,2462.88
IN250800148,18-Aug-2025,CUST26042,Payal Iyer,32,Visakhapatnam,Andhra Pradesh,South,Fashion,Jeans,FAS-JEA588,1,2099,2099,FESTIVE10,209.90,0.12,1889.10,226.69,Credit Card,Delivered,Mobile App,Karan Malhotra,Xpressbees,2,5,1329.11,559.99,0.2964,126.00,2241.79
IN250801116,18-Aug-2025,CUST29646,Swati Mishra,33,Pune,Maharashtra,West,Books & Stationery,Exam Prep Book,BOO-EXA325,2,590,1180,PAYDAY15,177.00,0.18,1003.00,180.54,COD,Delivered,Mobile App,Priya Nair,India Post,3,1,879.67,123.33,0.1230,165.00,1348.54
IN250801207,18-Aug-2025,CUST42726,Aarav Rathod,25,Patna,Bihar,East,Electronics,Keyboard,ELE-KEY662,2,2699,5398,NEWYEAR10,539.80,0.12,4858.20,582.98,Debit Card,Delivered,Website,Kavya Deshmukh,Delhivery,8,1,4158.87,699.33,0.1439,172.00,5613.18
IN250801318,18-Aug-2025,CUST40906,Neha Joshi,34,Delhi,Delhi,North,Mobiles & Accessories,Smartphone,MOB-SMA726,1,55899,55899,No Coupon,0.00,0.18,55899.00,10061.82,UPI,Returned,Mobile App,Isha Gupta,Ecom Express,2,4,40744.37,15154.63,0.2711,117.00,66077.82
IN250801439,18-Aug-2025,CUST85549,Amit Mishra,19,Kochi,Kerala,South,Electronics,Bluetooth Speaker,ELE-BLU423,1,8799,8799,FESTIVE10,879.90,0.18,7919.10,1425.44,COD,Delivered,Website,Karan Malhotra,Shadowfax,5,4,7140.57,778.53,0.0983,104.00,9448.54
IN250800401,19-Aug-2025,CUST43571,Rahul Sharma,54,Mumbai,Maharashtra,West,Mobiles & Accessories,Bluetooth Earbuds,MOB-BLU918,1,3999,3999,No Coupon,0.00,0.18,3999.00,719.82,UPI,Delivered,Mobile App,Vikram Singh,India Post,4,2,3393.50,605.50,0.1514,156.00,4874.82
IN250800580,19-Aug-2025,CUST45813,Anaya Deshmukh,29,Delhi,Delhi,North,Mobiles & Accessories,Phone Cover,MOB-PHO902,2,273,546,MEGADEAL,98.28,0.12,447.72,53.73,Debit Card,Delivered,Website,Rahul Verma,Blue Dart,3,3,463.95,-16.23,-0.0363,155.00,656.45
IN250801013,19-Aug-2025,CUST33145,Suresh Qureshi,19,Kochi,Kerala,South,Mobiles & Accessories,Smart Watch,MOB-SMA474,1,2099,2099,No Coupon,0.00,0.18,2099.00,377.82,UPI,Shipped,Mobile App,Vikram Singh,Delhivery,3,,1723.05,375.95,0.1791,143.00,2619.82
IN250801132,19-Aug-2025,CUST11325,Kabir Agarwal,23,Ludhiana,Punjab,North,Mobiles & Accessories,Bluetooth Earbuds,MOB-BLU234,1,6699,6699,No Coupon,0.00,0.12,6699.00,803.88,Wallet,Returned,Website,Isha Gupta,India Post,4,4,5358.28,1340.72,0.2001,129.00,7631.88
IN250801640,20-Aug-2025,CUST16190,Prachi Banerjee,36,Visakhapatnam,Andhra Pradesh,South,Books & Stationery,Office Diary,BOO-OFF624,2,308,616,APPONLY,49.28,0.12,566.72,68.01,UPI,Cancelled,Mobile App,Anjali Joshi,Blue Dart,4,,455.97,110.75,0.1954,0.00,634.73
IN250800647,21-Aug-2025,CUST92599,Isha Deshmukh,48,Coimbatore,Tamil Nadu,South,Fashion,Sneakers,FAS-SNE963,1,5299,5299,FREESHIP,0.00,0.18,5299.00,953.82,Wallet,Delivered,Mobile App,Neha Patel,Delhivery,5,5,3347.69,1951.31,0.3682,135.00,6387.82
IN250801686,21-Aug-2025,CUST10588,Pooja Bansal,42,Ranchi,Jharkhand,East,Electronics,Laptop,ELE-LAP111,4,43999,175996,No Coupon,0.00,0.12,175996.00,21119.52,COD,Delivered,Mobile App,Neha Patel,Ecom Express,4,4,140370.33,35625.67,0.2024,138.00,197253.52
IN250801824,21-Aug-2025,CUST53950,Harsh Singh,35,Kochi,Kerala,South,Grocery & Gourmet,Coffee Pack,GRO-COF323,1,492,492,No Coupon,0.00,0.05,492.00,24.60,Credit Card,Delivered,Mobile App,Priya Nair,Blue Dart,3,2,298.03,193.97,0.3942,168.00,684.60
IN250800026,23-Aug-2025,CUST60577,Payal Bansal,30,Surat,Gujarat,West,Home & Kitchen,Mixer Grinder,HOM-MIX702,2,2799,5598,PAYDAY15,839.70,0.12,4758.30,571.00,Credit Card,Delivered,Website,Kavya Deshmukh,Ecom Express,4,5,4326.95,431.35,0.0907,135.00,5464.30
IN250800648,23-Aug-2025,CUST52300,Meera Das,30,Vadodara,Gujarat,West,Books & Stationery,Pen Set,BOO-PEN801,1,260,260,PAYDAY15,39.00,0.12,221.00,26.52,UPI,Delivered,Website,Pooja Reddy,DTDC,3,4,193.66,27.34,0.1237,94.00,341.52
IN250800724,23-Aug-2025,CUST86074,Anaya Malhotra,40,Indore,Madhya Pradesh,Central,Fashion,Saree,FAS-SAR508,1,5899,5899,APPONLY,471.92,0.12,5427.08,651.25,Net Banking,Delivered,Marketplace,Amit Sharma,Blue Dart,2,4,3712.34,1714.74,0.3160,145.00,6223.33
IN250800112,24-Aug-2025,CUST85906,Reyansh Ghosh,27,Delhi,Delhi,North,Fashion,Sneakers,FAS-SNE769,1,4099,4099,No Coupon,0.00,0.12,4099.00,491.88,Net Banking,Delivered,Mobile App,Swati Mishra,India Post,1,5,2454.44,1644.56,0.4012,89.00,4679.88
IN250802192,24-Aug-2025,CUST81642,Suresh Patel,34,Surat,Gujarat,West,Fashion,Jeans,FAS-JEA803,1,1799,1799,MEGADEAL,323.82,0.12,1475.18,177.02,UPI,Delivered,Website,Anjali Joshi,Ecom Express,1,5,1275.24,199.94,0.1355,94.00,1746.20
IN250800168,25-Aug-2025,CUST74827,Akshay Pillai,32,Noida,Uttar Pradesh,North,Beauty & Personal Care,Trimmer,BEA-TRI344,2,2399,4798,FESTIVE10,479.80,0.18,4318.20,777.28,UPI,Delivered,Website,Anjali Joshi,Shadowfax,3,5,2829.97,1488.23,0.3446,171.00,5266.48
IN250800989,25-Aug-2025,CUST79971,Ayaan Rathod,38,Ahmedabad,Gujarat,West,Electronics,Laptop,ELE-LAP755,4,81599,326396,PAYDAY15,48959.40,0.12,277436.60,33292.39,Credit Card,Delivered,Marketplace,Swati Mishra,Xpressbees,3,5,275725.81,1710.79,0.0062,118.00,310846.99
IN250801324,25-Aug-2025,CUST93147,Reyansh Reddy,42,Vadodara,Gujarat,West,Books & Stationery,Pen Set,BOO-PEN291,1,117,117,No Coupon,0.00,0.05,117.00,5.85,Net Banking,Delivered,Mobile App,Kavya Deshmukh,Ecom Express,4,4,87.04,29.96,0.2561,121.00,243.85
IN250802141,25-Aug-2025,CUST52284,Deepak Saxena,56,Coimbatore,Tamil Nadu,South,Beauty & Personal Care,Hair Oil,BEA-HAI105,1,220,220,MEGADEAL,39.60,0.18,180.40,32.47,Net Banking,Shipped,Marketplace,Pooja Reddy,Delhivery,2,,169.02,11.38,0.0631,127.00,339.87
IN250802152,25-Aug-2025,CUST93721,Kiara Bansal,58,Hyderabad,Telangana,South,Mobiles & Accessories,Tempered Glass,MOB-TEM995,1,143,143,No Coupon,0.00,0.18,143.00,25.74,Credit Card,Delivered,Mobile App,Nikhil Bansal,Delhivery,1,5,121.40,21.60,0.1510,139.00,307.74
IN250800764,26-Aug-2025,CUST26605,Akshay Bhatia,40,Guwahati,Assam,North East,Mobiles & Accessories,Smartphone,MOB-SMA530,1,18199,18199,No Coupon,0.00,0.18,18199.00,3275.82,Debit Card,Delivered,Social Commerce,Deepak Yadav,Xpressbees,2,3,15587.55,2611.45,0.1435,80.00,21554.82
IN250802063,26-Aug-2025,CUST96040,Nisha Agarwal,24,Ranchi,Jharkhand,East,Books & Stationery,Kids Story Book,BOO-KID858,1,402,402,No Coupon,0.00,0.05,402.00,20.10,UPI,Delivered,Mobile App,Tanvi Jadhav,Xpressbees,5,5,236.56,165.44,0.4115,113.00,535.10
IN250802159,26-Aug-2025,CUST29406,Pranav Malhotra,57,Ahmedabad,Gujarat,West,Fashion,Sneakers,FAS-SNE953,1,4699,4699,No Coupon,0.00,0.12,4699.00,563.88,UPI,Cancelled,Mobile App,Pooja Reddy,India Post,4,,3399.43,1299.57,0.2766,0.00,5262.88
IN250801429,27-Aug-2025,CUST51991,Sneha Dhawale,33,Bengaluru,Karnataka,South,Electronics,Keyboard,ELE-KEY752,2,3799,7598,WELCOME100,100.00,0.18,7498.00,1349.64,Debit Card,Cancelled,Mobile App,Neha Patel,Delhivery,1,,6195.91,1302.09,0.1737,0.00,8847.64
IN250801982,27-Aug-2025,CUST52118,Rutuja Gaikwad,53,Nashik,Maharashtra,West,Grocery & Gourmet,Coffee Pack,GRO-COF337,1,474,474,APPONLY,37.92,0.12,436.08,52.33,COD,Delivered,Mobile App,Swati Mishra,Xpressbees,5,4,285.64,150.44,0.3450,93.00,581.41
IN250801753,28-Aug-2025,CUST45178,Priya Shinde,51,Chennai,Tamil Nadu,South,Mobiles & Accessories,Tempered Glass,MOB-TEM482,1,471,471,FREESHIP,0.00,0.12,471.00,56.52,UPI,Delivered,Marketplace,Amit Sharma,Xpressbees,2,5,379.51,91.49,0.1942,142.00,669.52
IN250800052,29-Aug-2025,CUST98795,Meera Saxena,48,Patna,Bihar,East,Fashion,Jeans,FAS-JEA449,1,2099,2099,No Coupon,0.00,0.18,2099.00,377.82,UPI,Returned,Website,Vikram Singh,Shadowfax,4,5,1468.48,630.52,0.3004,119.00,2595.82
IN250800940,29-Aug-2025,CUST98316,Krishna More,38,Ludhiana,Punjab,North,Fashion,Saree,FAS-SAR942,1,2399,2399,FESTIVE10,239.90,0.12,2159.10,259.09,COD,Delivered,Website,Pooja Reddy,DTDC,5,4,1844.57,314.53,0.1457,150.00,2568.19
IN250801593,29-Aug-2025,CUST30789,Pooja Yadav,37,Vadodara,Gujarat,West,Electronics,Laptop,ELE-LAP359,3,41799,125397,PAYDAY15,18809.55,0.12,106587.45,12790.49,Debit Card,Delivered,Mobile App,Rohan Mehta,Ecom Express,7,4,102754.68,3832.77,0.0360,63.00,119440.94
IN250802400,29-Aug-2025,CUST75778,Sai Singh,33,Vadodara,Gujarat,West,Home & Kitchen,Pressure Cooker,HOM-PRE234,1,3199,3199,No Coupon,0.00,0.12,3199.00,383.88,Debit Card,Delivered,Website,Sagar Pawar,Xpressbees,2,4,2147.52,1051.48,0.3287,180.00,3762.88
IN250802483,29-Aug-2025,CUST77330,Vivaan Ghosh,28,Kolkata,West Bengal,East,Grocery & Gourmet,Cold Pressed Oil,GRO-COL504,2,411,822,FESTIVE10,82.20,0.12,739.80,88.78,COD,Returned,Website,Anjali Joshi,Delhivery,3,4,622.93,116.87,0.1580,120.00,948.58
IN250800611,30-Aug-2025,CUST25835,Sai Ghosh,44,Noida,Uttar Pradesh,North,Beauty & Personal Care,Hair Oil,BEA-HAI119,1,256,256,No Coupon,0.00,0.12,256.00,30.72,COD,Shipped,Mobile App,Tanvi Jadhav,Ecom Express,4,,152.21,103.79,0.4054,100.00,386.72
IN250801486,30-Aug-2025,CUST88071,Pranav Mehta,36,Visakhapatnam,Andhra Pradesh,South,Fashion,Saree,FAS-SAR447,2,5399,10798,WELCOME100,100.00,0.18,10698.00,1925.64,UPI,Delivered,Mobile App,Swati Mishra,Xpressbees,2,4,8299.77,2398.23,0.2242,169.00,12792.64
IN250801687,30-Aug-2025,CUST47455,Janhavi Rathod,28,Pune,Maharashtra,West,Grocery & Gourmet,Cold Pressed Oil,GRO-COL703,1,650,650,PAYDAY15,97.50,0.05,552.50,27.62,UPI,Delivered,Website,Neha Patel,India Post,1,4,379.43,173.07,0.3132,174.00,754.12
IN250800507,31-Aug-2025,CUST28612,Manish Singh,55,Vijayawada,Andhra Pradesh,South,Beauty & Personal Care,Skin Cream,BEA-SKI276,2,1199,2398,FREESHIP,0.00,0.18,2398.00,431.64,UPI,Delivered,Website,Karan Malhotra,India Post,1,5,1513.31,884.69,0.3689,96.00,2925.64
IN250800978,31-Aug-2025,CUST71714,Pranav Malhotra,25,Ludhiana,Punjab,North,Sports & Fitness,Running Shoes,SPO-RUN586,1,3399,3399,MEGADEAL,611.82,0.18,2787.18,501.69,Net Banking,Delivered,Website,Amit Sharma,DTDC,4,3,2299.44,487.74,0.1750,68.00,3356.87
IN250801574,31-Aug-2025,CUST23260,Sneha Shaikh,54,Lucknow,Uttar Pradesh,North,Fashion,Saree,FAS-SAR816,1,1199,1199,WELCOME100,100.00,0.18,1099.00,197.82,COD,Delivered,Website,Kavya Deshmukh,India Post,4,1,729.08,369.92,0.3366,179.00,1475.82
IN250802119,31-Aug-2025,CUST70614,Nisha Mishra,47,Bhubaneswar,Odisha,East,Beauty & Personal Care,Shampoo,BEA-SHA662,1,253,253,APPONLY,20.24,0.18,232.76,41.90,COD,Delivered,Website,Isha Gupta,Shadowfax,2,5,169.09,63.67,0.2735,126.00,400.66
IN250802166,31-Aug-2025,CUST89132,Shaurya More,23,Vadodara,Gujarat,West,Grocery & Gourmet,Coffee Pack,GRO-COF249,4,323,1292,APPONLY,103.36,0.18,1188.64,213.96,UPI,Delivered,Mobile App,Sneha Kulkarni,Blue Dart,2,4,875.00,313.64,0.2639,153.00,1555.60
IN250802275,31-Aug-2025,CUST94565,Deepak Pillai,26,Ludhiana,Punjab,North,Mobiles & Accessories,Phone Cover,MOB-PHO232,4,529,2116,No Coupon,0.00,0.18,2116.00,380.88,COD,Delivered,Mobile App,Kavya Deshmukh,Xpressbees,3,1,1733.37,382.63,0.1808,105.00,2601.88
IN250802352,31-Aug-2025,CUST36379,Anaya Sharma,29,Visakhapatnam,Andhra Pradesh,South,Fashion,Handbag,FAS-HAN540,2,1599,3198,No Coupon,0.00,0.12,3198.00,383.76,Credit Card,Returned,Marketplace,Neha Patel,Blue Dart,6,4,2085.28,1112.72,0.3479,112.00,3693.76
IN250901050,01-Sep-2025,CUST57143,Shaurya Reddy,32,Indore,Madhya Pradesh,Central,Mobiles & Accessories,Bluetooth Earbuds,MOB-BLU509,2,8299,16598,No Coupon,0.00,0.12,16598.00,1991.76,UPI,Shipped,Mobile App,Karan Malhotra,Delhivery,5,,12961.57,3636.43,0.2191,124.00,18713.76
IN250902025,01-Sep-2025,CUST60272,Siddharth Mishra,40,Visakhapatnam,Andhra Pradesh,South,Home & Kitchen,Pressure Cooker,HOM-PRE829,2,2399,4798,FESTIVE10,479.80,0.12,4318.20,518.18,COD,Cancelled,Mobile App,Neha Patel,Blue Dart,4,,3139.01,1179.19,0.2731,0.00,4836.38
IN250900655,02-Sep-2025,CUST74604,Aarav Sharma,26,Visakhapatnam,Andhra Pradesh,South,Beauty & Personal Care,Perfume,BEA-PER711,2,2299,4598,No Coupon,0.00,0.18,4598.00,827.64,Credit Card,Shipped,Marketplace,Kavya Deshmukh,DTDC,4,,3284.86,1313.14,0.2856,66.00,5491.64
IN250902124,02-Sep-2025,CUST75303,Yash Qureshi,42,Ranchi,Jharkhand,East,Beauty & Personal Care,Skin Cream,BEA-SKI266,4,562,2248,FREESHIP,0.00,0.18,2248.00,404.64,UPI,Delivered,Mobile App,Amit Sharma,Ecom Express,3,5,1438.53,809.47,0.3601,135.00,2787.64
IN250900643,03-Sep-2025,CUST23578,Karan Kadam,29,Surat,Gujarat,West,Mobiles & Accessories,Bluetooth Earbuds,MOB-BLU675,1,1499,1499,PAYDAY15,224.85,0.12,1274.15,152.90,COD,Shipped,Mobile App,Swati Mishra,Ecom Express,4,,1248.27,25.88,0.0203,158.00,1585.05
IN250901356,03-Sep-2025,CUST61559,Saanvi More,48,Visakhapatnam,Andhra Pradesh,South,Sports & Fitness,Yoga Mat,SPO-YOG201,1,1499,1499,No Coupon,0.00,0.12,1499.00,179.88,Debit Card,Delivered,Website,Anjali Joshi,Shadowfax,2,3,996.27,502.73,0.3354,95.00,1773.88
IN250900365,04-Sep-2025,CUST48018,Kiara Singh,57,Lucknow,Uttar Pradesh,North,Sports & Fitness,Cricket Bat,SPO-CRI594,4,3899,15596,No Coupon,0.00,0.12,15596.00,1871.52,UPI,Delivered,Marketplace,Priya Nair,DTDC,4,4,9217.55,6378.45,0.4090,142.00,17609.52
IN250900433,04-Sep-2025,CUST12902,Aadhya Das,18,Bengaluru,Karnataka,South,Grocery & Gourmet,Dry Fruits Pack,GRO-DRY934,1,1699,1699,DIWALI20,339.80,0.18,1359.20,244.66,UPI,Cancelled,Website,Priya Nair,DTDC,3,,1025.98,333.22,0.2452,0.00,1603.86
IN250901649,04-Sep-2025,CUST47050,Riya Agarwal,29,Delhi,Delhi,North,Beauty & Personal Care,Hair Oil,BEA-HAI402,3,136,408,No Coupon,0.00,0.18,408.00,73.44,Debit Card,Shipped,Mobile App,Neha Patel,Ecom Express,7,,259.45,148.55,0.3641,68.00,549.44
IN250900561,05-Sep-2025,CUST72772,Akshay Tiwari,42,Bhopal,Madhya Pradesh,Central,Electronics,Bluetooth Speaker,ELE-BLU492,1,8599,8599,No Coupon,0.00,0.18,8599.00,1547.82,Debit Card,Delivered,Website,Karan Malhotra,Delhivery,3,2,6529.95,2069.05,0.2406,169.00,10315.82
IN250902205,05-Sep-2025,CUST14562,Sai More,23,Pune,Maharashtra,West,Fashion,Handbag,FAS-HAN112,5,4099,20495,MEGADEAL,3689.10,0.18,16805.90,3025.06,UPI,Delivered,Website,Sneha Kulkarni,Xpressbees,2,4,14588.65,2217.25,0.1319,85.00,19915.96
IN250900631,06-Sep-2025,CUST72145,Amit Deshmukh,40,Surat,Gujarat,West,Grocery & Gourmet,Tea Pack,GRO-TEA689,1,267,267,PAYDAY15,40.05,0.05,226.95,11.35,UPI,Delivered,Mobile App,Pooja Reddy,Xpressbees,3,2,179.42,47.53,0.2094,153.00,391.30
IN250901039,06-Sep-2025,CUST27190,Priya More,30,Mumbai,Maharashtra,West,Grocery & Gourmet,Spices Combo,GRO-SPI391,1,225,225,FESTIVE10,22.50,0.18,202.50,36.45,Credit Card,Delivered,Social Commerce,Sagar Pawar,Shadowfax,3,4,162.65,39.85,0.1968,84.00,322.95
IN250901436,06-Sep-2025,CUST80020,Arjun Saxena,22,Ahmedabad,Gujarat,West,Grocery & Gourmet,Tea Pack,GRO-TEA279,3,673,2019,No Coupon,0.00,0.05,2019.00,100.95,COD,Delivered,Website,Rohan Mehta,Blue Dart,5,5,1523.30,495.70,0.2455,101.00,2220.95
IN250900011,07-Sep-2025,CUST11970,Isha Deshmukh,50,Ranchi,Jharkhand,East,Grocery & Gourmet,Coffee Pack,GRO-COF377,2,906,1812,PAYDAY15,271.80,0.18,1540.20,277.24,UPI,Delivered,Website,Manish Iyer,Delhivery,3,4,1398.32,141.88,0.0921,109.00,1926.44
IN250900870,07-Sep-2025,CUST49339,Rudra Kulkarni,28,Ahmedabad,Gujarat,West,Electronics,Laptop,ELE-LAP789,4,124999,499996,FESTIVE10,49999.60,0.18,449996.40,80999.35,UPI,Delivered,Mobile App,Pooja Reddy,Shadowfax,1,2,402788.12,47208.28,0.1049,160.00,531155.75
IN250900211,08-Sep-2025,CUST47801,Vihaan Banerjee,51,Coimbatore,Tamil Nadu,South,Books & Stationery,Office Diary,BOO-OFF276,1,161,161,FESTIVE10,16.10,0.05,144.90,7.25,UPI,Cancelled,Social Commerce,Rahul Verma,Shadowfax,2,,108.98,35.92,0.2479,0.00,152.15
IN250900553,09-Sep-2025,CUST79972,Isha Kapoor,21,Mysuru,Karnataka,South,Books & Stationery,Kids Story Book,BOO-KID142,2,352,704,FESTIVE10,70.40,0.12,633.60,76.03,UPI,Delivered,Mobile App,Manish Iyer,Shadowfax,4,5,427.96,205.64,0.3246,92.00,801.63
IN250901344,09-Sep-2025,CUST43339,Manish Singh,53,Bhopal,Madhya Pradesh,Central,Grocery & Gourmet,Basmati Rice 5kg,GRO-BAS633,1,608,608,No Coupon,0.00,0.12,608.00,72.96,Credit Card,Delivered,Mobile App,Rahul Verma,Delhivery,4,5,417.63,190.37,0.3131,151.00,831.96
IN250900602,10-Sep-2025,CUST26519,Saanvi Singh,18,Thiruvananthapuram,Kerala,South,Mobiles & Accessories,Smartphone,MOB-SMA644,1,36499,36499,No Coupon,0.00,0.18,36499.00,6569.82,Net Banking,Delivered,Website,Rohan Mehta,DTDC,4,3,28857.03,7641.97,0.2094,168.00,43236.82
IN250901162,10-Sep-2025,CUST39178,Yash Agarwal,57,Patna,Bihar,East,Mobiles & Accessories,Smartphone,MOB-SMA814,2,71999,143998,APPONLY,11519.84,0.18,132478.16,23846.07,Debit Card,Delivered,Website,Deepak Yadav,India Post,3,3,113958.80,18519.36,0.1398,161.00,156485.23
IN250901476,10-Sep-2025,CUST96729,Aarav Qureshi,42,Visakhapatnam,Andhra Pradesh,South,Home & Kitchen,Cookware Set,HOM-COO786,1,2399,2399,PAYDAY15,359.85,0.12,2039.15,244.70,Net Banking,Delivered,Website,Isha Gupta,India Post,1,4,1517.78,521.37,0.2557,60.00,2343.85
IN250902179,10-Sep-2025,CUST41148,Neha Nair,18,Vadodara,Gujarat,West,Mobiles & Accessories,Bluetooth Earbuds,MOB-BLU529,1,6399,6399,No Coupon,0.00,0.18,6399.00,1151.82,UPI,Delivered,Marketplace,Rahul Verma,DTDC,3,4,4741.57,1657.43,0.2590,151.00,7701.82
IN250900698,11-Sep-2025,CUST37720,Sakshi Rathod,28,Coimbatore,Tamil Nadu,South,Fashion,Sneakers,FAS-SNE320,1,4499,4499,APPONLY,359.92,0.12,4139.08,496.69,UPI,Delivered,Mobile App,Sneha Kulkarni,Xpressbees,3,4,2844.96,1294.12,0.3127,141.00,4776.77
IN250901201,11-Sep-2025,CUST18394,Anika Rathod,42,Bhopal,Madhya Pradesh,Central,Mobiles & Accessories,Bluetooth Earbuds,MOB-BLU635,2,8799,17598,No Coupon,0.00,0.18,17598.00,3167.64,UPI,Delivered,Website,Sneha Kulkarni,Shadowfax,3,5,12783.09,4814.91,0.2736,91.00,20856.64
IN250900082,12-Sep-2025,CUST21017,Akshay Bhatia,23,Nashik,Maharashtra,West,Mobiles & Accessories,Tempered Glass,MOB-TEM952,1,594,594,NEWYEAR10,59.40,0.18,534.60,96.23,UPI,Delivered,Website,Manish Iyer,Blue Dart,3,3,497.40,37.20,0.0696,130.00,760.83
IN250902007,12-Sep-2025,CUST75246,Aditya More,21,Delhi,Delhi,North,Beauty & Personal Care,Skin Cream,BEA-SKI402,1,253,253,No Coupon,0.00,0.18,253.00,45.54,UPI,Delivered,Website,Rahul Verma,DTDC,5,4,168.08,84.92,0.3357,82.00,380.54
IN250900081,13-Sep-2025,CUST59534,Akshay Das,43,Ludhiana,Punjab,North,Beauty & Personal Care,Skin Cream,BEA-SKI677,2,268,536,No Coupon,0.00,0.12,536.00,64.32,UPI,Delivered,Mobile App,Priya Nair,DTDC,4,4,350.14,185.86,0.3468,92.00,692.32
IN250900346,13-Sep-2025,CUST78500,Siddharth Kadam,27,Visakhapatnam,Andhra Pradesh,South,Electronics,Tablet,ELE-TAB604,4,54299,217196,WELCOME100,100.00,0.12,217096.00,26051.52,UPI,Delivered,Website,Rohan Mehta,India Post,2,4,157279.78,59816.22,0.2755,151.00,243298.52
IN250902005,13-Sep-2025,CUST99091,Nikhil Shaikh,29,Kolkata,West Bengal,East,Books & Stationery,Office Diary,BOO-OFF415,1,407,407,FESTIVE10,40.70,0.05,366.30,18.32,COD,Delivered,Website,Kavya Deshmukh,DTDC,5,4,274.27,92.03,0.2512,120.00,504.62
IN250902109,13-Sep-2025,CUST61119,Rahul Chauhan,23,Chandigarh,Chandigarh,North,Mobiles & Accessories,Smartphone,MOB-SMA879,2,26499,52998,No Coupon,0.00,0.12,52998.00,6359.76,Credit Card,Delivered,Mobile App,Tanvi Jadhav,Shadowfax,3,5,45322.58,7675.42,0.1448,115.00,59472.76
IN250900069,14-Sep-2025,CUST77776,Pooja Nair,19,Mumbai,Maharashtra,West,Electronics,Wireless Mouse,ELE-WIR869,1,1499,1499,No Coupon,0.00,0.12,1499.00,179.88,Credit Card,Delivered,Marketplace,Neha Patel,Xpressbees,4,5,1199.10,299.90,0.2001,130.00,1808.88
IN250900158,14-Sep-2025,CUST83605,Nikhil More,46,Pune,Maharashtra,West,Home & Kitchen,Pressure Cooker,HOM-PRE576,2,1899,3798,PAYDAY15,569.70,0.12,3228.30,387.40,Debit Card,Delivered,Marketplace,Pooja Reddy,Ecom Express,5,5,2585.66,642.64,0.1991,66.00,3681.70
IN250902250,14-Sep-2025,CUST24327,Pooja Gupta,51,Ranchi,Jharkhand,East,Fashion,Sneakers,FAS-SNE467,1,5299,5299,No Coupon,0.00,0.12,5299.00,635.88,UPI,Delivered,Website,Pooja Reddy,Ecom Express,6,5,3385.93,1913.07,0.3610,119.00,6053.88
IN250900139,15-Sep-2025,CUST89700,Vikram Kulkarni,58,Nagpur,Maharashtra,West,Beauty & Personal Care,Face Wash,BEA-FAC190,1,375,375,No Coupon,0.00,0.12,375.00,45.00,UPI,Returned,Website,Karan Malhotra,Xpressbees,2,1,223.68,151.32,0.4035,160.00,580.00
IN250901480,15-Sep-2025,CUST78114,Yash Banerjee,34,Jaipur,Rajasthan,North,Fashion,Saree,FAS-SAR799,1,1999,1999,No Coupon,0.00,0.18,1999.00,359.82,UPI,Delivered,Mobile App,Kavya Deshmukh,Delhivery,2,4,1387.66,611.34,0.3058,104.00,2462.82
IN250901628,15-Sep-2025,CUST84669,Yash Shaikh,38,Lucknow,Uttar Pradesh,North,Grocery & Gourmet,Cold Pressed Oil,GRO-COL942,4,652,2608,No Coupon,0.00,0.12,2608.00,312.96,COD,Delivered,Mobile App,Amit Sharma,Blue Dart,3,4,1858.73,749.27,0.2873,141.00,3061.96
IN250901785,15-Sep-2025,CUST43919,Diya Mishra,51,Visakhapatnam,Andhra Pradesh,South,Mobiles & Accessories,Smartphone,MOB-SMA889,3,67299,201897,FESTIVE10,20189.70,0.12,181707.30,21804.88,UPI,Delivered,Mobile App,Amit Sharma,Ecom Express,6,1,156525.87,25181.43,0.1386,133.00,203645.18
IN250901049,16-Sep-2025,CUST47036,Prachi Kadam,46,Bhubaneswar,Odisha,East,Beauty & Personal Care,Trimmer,BEA-TRI411,4,912,3648,No Coupon,0.00,0.12,3648.00,437.76,Credit Card,Delivered,Mobile App,Neha Patel,DTDC,2,4,2523.32,1124.68,0.3083,98.00,4183.76
IN250901307,16-Sep-2025,CUST33961,Mansi Deshmukh,26,Bhopal,Madhya Pradesh,Central,Home & Kitchen,Water Purifier,HOM-WAT333,1,24899,24899,MEGADEAL,4481.82,0.12,20417.18,2450.06,UPI,Shipped,Website,Swati Mishra,India Post,3,,18005.16,2412.02,0.1181,106.00,22973.24
IN250901647,16-Sep-2025,CUST52546,Manish Shaikh,28,Patna,Bihar,East,Fashion,Men T-Shirt,FAS-MEN199,1,1099,1099,No Coupon,0.00,0.12,1099.00,131.88,Debit Card,Delivered,Mobile App,Priya Nair,Shadowfax,5,5,847.67,251.33,0.2287,161.00,1391.88
IN250902317,16-Sep-2025,CUST67486,Karan Mehta,20,Lucknow,Uttar Pradesh,North,Grocery & Gourmet,Dry Fruits Pack,GRO-DRY987,1,413,413,WELCOME100,82.60,0.12,330.40,39.65,Debit Card,Delivered,Mobile App,Sagar Pawar,Shadowfax,1,2,266.87,63.53,0.1923,72.00,442.05
IN250901739,17-Sep-2025,CUST77753,Rajesh Joshi,39,Vijayawada,Andhra Pradesh,South,Books & Stationery,Pen Set,BOO-PEN559,2,249,498,No Coupon,0.00,0.12,498.00,59.76,Credit Card,Delivered,Mobile App,Deepak Yadav,DTDC,3,4,359.19,138.81,0.2787,108.00,665.76
IN250900760,18-Sep-2025,CUST51441,Rudra More,40,Nashik,Maharashtra,West,Grocery & Gourmet,Basmati Rice 5kg,GRO-BAS670,1,941,941,No Coupon,0.00,0.18,941.00,169.38,UPI,Returned,Website,Rohan Mehta,DTDC,5,5,569.51,371.49,0.3948,87.00,1197.38
IN250901556,18-Sep-2025,CUST41272,Vivaan Reddy,29,Gurugram,Haryana,North,Books & Stationery,Office Diary,BOO-OFF390,1,455,455,No Coupon,0.00,0.12,455.00,54.60,Wallet,Returned,Social Commerce,Rahul Verma,Delhivery,6,4,299.16,155.84,0.3425,148.00,657.60
IN250902232,18-Sep-2025,CUST90627,Amit Gaikwad,50,Vijayawada,Andhra Pradesh,South,Home & Kitchen,Air Fryer,HOM-AIR606,1,6299,6299,APPONLY,503.92,0.18,5795.08,1043.11,UPI,Delivered,Mobile App,Tanvi Jadhav,DTDC,6,4,3930.96,1864.12,0.3217,132.00,6970.19
IN250900063,19-Sep-2025,CUST60660,Suresh Gupta,39,Pune,Maharashtra,West,Fashion,Women Kurti,FAS-WOM788,2,2399,4798,No Coupon,0.00,0.12,4798.00,575.76,Credit Card,Delivered,Website,Isha Gupta,Blue Dart,2,4,3315.73,1482.27,0.3089,96.00,5469.76
IN250900064,19-Sep-2025,CUST42460,Tanvi Pillai,36,Patna,Bihar,East,Beauty & Personal Care,Trimmer,BEA-TRI540,1,3899,3899,No Coupon,0.00,0.18,3899.00,701.82,COD,Delivered,Website,Vikram Singh,Xpressbees,6,3,2921.32,977.68,0.2508,71.00,4671.82
IN250900876,19-Sep-2025,CUST82301,Ira Kumar,18,Nagpur,Maharashtra,West,Sports & Fitness,Dumbbell Set,SPO-DUM681,1,3599,3599,FREESHIP,0.00,0.12,3599.00,431.88,UPI,Cancelled,Website,Sneha Kulkarni,Delhivery,2,,2676.18,922.82,0.2564,0.00,4030.88
IN250901505,19-Sep-2025,CUST11011,Mansi Chatterjee,36,Ahmedabad,Gujarat,West,Electronics,Laptop,ELE-LAP951,1,74799,74799,PAYDAY15,11219.85,0.12,63579.15,7629.50,UPI,Delivered,Website,Swati Mishra,Ecom Express,3,4,59321.25,4257.90,0.0670,115.00,71323.65
IN250901956,19-Sep-2025,CUST56620,Myra Nair,38,Visakhapatnam,Andhra Pradesh,South,Home & Kitchen,Water Purifier,HOM-WAT244,3,22799,68397,FREESHIP,0.00,0.18,68397.00,12311.46,Wallet,Returned,Website,Anjali Joshi,Ecom Express,3,4,41928.35,26468.65,0.3870,157.00,80865.46
IN250900191,20-Sep-2025,CUST56849,Isha Kulkarni,47,Indore,Madhya Pradesh,Central,Home & Kitchen,Mixer Grinder,HOM-MIX866,4,3099,12396,DIWALI20,2479.20,0.18,9916.80,1785.02,Credit Card,Delivered,Social Commerce,Sagar Pawar,Ecom Express,3,4,8597.21,1319.59,0.1331,167.00,11868.82
IN250900502,20-Sep-2025,CUST52814,Vihaan Tiwari,21,Ludhiana,Punjab,North,Grocery & Gourmet,Spices Combo,GRO-SPI344,1,527,527,No Coupon,0.00,0.12,527.00,63.24,UPI,Shipped,Marketplace,Sneha Kulkarni,Xpressbees,6,,308.68,218.32,0.4143,86.00,676.24
IN250901542,21-Sep-2025,CUST75505,Shaurya Saxena,58,Kochi,Kerala,South,Mobiles & Accessories,Smart Watch,MOB-SMA920,1,2799,2799,No Coupon,0.00,0.12,2799.00,335.88,COD,Delivered,Website,Manish Iyer,DTDC,3,5,2207.86,591.14,0.2112,158.00,3292.88
IN250901718,21-Sep-2025,CUST24178,Tanvi Kumar,24,Ahmedabad,Gujarat,West,Books & Stationery,Exam Prep Book,BOO-EXA464,2,717,1434,WELCOME100,100.00,0.05,1334.00,66.70,UPI,Delivered,Marketplace,Karan Malhotra,India Post,3,5,894.98,439.02,0.3291,111.00,1511.70
IN250902023,21-Sep-2025,CUST82589,Sagar Deshmukh,45,Bengaluru,Karnataka,South,Sports & Fitness,Cricket Bat,SPO-CRI902,1,3499,3499,No Coupon,0.00,0.18,3499.00,629.82,Credit Card,Delivered,Social Commerce,Isha Gupta,Xpressbees,4,5,2312.76,1186.24,0.3390,119.00,4247.82
IN250900763,22-Sep-2025,CUST79192,Deepak Kadam,55,Surat,Gujarat,West,Home & Kitchen,Bedsheet Set,HOM-BED322,1,1799,1799,No Coupon,0.00,0.18,1799.00,323.82,COD,Delivered,Mobile App,Nikhil Bansal,India Post,6,5,1246.29,552.71,0.3072,167.00,2289.82
IN250900371,23-Sep-2025,CUST27253,Aarti Gupta,29,Vadodara,Gujarat,West,Home & Kitchen,Water Purifier,HOM-WAT990,1,9399,9399,FESTIVE10,939.90,0.12,8459.10,1015.09,UPI,Delivered,Website,Swati Mishra,Delhivery,2,4,5599.52,2859.58,0.3380,148.00,9622.19
IN250900517,23-Sep-2025,CUST43932,Rutuja Rathod,49,Ludhiana,Punjab,North,Electronics,LED TV,ELE-LED304,2,23599,47198,No Coupon,0.00,0.18,47198.00,8495.64,UPI,Delivered,Marketplace,Anjali Joshi,Ecom Express,4,5,38749.90,8448.10,0.1790,171.00,55864.64
IN250901401,23-Sep-2025,CUST53675,Aditya Malhotra,23,Chandigarh,Chandigarh,North,Beauty & Personal Care,Perfume,BEA-PER356,1,2099,2099,MEGADEAL,377.82,0.12,1721.18,206.54,Net Banking,Delivered,Mobile App,Kavya Deshmukh,Shadowfax,6,5,1265.92,455.26,0.2645,79.00,2006.72
IN250901491,23-Sep-2025,CUST48867,Vihaan Nair,21,Pune,Maharashtra,West,Electronics,Tablet,ELE-TAB471,1,20399,20399,DIWALI20,4079.80,0.12,16319.20,1958.30,UPI,Returned,Mobile App,Pooja Reddy,Blue Dart,3,5,17002.24,-683.04,-0.0419,75.00,18352.50
IN250901750,23-Sep-2025,CUST83339,Rohan Singh,42,Ahmedabad,Gujarat,West,Sports & Fitness,Yoga Mat,SPO-YOG996,1,979,979,FREESHIP,0.00,0.12,979.00,117.48,UPI,Delivered,Website,Rahul Verma,Shadowfax,3,1,578.92,400.08,0.4087,126.00,1222.48
IN250901769,23-Sep-2025,CUST54793,Riya More,41,Bhopal,Madhya Pradesh,Central,Fashion,Women Kurti,FAS-WOM915,3,2399,7197,No Coupon,0.00,0.12,7197.00,863.64,UPI,Returned,Social Commerce,Swati Mishra,DTDC,5,1,5353.16,1843.84,0.2562,109.00,8169.64
IN250900127,24-Sep-2025,CUST51253,Amit Ansari,20,Mumbai,Maharashtra,West,Mobiles & Accessories,Bluetooth Earbuds,MOB-BLU592,1,8499,8499,PAYDAY15,1274.85,0.12,7224.15,866.90,COD,Delivered,Mobile App,Rohan Mehta,Blue Dart,5,4,6621.51,602.64,0.0834,123.00,8214.05
IN250900171,24-Sep-2025,CUST81146,Siddharth Banerjee,21,Nashik,Maharashtra,West,Grocery & Gourmet,Coffee Pack,GRO-COF400,3,985,2955,FESTIVE10,295.50,0.05,2659.50,132.97,UPI,Delivered,Mobile App,Pooja Reddy,Ecom Express,3,3,2238.13,421.37,0.1584,76.00,2868.47
IN250900272,24-Sep-2025,CUST79292,Ishaan Reddy,25,Ahmedabad,Gujarat,West,Electronics,Bluetooth Speaker,ELE-BLU150,1,5699,5699,No Coupon,0.00,0.12,5699.00,683.88,COD,Delivered,Social Commerce,Amit Sharma,Blue Dart,4,4,4745.66,953.34,0.1673,170.00,6552.88
IN250900436,24-Sep-2025,CUST38456,Sai Yadav,22,Ranchi,Jharkhand,East,Fashion,Saree,FAS-SAR143,4,1399,5596,FREESHIP,0.00,0.12,5596.00,671.52,UPI,Shipped,Website,Rohan Mehta,Delhivery,3,,3425.11,2170.89,0.3879,170.00,6437.52
IN250900696,24-Sep-2025,CUST73068,Aarti Malhotra,26,Bhubaneswar,Odisha,East,Fashion,Men T-Shirt,FAS-MEN484,1,511,511,MEGADEAL,91.98,0.12,419.02,50.28,Wallet,Delivered,Mobile App,Amit Sharma,Shadowfax,3,4,309.87,109.15,0.2605,119.00,588.30
IN250902454,24-Sep-2025,CUST53194,Vihaan Kapoor,35,Thiruvananthapuram,Kerala,South,Electronics,Keyboard,ELE-KEY525,1,3899,3899,PAYDAY15,584.85,0.18,3314.15,596.55,UPI,Shipped,Website,Nikhil Bansal,DTDC,1,,2999.84,314.31,0.0948,95.00,4005.70
IN250902238,26-Sep-2025,CUST34553,Vivaan Reddy,58,Patna,Bihar,East,Electronics,Keyboard,ELE-KEY270,1,613,613,FREESHIP,0.00,0.12,613.00,73.56,UPI,Delivered,Website,Vikram Singh,Blue Dart,4,5,445.65,167.35,0.2730,101.00,787.56
IN250902466,26-Sep-2025,CUST55052,Shaurya Tiwari,43,Ranchi,Jharkhand,East,Sports & Fitness,Fitness Band,SPO-FIT634,1,7799,7799,No Coupon,0.00,0.18,7799.00,1403.82,UPI,Cancelled,Website,Sneha Kulkarni,Blue Dart,2,,5782.94,2016.06,0.2585,0.00,9202.82
IN250900100,27-Sep-2025,CUST86786,Anika Yadav,21,Jaipur,Rajasthan,North,Home & Kitchen,Air Fryer,HOM-AIR124,4,7099,28396,DIWALI20,5679.20,0.12,22716.80,2726.02,Credit Card,Shipped,Website,Manish Iyer,Blue Dart,1,,21245.53,1471.27,0.0648,175.00,25617.82
IN250900239,27-Sep-2025,CUST48056,Rajesh More,31,Ludhiana,Punjab,North,Books & Stationery,Kids Story Book,BOO-KID188,1,359,359,No Coupon,0.00,0.12,359.00,43.08,UPI,Returned,Mobile App,Nikhil Bansal,Xpressbees,3,4,216.57,142.43,0.3967,115.00,517.08
IN250900878,27-Sep-2025,CUST55685,Yash Deshmukh,29,Kochi,Kerala,South,Home & Kitchen,Cookware Set,HOM-COO331,1,2199,2199,FREESHIP,0.00,0.18,2199.00,395.82,UPI,Delivered,Mobile App,Rahul Verma,DTDC,1,1,1594.47,604.53,0.2749,71.00,2665.82
IN250901819,27-Sep-2025,CUST83606,Siddharth Ansari,25,Noida,Uttar Pradesh,North,Mobiles & Accessories,Phone Cover,MOB-PHO297,1,454,454,No Coupon,0.00,0.18,454.00,81.72,Credit Card,Cancelled,Marketplace,Priya Nair,India Post,3,,359.63,94.37,0.2079,0.00,535.72
IN250901019,28-Sep-2025,CUST92489,Amit Iyer,19,Kochi,Kerala,South,Mobiles & Accessories,Bluetooth Earbuds,MOB-BLU602,2,6099,12198,No Coupon,0.00,0.12,12198.00,1463.76,UPI,Delivered,Website,Kavya Deshmukh,DTDC,3,4,10365.32,1832.68,0.1502,110.00,13771.76
IN250901211,28-Sep-2025,CUST52069,Komal Sharma,34,Gurugram,Haryana,North,Beauty & Personal Care,Skin Cream,BEA-SKI479,1,943,943,No Coupon,0.00,0.12,943.00,113.16,Net Banking,Shipped,Mobile App,Neha Patel,Blue Dart,5,,647.96,295.04,0.3129,141.00,1197.16
IN250901777,28-Sep-2025,CUST87643,Aarav Pillai,34,Indore,Madhya Pradesh,Central,Beauty & Personal Care,Hair Oil,BEA-HAI309,1,446,446,PAYDAY15,66.90,0.18,379.10,68.24,Debit Card,Delivered,Website,Deepak Yadav,Ecom Express,5,5,331.12,47.98,0.1266,179.00,626.34
IN250901937,28-Sep-2025,CUST89751,Siddharth Patel,36,Indore,Madhya Pradesh,Central,Fashion,Saree,FAS-SAR384,1,5899,5899,No Coupon,0.00,0.12,5899.00,707.88,UPI,Delivered,Website,Manish Iyer,Ecom Express,6,4,3918.95,1980.05,0.3357,174.00,6780.88
IN250900539,29-Sep-2025,CUST25731,Anaya Dhawale,56,Gurugram,Haryana,North,Fashion,Sneakers,FAS-SNE274,1,4499,4499,FREESHIP,0.00,0.18,4499.00,809.82,Net Banking,Delivered,Mobile App,Manish Iyer,DTDC,1,3,3167.71,1331.29,0.2959,60.00,5368.82
IN251000489,01-Oct-2025,CUST90916,Aadhya Kulkarni,57,Visakhapatnam,Andhra Pradesh,South,Fashion,Jeans,FAS-JEA406,1,1699,1699,NEWYEAR10,169.90,0.18,1529.10,275.24,COD,Delivered,Social Commerce,Tanvi Jadhav,DTDC,5,5,1133.62,395.48,0.2586,91.00,1895.34
IN251001808,01-Oct-2025,CUST70541,Diya Banerjee,29,Hyderabad,Telangana,South,Sports & Fitness,Fitness Band,SPO-FIT430,1,4699,4699,FESTIVE10,469.90,0.18,4229.10,761.24,Credit Card,Delivered,Website,Rohan Mehta,Shadowfax,1,5,2810.53,1418.57,0.3354,159.00,5149.34
IN251001999,01-Oct-2025,CUST35556,Yash Kumar,40,Pune,Maharashtra,West,Beauty & Personal Care,Face Wash,BEA-FAC146,1,581,581,No Coupon,0.00,0.12,581.00,69.72,UPI,Delivered,Website,Swati Mishra,Delhivery,4,5,439.42,141.58,0.2437,99.00,749.72
IN251002231,01-Oct-2025,CUST10979,Kiara Patel,51,Patna,Bihar,East,Grocery & Gourmet,Cold Pressed Oil,GRO-COL577,3,359,1077,No Coupon,0.00,0.05,1077.00,53.85,Net Banking,Shipped,Mobile App,Anjali Joshi,Shadowfax,6,,740.95,336.05,0.3120,79.00,1209.85
IN251000223,02-Oct-2025,CUST55015,Anaya Banerjee,46,Delhi,Delhi,North,Electronics,Laptop,ELE-LAP613,2,46999,93998,No Coupon,0.00,0.18,93998.00,16919.64,Wallet,Delivered,Website,Amit Sharma,India Post,3,5,71218.92,22779.08,0.2423,157.00,111074.64
IN251000454,02-Oct-2025,CUST19247,Sagar Kadam,39,Visakhapatnam,Andhra Pradesh,South,Electronics,Laptop,ELE-LAP861,1,109899,109899,PAYDAY15,16484.85,0.18,93414.15,16814.55,UPI,Delivered,Website,Rahul Verma,Blue Dart,3,5,82462.64,10951.51,0.1172,129.00,110357.70
IN251000557,02-Oct-2025,CUST28318,Harsh Jadhav,24,Mumbai,Maharashtra,West,Mobiles & Accessories,Bluetooth Earbuds,MOB-BLU338,1,8199,8199,MEGADEAL,1475.82,0.12,6723.18,806.78,Credit Card,Delivered,Mobile App,Rohan Mehta,Xpressbees,6,4,6990.19,-267.01,-0.0397,89.00,7618.96
IN251000674,02-Oct-2025,CUST30360,Sai Kumar,29,Ahmedabad,Gujarat,West,Fashion,Saree,FAS-SAR729,1,2799,2799,FREESHIP,0.00,0.12,2799.00,335.88,UPI,Delivered,Mobile App,Nikhil Bansal,India Post,3,5,1980.41,818.59,0.2925,95.00,3229.88
IN251001285,02-Oct-2025,CUST32590,Ira Chauhan,39,Hyderabad,Telangana,South,Electronics,Laptop,ELE-LAP674,1,71599,71599,DIWALI20,14319.80,0.12,57279.20,6873.50,UPI,Delivered,Website,Nikhil Bansal,Delhivery,5,4,55071.86,2207.34,0.0385,132.00,64284.70
IN251001924,02-Oct-2025,CUST56087,Karan Saxena,21,Thiruvananthapuram,Kerala,South,Fashion,Saree,FAS-SAR441,5,5599,27995,No Coupon,0.00,0.18,27995.00,5039.10,Net Banking,Delivered,Mobile App,Sneha Kulkarni,Xpressbees,2,5,21771.06,6223.94,0.2223,151.00,33185.10
IN251001972,02-Oct-2025,CUST52546,Anaya Dhawale,37,Coimbatore,Tamil Nadu,South,Home & Kitchen,Bedsheet Set,HOM-BED749,1,1599,1599,FESTIVE10,159.90,0.12,1439.10,172.69,UPI,Delivered,Mobile App,Nikhil Bansal,DTDC,1,4,954.96,484.14,0.3364,163.00,1774.79
IN251002150,02-Oct-2025,CUST32860,Deepak Kapoor,22,Bengaluru,Karnataka,South,Books & Stationery,Office Diary,BOO-OFF473,2,465,930,APPONLY,74.40,0.12,855.60,102.67,Debit Card,Delivered,Mobile App,Karan Malhotra,Delhivery,5,5,604.14,251.46,0.2939,129.00,1087.27
IN251002247,02-Oct-2025,CUST29308,Shruti Iyer,36,Gurugram,Haryana,North,Mobiles & Accessories,Smartphone,MOB-SMA310,3,50899,152697,No Coupon,0.00,0.18,152697.00,27485.46,Credit Card,Cancelled,Website,Vikram Singh,Xpressbees,1,,119439.47,33257.53,0.2178,0.00,180182.46
IN251002346,02-Oct-2025,CUST41478,Priya Chauhan,29,Ahmedabad,Gujarat,West,Grocery & Gourmet,Basmati Rice 5kg,GRO-BAS343,1,532,532,APPONLY,42.56,0.18,489.44,88.10,UPI,Delivered,Social Commerce,Vikram Singh,Blue Dart,8,4,319.25,170.19,0.3477,112.00,689.54
IN251000412,03-Oct-2025,CUST53719,Vivaan Ansari,53,Lucknow,Uttar Pradesh,North,Electronics,Wireless Mouse,ELE-WIR989,1,2199,2199,FESTIVE10,219.90,0.18,1979.10,356.24,Wallet,Shipped,Mobile App,Deepak Yadav,Shadowfax,3,,1779.57,199.53,0.1008,113.00,2448.34
IN251000457,03-Oct-2025,CUST83512,Neha Kulkarni,56,Chandigarh,Chandigarh,North,Fashion,Handbag,FAS-HAN581,1,4199,4199,No Coupon,0.00,0.18,4199.00,755.82,UPI,Delivered,Mobile App,Anjali Joshi,Blue Dart,2,5,3273.87,925.13,0.2203,180.00,5134.82
IN251000833,03-Oct-2025,CUST24388,Kabir Nair,28,Noida,Uttar Pradesh,North,Grocery & Gourmet,Cold Pressed Oil,GRO-COL949,1,545,545,FREESHIP,0.00,0.05,545.00,27.25,UPI,Delivered,Website,Anjali Joshi,Delhivery,2,5,347.90,197.10,0.3617,77.00,649.25
IN251001223,03-Oct-2025,CUST10664,Sagar Sharma,42,Visakhapatnam,Andhra Pradesh,South,Mobiles & Accessories,Bluetooth Earbuds,MOB-BLU619,1,6899,6899,No Coupon,0.00,0.18,6899.00,1241.82,UPI,Delivered,Mobile App,Deepak Yadav,Blue Dart,2,5,5521.87,1377.13,0.1996,108.00,8248.82
IN251002057,03-Oct-2025,CUST39409,Nisha Mishra,49,Pune,Maharashtra,West,Beauty & Personal Care,Trimmer,BEA-TRI220,1,1499,1499,PAYDAY15,224.85,0.12,1274.15,152.90,UPI,Delivered,Website,Priya Nair,Ecom Express,4,5,983.83,290.32,0.2279,145.00,1572.05
IN251000952,04-Oct-2025,CUST47407,Isha Bansal,36,Vadodara,Gujarat,West,Home & Kitchen,Pressure Cooker,HOM-PRE216,1,2599,2599,PAYDAY15,389.85,0.18,2209.15,397.65,UPI,Cancelled,Mobile App,Rahul Verma,India Post,6,,1753.20,455.95,0.2064,0.00,2606.80
IN251001066,04-Oct-2025,CUST95099,Ishaan Banerjee,30,Chennai,Tamil Nadu,South,Sports & Fitness,Dumbbell Set,SPO-DUM182,3,3099,9297,No Coupon,0.00,0.18,9297.00,1673.46,Credit Card,Delivered,Mobile App,Priya Nair,Blue Dart,5,5,6506.03,2790.97,0.3002,161.00,11131.46
IN251001897,04-Oct-2025,CUST67629,Sai Banerjee,35,Thiruvananthapuram,Kerala,South,Fashion,Sneakers,FAS-SNE600,1,5899,5899,No Coupon,0.00,0.12,5899.00,707.88,Debit Card,Delivered,Marketplace,Deepak Yadav,India Post,3,2,3898.22,2000.78,0.3392,155.00,6761.88
IN251001948,04-Oct-2025,CUST52030,Omkar Kadam,55,Chennai,Tamil Nadu,South,Beauty & Personal Care,Perfume,BEA-PER973,1,1799,1799,NEWYEAR10,179.90,0.18,1619.10,291.44,UPI,Delivered,Social Commerce,Neha Patel,Ecom Express,2,3,1226.62,392.48,0.2424,164.00,2074.54
IN251001221,05-Oct-2025,CUST88211,Yash Bansal,45,Nagpur,Maharashtra,West,Home & Kitchen,Bedsheet Set,HOM-BED450,3,820,2460,FREESHIP,0.00,0.18,2460.00,442.80,Credit Card,Delivered,Social Commerce,Manish Iyer,Blue Dart,4,5,1899.84,560.16,0.2277,62.00,2964.80
IN251001268,05-Oct-2025,CUST21253,Atharv Pillai,39,Ahmedabad,Gujarat,West,Fashion,Saree,FAS-SAR209,1,4099,4099,No Coupon,0.00,0.12,4099.00,491.88,UPI,Delivered,Website,Amit Sharma,DTDC,1,3,2660.97,1438.03,0.3508,112.00,4702.88
IN251001269,05-Oct-2025,CUST13247,Kiara Patel,56,Nagpur,Maharashtra,West,Mobiles & Accessories,Bluetooth Earbuds,MOB-BLU527,1,6999,6999,FESTIVE10,699.90,0.18,6299.10,1133.84,Credit Card,Delivered,Website,Nikhil Bansal,India Post,4,4,5868.65,430.45,0.0683,176.00,7608.94
IN251001478,05-Oct-2025,CUST45180,Vikram Pawar,35,Bhubaneswar,Odisha,East,Beauty & Personal Care,Trimmer,BEA-TRI517,2,3499,6998,FREESHIP,0.00,0.18,6998.00,1259.64,Credit Card,Delivered,Mobile App,Anjali Joshi,Ecom Express,3,4,4472.82,2525.18,0.3608,169.00,8426.64
IN251001720,05-Oct-2025,CUST86550,Neha Agarwal,50,Hyderabad,Telangana,South,Mobiles & Accessories,Tempered Glass,MOB-TEM724,1,149,149,FESTIVE10,14.90,0.18,134.10,24.14,Credit Card,Delivered,Mobile App,Deepak Yadav,Delhivery,2,5,121.94,12.16,0.0907,158.00,316.24
IN251001747,05-Oct-2025,CUST28217,Yash Joshi,46,Delhi,Delhi,North,Electronics,Laptop,ELE-LAP444,1,67699,67699,FESTIVE10,6769.90,0.18,60929.10,10967.24,Debit Card,Delivered,Website,Rahul Verma,Blue Dart,3,5,57202.03,3727.07,0.0612,180.00,72076.34
IN251001983,05-Oct-2025,CUST23156,Vivaan Malhotra,54,Guwahati,Assam,North East,Mobiles & Accessories,Power Bank,MOB-POW829,2,2999,5998,FESTIVE10,599.80,0.12,5398.20,647.78,Debit Card,Shipped,Social Commerce,Nikhil Bansal,DTDC,1,,4481.27,916.93,0.1699,177.00,6222.98
IN251000167,06-Oct-2025,CUST53112,Pranav Gaikwad,29,Patna,Bihar,East,Grocery & Gourmet,Dry Fruits Pack,GRO-DRY432,3,1099,3297,No Coupon,0.00,0.12,3297.00,395.64,Debit Card,Delivered,Website,Pooja Reddy,Blue Dart,3,4,2539.75,757.25,0.2297,157.00,3849.64
IN251000685,06-Oct-2025,CUST41047,Pranav Das,54,Nagpur,Maharashtra,West,Home & Kitchen,Water Purifier,HOM-WAT648,1,17499,17499,WELCOME100,100.00,0.12,17399.00,2087.88,Credit Card,Delivered,Mobile App,Rohan Mehta,Blue Dart,4,2,12091.21,5307.79,0.3051,91.00,19577.88
IN251001842,06-Oct-2025,CUST30551,Diya Gaikwad,47,Mysuru,Karnataka,South,Beauty & Personal Care,Perfume,BEA-PER798,1,1099,1099,FREESHIP,0.00,0.18,1099.00,197.82,UPI,Returned,Social Commerce,Rahul Verma,Xpressbees,6,5,845.40,253.60,0.2308,62.00,1358.82
IN251001979,06-Oct-2025,CUST65473,Neha Qureshi,38,Vijayawada,Andhra Pradesh,South,Mobiles & Accessories,Power Bank,MOB-POW429,1,1599,1599,No Coupon,0.00,0.12,1599.00,191.88,Wallet,Delivered,Marketplace,Manish Iyer,India Post,3,3,1336.99,262.01,0.1639,132.00,1922.88
IN251002056,06-Oct-2025,CUST97552,Manish Qureshi,52,Kochi,Kerala,South,Books & Stationery,Pen Set,BOO-PEN504,1,187,187,No Coupon,0.00,0.18,187.00,33.66,Credit Card,Delivered,Mobile App,Swati Mishra,Ecom Express,4,4,143.17,43.83,0.2344,180.00,400.66
IN251000938,07-Oct-2025,CUST73927,Ayaan Reddy,40,Kochi,Kerala,South,Sports & Fitness,Running Shoes,SPO-RUN905,1,5699,5699,No Coupon,0.00,0.12,5699.00,683.88,COD,Shipped,Marketplace,Priya Nair,DTDC,2,,4361.88,1337.12,0.2346,169.00,6551.88
IN251001168,07-Oct-2025,CUST42110,Priya Banerjee,55,Delhi,Delhi,North,Books & Stationery,Kids Story Book,BOO-KID315,5,573,2865,DIWALI20,573.00,0.05,2292.00,114.60,COD,Delivered,Mobile App,Manish Iyer,Xpressbees,6,3,1868.76,423.24,0.1847,176.00,2582.60
IN251002034,07-Oct-2025,CUST76683,Bhavna Reddy,23,Kochi,Kerala,South,Mobiles & Accessories,Smartphone,MOB-SMA392,1,49899,49899,No Coupon,0.00,0.18,49899.00,8981.82,UPI,Delivered,Mobile App,Swati Mishra,Delhivery,3,4,40338.77,9560.23,0.1916,103.00,58983.82
IN251002465,07-Oct-2025,CUST20000,Deepak Iyer,48,Mysuru,Karnataka,South,Grocery & Gourmet,Coffee Pack,GRO-COF992,2,752,1504,No Coupon,0.00,0.12,1504.00,180.48,UPI,Delivered,Mobile App,Manish Iyer,India Post,4,3,1045.28,458.72,0.3050,125.00,1809.48
IN251000009,08-Oct-2025,CUST16574,Ira Patel,52,Kolkata,West Bengal,East,Books & Stationery,Pen Set,BOO-PEN804,2,174,348,FREESHIP,0.00,0.05,348.00,17.40,UPI,Cancelled,Marketplace,Sneha Kulkarni,India Post,3,,251.77,96.23,0.2765,0.00,365.40
IN251000214,08-Oct-2025,CUST42986,Vikram Mishra,32,Visakhapatnam,Andhra Pradesh,South,Beauty & Personal Care,Skin Cream,BEA-SKI173,2,1099,2198,No Coupon,0.00,0.18,2198.00,395.64,Debit Card,Cancelled,Mobile App,Neha Patel,Xpressbees,3,,1587.64,610.36,0.2777,0.00,2593.64
IN251000885,08-Oct-2025,CUST39620,Aarav Kadam,20,Vijayawada,Andhra Pradesh,South,Sports & Fitness,Running Shoes,SPO-RUN828,1,5099,5099,DIWALI20,1019.80,0.18,4079.20,734.26,UPI,Delivered,Mobile App,Sneha Kulkarni,Shadowfax,3,1,3870.28,208.92,0.0512,174.00,4987.46
IN251001765,08-Oct-2025,CUST49090,Mansi Mehta,19,Ludhiana,Punjab,North,Home & Kitchen,Mixer Grinder,HOM-MIX472,1,2299,2299,No Coupon,0.00,0.12,2299.00,275.88,UPI,Delivered,Website,Nikhil Bansal,Blue Dart,5,4,1614.44,684.56,0.2978,132.00,2706.88
IN251001876,08-Oct-2025,CUST65516,Harsh Joshi,36,Pune,Maharashtra,West,Fashion,Saree,FAS-SAR904,1,6799,6799,FREESHIP,0.00,0.12,6799.00,815.88,UPI,Delivered,Mobile App,Isha Gupta,Xpressbees,2,5,4769.96,2029.04,0.2984,63.00,7677.88
IN251000530,09-Oct-2025,CUST98570,Priya Mehta,47,Mumbai,Maharashtra,West,Beauty & Personal Care,Skin Cream,BEA-SKI225,1,419,419,No Coupon,0.00,0.18,419.00,75.42,UPI,Delivered,Mobile App,Anjali Joshi,Xpressbees,2,4,314.39,104.61,0.2497,170.00,664.42
IN251000863,09-Oct-2025,CUST96073,Sagar Dhawale,57,Noida,Uttar Pradesh,North,Fashion,Men T-Shirt,FAS-MEN358,1,517,517,No Coupon,0.00,0.18,517.00,93.06,UPI,Shipped,Marketplace,Nikhil Bansal,Delhivery,2,,318.40,198.60,0.3841,73.00,683.06
IN251002367,09-Oct-2025,CUST94551,Kabir Agarwal,54,Mumbai,Maharashtra,West,Fashion,Women Kurti,FAS-WOM195,1,2599,2599,No Coupon,0.00,0.18,2599.00,467.82,UPI,Delivered,Social Commerce,Rohan Mehta,Shadowfax,2,5,1835.97,763.03,0.2936,132.00,3198.82
IN251002388,09-Oct-2025,CUST85825,Diya Qureshi,40,Bhubaneswar,Odisha,East,Home & Kitchen,Water Purifier,HOM-WAT378,1,20799,20799,No Coupon,0.00,0.18,20799.00,3743.82,UPI,Delivered,Marketplace,Karan Malhotra,Xpressbees,4,5,15921.89,4877.11,0.2345,150.00,24692.82
IN251001355,10-Oct-2025,CUST48061,Mansi Sharma,30,Coimbatore,Tamil Nadu,South,Sports & Fitness,Yoga Mat,SPO-YOG605,2,1899,3798,PAYDAY15,569.70,0.12,3228.30,387.40,UPI,Delivered,Mobile App,Sneha Kulkarni,India Post,8,5,2660.36,567.94,0.1759,156.00,3771.70
IN251001462,10-Oct-2025,CUST21407,Tanvi Bansal,29,Delhi,Delhi,North,Grocery & Gourmet,Basmati Rice 5kg,GRO-BAS678,1,985,985,FREESHIP,0.00,0.12,985.00,118.20,UPI,Delivered,Mobile App,Vikram Singh,Ecom Express,7,4,760.88,224.12,0.2275,100.00,1203.20
IN251001813,10-Oct-2025,CUST56557,Arjun Saxena,31,Chandigarh,Chandigarh,North,Home & Kitchen,Air Fryer,HOM-AIR838,1,14199,14199,No Coupon,0.00,0.18,14199.00,2555.82,UPI,Delivered,Website,Sneha Kulkarni,Xpressbees,5,4,8714.57,5484.43,0.3863,136.00,16890.82
IN251000050,11-Oct-2025,CUST61384,Prachi Shaikh,57,Chennai,Tamil Nadu,South,Mobiles & Accessories,Smart Watch,MOB-SMA982,2,4899,9798,DIWALI20,1959.60,0.12,7838.40,940.61,COD,Delivered,Website,Manish Iyer,India Post,1,5,7181.69,656.71,0.0838,171.00,8950.01
IN251000463,11-Oct-2025,CUST94085,Yash Qureshi,35,Kochi,Kerala,South,Fashion,Jeans,FAS-JEA195,1,3199,3199,No Coupon,0.00,0.12,3199.00,383.88,UPI,Delivered,Mobile App,Swati Mishra,Blue Dart,6,5,1891.52,1307.48,0.4087,118.00,3700.88
IN251000889,11-Oct-2025,CUST61371,Harsh Malhotra,20,Guwahati,Assam,North East,Fashion,Handbag,FAS-HAN756,2,2999,5998,No Coupon,0.00,0.18,5998.00,1079.64,UPI,Delivered,Website,Amit Sharma,Xpressbees,3,5,4583.48,1414.52,0.2358,73.00,7150.64
IN251000672,12-Oct-2025,CUST13366,Yash Kapoor,18,Thiruvananthapuram,Kerala,South,Mobiles & Accessories,Smartphone,MOB-SMA707,1,53599,53599,NEWYEAR10,5359.90,0.12,48239.10,5788.69,UPI,Delivered,Social Commerce,Neha Patel,Xpressbees,3,4,42954.75,5284.35,0.1095,91.00,54118.79
IN251000902,12-Oct-2025,CUST59300,Amit Joshi,35,Coimbatore,Tamil Nadu,South,Grocery & Gourmet,Tea Pack,GRO-TEA123,2,396,792,No Coupon,0.00,0.12,792.00,95.04,UPI,Delivered,Website,Isha Gupta,Blue Dart,8,4,570.92,221.08,0.2791,112.00,999.04
IN251001216,12-Oct-2025,CUST43759,Aarti Gaikwad,25,Delhi,Delhi,North,Electronics,Wireless Mouse,ELE-WIR294,1,1999,1999,No Coupon,0.00,0.18,1999.00,359.82,COD,Delivered,Mobile App,Priya Nair,DTDC,3,4,1448.80,550.20,0.2752,81.00,2439.82
IN251001352,12-Oct-2025,CUST19177,Komal Gaikwad,45,Kochi,Kerala,South,Beauty & Personal Care,Perfume,BEA-PER167,1,1099,1099,FREESHIP,0.00,0.18,1099.00,197.82,Credit Card,Delivered,Mobile App,Swati Mishra,Shadowfax,1,4,720.56,378.44,0.3443,72.00,1368.82
IN251001509,12-Oct-2025,CUST26111,Siddharth Shinde,19,Patna,Bihar,East,Grocery & Gourmet,Basmati Rice 5kg,GRO-BAS927,1,790,790,No Coupon,0.00,0.05,790.00,39.50,COD,Cancelled,Marketplace,Anjali Joshi,India Post,4,,581.15,208.85,0.2644,0.00,829.50
IN251001601,12-Oct-2025,CUST95284,Anaya Iyer,57,Kolkata,West Bengal,East,Electronics,Keyboard,ELE-KEY785,1,2499,2499,No Coupon,0.00,0.12,2499.00,299.88,UPI,Delivered,Website,Manish Iyer,DTDC,4,4,2057.35,441.65,0.1767,94.00,2892.88
IN251001674,12-Oct-2025,CUST11464,Arjun Patel,47,Vadodara,Gujarat,West,Sports & Fitness,Running Shoes,SPO-RUN229,3,1699,5097,MEGADEAL,917.46,0.12,4179.54,501.54,Credit Card,Delivered,Mobile App,Amit Sharma,Xpressbees,2,4,3041.31,1138.23,0.2723,82.00,4763.08
IN251001731,12-Oct-2025,CUST59595,Isha Patel,42,Kochi,Kerala,South,Beauty & Personal Care,Face Wash,BEA-FAC226,1,359,359,FREESHIP,0.00,0.12,359.00,43.08,Net Banking,Delivered,Website,Deepak Yadav,India Post,7,5,215.72,143.28,0.3991,132.00,534.08
IN251001871,12-Oct-2025,CUST36678,Pooja Banerjee,20,Guwahati,Assam,North East,Mobiles & Accessories,Phone Cover,MOB-PHO109,1,736,736,DIWALI20,147.20,0.18,588.80,105.98,Net Banking,Delivered,Mobile App,Sneha Kulkarni,Shadowfax,4,4,532.06,56.74,0.0964,67.00,761.78
IN251000200,13-Oct-2025,CUST66858,Rahul Mehta,57,Jaipur,Rajasthan,North,Fashion,Saree,FAS-SAR359,1,5899,5899,No Coupon,0.00,0.12,5899.00,707.88,Credit Card,Delivered,Marketplace,Kavya Deshmukh,Ecom Express,3,5,3522.81,2376.19,0.4028,152.00,6758.88
IN251000835,13-Oct-2025,CUST15952,Akshay Nair,23,Hyderabad,Telangana,South,Beauty & Personal Care,Trimmer,BEA-TRI277,1,2299,2299,WELCOME100,100.00,0.12,2199.00,263.88,Debit Card,Delivered,Mobile App,Isha Gupta,Xpressbees,2,4,1477.71,721.29,0.3280,111.00,2573.88
IN251001644,13-Oct-2025,CUST80270,Rutuja Gupta,58,Kochi,Kerala,South,Grocery & Gourmet,Basmati Rice 5kg,GRO-BAS215,1,767,767,No Coupon,0.00,0.05,767.00,38.35,UPI,Shipped,Marketplace,Isha Gupta,India Post,3,,590.36,176.64,0.2303,114.00,919.35
IN251001826,13-Oct-2025,CUST48065,Aarti Verma,24,Mysuru,Karnataka,South,Home & Kitchen,Cookware Set,HOM-COO395,2,2799,5598,MEGADEAL,1007.64,0.12,4590.36,550.84,Debit Card,Returned,Mobile App,Deepak Yadav,Blue Dart,4,5,3819.26,771.10,0.1680,146.00,5287.20
IN251002248,13-Oct-2025,CUST34778,Aditya Pawar,31,Bhopal,Madhya Pradesh,Central,Sports & Fitness,Running Shoes,SPO-RUN256,1,1199,1199,No Coupon,0.00,0.18,1199.00,215.82,Credit Card,Delivered,Marketplace,Pooja Reddy,India Post,3,1,815.67,383.33,0.3197,120.00,1534.82
IN251000124,14-Oct-2025,CUST42147,Ishaan Kulkarni,23,Indore,Madhya Pradesh,Central,Sports & Fitness,Dumbbell Set,SPO-DUM177,2,4399,8798,No Coupon,0.00,0.12,8798.00,1055.76,Wallet,Delivered,Mobile App,Sneha Kulkarni,Shadowfax,2,5,5942.11,2855.89,0.3246,83.00,9936.76
IN251001390,14-Oct-2025,CUST80538,Isha Ghosh,47,Thiruvananthapuram,Kerala,South,Electronics,Wireless Mouse,ELE-WIR977,3,974,2922,No Coupon,0.00,0.12,2922.00,350.64,Wallet,Delivered,Mobile App,Kavya Deshmukh,Ecom Express,2,5,2411.34,510.66,0.1748,75.00,3347.64
IN251001438,14-Oct-2025,CUST50976,Vivaan Pawar,30,Bhopal,Madhya Pradesh,Central,Fashion,Sneakers,FAS-SNE130,1,1799,1799,WELCOME100,100.00,0.12,1699.00,203.88,Credit Card,Delivered,Mobile App,Sagar Pawar,Blue Dart,2,4,1383.71,315.29,0.1856,66.00,1968.88
IN251001870,14-Oct-2025,CUST96163,Sai Agarwal,37,Thiruvananthapuram,Kerala,South,Mobiles & Accessories,Smartphone,MOB-SMA658,2,59699,119398,DIWALI20,23879.60,0.18,95518.40,17193.31,Net Banking,Cancelled,Social Commerce,Vikram Singh,DTDC,2,,96986.79,-1468.39,-0.0154,0.00,112711.71
IN251002189,14-Oct-2025,CUST25885,Kiara Kumar,18,Ludhiana,Punjab,North,Fashion,Jeans,FAS-JEA738,1,1099,1099,No Coupon,0.00,0.12,1099.00,131.88,UPI,Shipped,Social Commerce,Anjali Joshi,Delhivery,4,,833.76,265.24,0.2413,145.00,1375.88
IN251002259,14-Oct-2025,CUST83825,Sagar Das,27,Visakhapatnam,Andhra Pradesh,South,Books & Stationery,Kids Story Book,BOO-KID451,2,245,490,No Coupon,0.00,0.12,490.00,58.80,UPI,Delivered,Mobile App,Nikhil Bansal,DTDC,3,4,373.90,116.10,0.2369,113.00,661.80
IN251000157,15-Oct-2025,CUST50131,Anaya Shinde,41,Pune,Maharashtra,West,Grocery & Gourmet,Basmati Rice 5kg,GRO-BAS417,2,611,1222,No Coupon,0.00,0.18,1222.00,219.96,UPI,Returned,Mobile App,Swati Mishra,Ecom Express,5,4,794.44,427.56,0.3499,88.00,1529.96
IN251001834,15-Oct-2025,CUST95675,Sakshi Singh,43,Hyderabad,Telangana,South,Mobiles & Accessories,Power Bank,MOB-POW753,1,3499,3499,No Coupon,0.00,0.12,3499.00,419.88,Credit Card,Delivered,Marketplace,Kavya Deshmukh,DTDC,3,5,2594.81,904.19,0.2584,118.00,4036.88
IN251002236,15-Oct-2025,CUST63027,Komal Bansal,56,Ahmedabad,Gujarat,West,Grocery & Gourmet,Coffee Pack,GRO-COF397,1,745,745,FESTIVE10,74.50,0.18,670.50,120.69,UPI,Delivered,Social Commerce,Priya Nair,India Post,6,5,473.84,196.66,0.2933,167.00,958.19
IN251000388,16-Oct-2025,CUST44039,Priya Bansal,52,Ahmedabad,Gujarat,West,Home & Kitchen,Water Purifier,HOM-WAT976,3,13599,40797,APPONLY,3263.76,0.12,37533.24,4503.99,UPI,Delivered,Website,Deepak Yadav,DTDC,3,5,30558.89,6974.35,0.1858,166.00,42203.23
IN251001283,16-Oct-2025,CUST42241,Pranav Tiwari,28,Nagpur,Maharashtra,West,Grocery & Gourmet,Dry Fruits Pack,GRO-DRY898,2,1699,3398,No Coupon,0.00,0.18,3398.00,611.64,Credit Card,Delivered,Mobile App,Swati Mishra,Shadowfax,3,4,2479.06,918.94,0.2704,97.00,4106.64
IN251001315,16-Oct-2025,CUST69850,Isha Patel,31,Chandigarh,Chandigarh,North,Beauty & Personal Care,Perfume,BEA-PER932,2,720,1440,DIWALI20,288.00,0.12,1152.00,138.24,Debit Card,Returned,Mobile App,Neha Patel,India Post,4,5,924.72,227.28,0.1973,112.00,1402.24
IN251001850,16-Oct-2025,CUST77781,Riya Patel,42,Noida,Uttar Pradesh,North,Beauty & Personal Care,Hair Oil,BEA-HAI851,1,157,157,APPONLY,12.56,0.12,144.44,17.33,UPI,Delivered,Mobile App,Vikram Singh,Xpressbees,6,1,106.65,37.79,0.2616,146.00,307.77
IN251002364,16-Oct-2025,CUST50686,Reyansh Chauhan,44,Hyderabad,Telangana,South,Books & Stationery,Office Diary,BOO-OFF944,1,190,190,PAYDAY15,28.50,0.05,161.50,8.07,COD,Delivered,Website,Sneha Kulkarni,Delhivery,6,4,118.58,42.92,0.2658,146.00,315.57
IN251000278,17-Oct-2025,CUST25655,Nisha Agarwal,54,Mysuru,Karnataka,South,Home & Kitchen,Air Fryer,HOM-AIR919,1,8199,8199,WELCOME100,100.00,0.18,8099.00,1457.82,UPI,Delivered,Website,Amit Sharma,Shadowfax,4,5,5619.21,2479.79,0.3062,96.00,9652.82
IN251000904,17-Oct-2025,CUST60661,Yash Saxena,43,Lucknow,Uttar Pradesh,North,Fashion,Sneakers,FAS-SNE513,1,5799,5799,WELCOME100,100.00,0.12,5699.00,683.88,COD,Delivered,Mobile App,Sagar Pawar,Delhivery,2,4,4175.83,1523.17,0.2673,70.00,6452.88
IN251001525,17-Oct-2025,CUST86886,Rahul Qureshi,27,Thiruvananthapuram,Kerala,South,Mobiles & Accessories,Tempered Glass,MOB-TEM178,3,206,618,DIWALI20,123.60,0.18,494.40,88.99,Net Banking,Delivered,Social Commerce,Tanvi Jadhav,Blue Dart,3,4,471.54,22.86,0.0462,115.00,698.39
IN251000061,18-Oct-2025,CUST48277,Swati Malhotra,52,Coimbatore,Tamil Nadu,South,Fashion,Women Kurti,FAS-WOM481,3,2399,7197,No Coupon,0.00,0.12,7197.00,863.64,COD,Delivered,Mobile App,Karan Malhotra,Xpressbees,6,3,5362.74,1834.26,0.2549,102.00,8162.64
IN251000597,18-Oct-2025,CUST37349,Akshay Iyer,35,Ahmedabad,Gujarat,West,Sports & Fitness,Cricket Bat,SPO-CRI769,1,4099,4099,No Coupon,0.00,0.18,4099.00,737.82,Debit Card,Delivered,Mobile App,Karan Malhotra,Blue Dart,2,5,3059.95,1039.05,0.2535,88.00,4924.82
IN251000709,18-Oct-2025,CUST40829,Kavya Gaikwad,21,Vadodara,Gujarat,West,Books & Stationery,Kids Story Book,BOO-KID679,1,357,357,No Coupon,0.00,0.18,357.00,64.26,Net Banking,Delivered,Website,Kavya Deshmukh,Xpressbees,3,4,264.12,92.88,0.2602,100.00,521.26
IN251001477,18-Oct-2025,CUST18301,Pranav Gupta,28,Chandigarh,Chandigarh,North,Home & Kitchen,Pressure Cooker,HOM-PRE624,2,2599,5198,No Coupon,0.00,0.18,5198.00,935.64,COD,Delivered,Mobile App,Deepak Yadav,Delhivery,4,3,3108.30,2089.70,0.4020,152.00,6285.64
IN251001825,18-Oct-2025,CUST22980,Neha Mehta,38,Mumbai,Maharashtra,West,Books & Stationery,Notebook Pack,BOO-NOT598,1,317,317,No Coupon,0.00,0.18,317.00,57.06,UPI,Shipped,Mobile App,Rahul Verma,Ecom Express,2,,239.46,77.54,0.2446,108.00,482.06
IN251000057,19-Oct-2025,CUST76567,Yash Kulkarni,31,Bengaluru,Karnataka,South,Sports & Fitness,Running Shoes,SPO-RUN683,1,2799,2799,APPONLY,223.92,0.12,2575.08,309.01,UPI,Delivered,Mobile App,Vikram Singh,Shadowfax,3,5,1770.77,804.31,0.3123,80.00,2964.09
IN251000379,19-Oct-2025,CUST65557,Ishaan Agarwal,52,Bhubaneswar,Odisha,East,Mobiles & Accessories,Tempered Glass,MOB-TEM829,1,168,168,No Coupon,0.00,0.18,168.00,30.24,Credit Card,Shipped,Mobile App,Vikram Singh,India Post,5,,144.18,23.82,0.1418,153.00,351.24
IN251000477,19-Oct-2025,CUST94944,Rahul Dhawale,48,Thiruvananthapuram,Kerala,South,Sports & Fitness,Cricket Bat,SPO-CRI228,3,4399,13197,MEGADEAL,2375.46,0.12,10821.54,1298.58,UPI,Delivered,Website,Amit Sharma,India Post,4,3,8963.38,1858.16,0.1717,65.00,12185.12
IN251000538,19-Oct-2025,CUST65555,Rajesh Agarwal,36,Delhi,Delhi,North,Books & Stationery,Exam Prep Book,BOO-EXA194,1,591,591,APPONLY,47.28,0.18,543.72,97.87,Credit Card,Delivered,Social Commerce,Sneha Kulkarni,Shadowfax,2,3,456.74,86.98,0.1600,118.00,759.59
IN251000587,19-Oct-2025,CUST63943,Sai Pillai,37,Patna,Bihar,East,Beauty & Personal Care,Shampoo,BEA-SHA368,2,510,1020,MEGADEAL,183.60,0.12,836.40,100.37,UPI,Delivered,Mobile App,Manish Iyer,Delhivery,2,4,675.32,161.08,0.1926,107.00,1043.77
IN251000784,19-Oct-2025,CUST24862,Manish Chauhan,41,Bhubaneswar,Odisha,East,Fashion,Sneakers,FAS-SNE979,2,3199,6398,DIWALI20,1279.60,0.12,5118.40,614.21,Credit Card,Delivered,Website,Nikhil Bansal,Delhivery,3,5,4917.82,200.58,0.0392,140.00,5872.61
IN251000852,19-Oct-2025,CUST20085,Akshay Sharma,57,Nagpur,Maharashtra,West,Home & Kitchen,Mixer Grinder,HOM-MIX576,1,5399,5399,No Coupon,0.00,0.12,5399.00,647.88,COD,Delivered,Mobile App,Anjali Joshi,India Post,5,5,3870.62,1528.38,0.2831,95.00,6141.88
IN251002403,19-Oct-2025,CUST93213,Neha Malhotra,25,Ahmedabad,Gujarat,West,Beauty & Personal Care,Trimmer,BEA-TRI578,1,2999,2999,No Coupon,0.00,0.12,2999.00,359.88,UPI,Returned,Social Commerce,Rahul Verma,Blue Dart,6,5,1752.47,1246.53,0.4156,64.00,3422.88
IN251000895,20-Oct-2025,CUST52327,Arjun Sharma,20,Chennai,Tamil Nadu,South,Electronics,Tablet,ELE-TAB887,4,53699,214796,No Coupon,0.00,0.12,214796.00,25775.52,UPI,Returned,Mobile App,Priya Nair,DTDC,2,4,164971.89,49824.11,0.2320,149.00,240720.52
IN251001185,20-Oct-2025,CUST18388,Sakshi Pillai,40,Mumbai,Maharashtra,West,Sports & Fitness,Cricket Bat,SPO-CRI202,1,3499,3499,No Coupon,0.00,0.18,3499.00,629.82,UPI,Delivered,Website,Karan Malhotra,DTDC,6,1,2643.33,855.67,0.2445,68.00,4196.82
IN251000042,21-Oct-2025,CUST68870,Shaurya Chatterjee,44,Delhi,Delhi,North,Mobiles & Accessories,Bluetooth Earbuds,MOB-BLU386,2,4699,9398,NEWYEAR10,939.80,0.18,8458.20,1522.48,UPI,Delivered,Website,Deepak Yadav,Shadowfax,3,5,7772.64,685.56,0.0811,139.00,10119.68
IN251000765,21-Oct-2025,CUST60998,Kabir Kumar,37,Vijayawada,Andhra Pradesh,South,Electronics,Bluetooth Speaker,ELE-BLU163,4,11099,44396,No Coupon,0.00,0.12,44396.00,5327.52,Net Banking,Returned,Website,Nikhil Bansal,Blue Dart,2,4,37878.76,6517.24,0.1468,70.00,49793.52
IN251001629,21-Oct-2025,CUST12221,Vikram Banerjee,22,Patna,Bihar,East,Grocery & Gourmet,Coffee Pack,GRO-COF378,2,354,708,FREESHIP,0.00,0.12,708.00,84.96,Net Banking,Returned,Mobile App,Nikhil Bansal,Ecom Express,4,2,482.09,225.91,0.3191,119.00,911.96
IN251001706,21-Oct-2025,CUST37399,Rohan Joshi,37,Chennai,Tamil Nadu,South,Fashion,Men T-Shirt,FAS-MEN955,1,1599,1599,No Coupon,0.00,0.12,1599.00,191.88,UPI,Returned,Website,Karan Malhotra,DTDC,5,5,1243.19,355.81,0.2225,145.00,1935.88
IN251000703,22-Oct-2025,CUST72856,Aditya Singh,23,Lucknow,Uttar Pradesh,North,Home & Kitchen,Pressure Cooker,HOM-PRE633,4,2599,10396,No Coupon,0.00,0.18,10396.00,1871.28,UPI,Delivered,Mobile App,Sagar Pawar,Ecom Express,3,4,7537.74,2858.26,0.2749,141.00,12408.28
IN251000907,22-Oct-2025,CUST74136,Karan Das,27,Kolkata,West Bengal,East,Fashion,Handbag,FAS-HAN543,3,1499,4497,FREESHIP,0.00,0.12,4497.00,539.64,COD,Delivered,Social Commerce,Karan Malhotra,Blue Dart,3,2,2681.47,1815.53,0.4037,156.00,5192.64
IN251000993,22-Oct-2025,CUST43731,Kiara Joshi,20,Pune,Maharashtra,West,Fashion,Sneakers,FAS-SNE750,1,1699,1699,No Coupon,0.00,0.18,1699.00,305.82,Credit Card,Delivered,Marketplace,Priya Nair,DTDC,2,4,1127.44,571.56,0.3364,111.00,2115.82
IN251001543,22-Oct-2025,CUST56492,Siddharth Rathod,47,Kolkata,West Bengal,East,Mobiles & Accessories,Tempered Glass,MOB-TEM949,1,598,598,FESTIVE10,59.80,0.12,538.20,64.58,UPI,Delivered,Website,Neha Patel,Blue Dart,1,1,502.19,36.01,0.0669,90.00,692.78
IN251001721,22-Oct-2025,CUST58061,Nikhil Chauhan,41,Gurugram,Haryana,North,Home & Kitchen,Cookware Set,HOM-COO916,1,5599,5599,No Coupon,0.00,0.18,5599.00,1007.82,Net Banking,Delivered,Mobile App,Rohan Mehta,DTDC,1,4,4196.91,1402.09,0.2504,169.00,6775.82
IN251002047,22-Oct-2025,CUST19526,Pranav Dhawale,51,Nashik,Maharashtra,West,Mobiles & Accessories,Smart Watch,MOB-SMA423,2,3299,6598,WELCOME100,100.00,0.12,6498.00,779.76,Wallet,Delivered,Website,Anjali Joshi,DTDC,3,4,4838.05,1659.95,0.2555,156.00,7433.76
IN251002433,22-Oct-2025,CUST89267,Harsh Agarwal,29,Pune,Maharashtra,West,Mobiles & Accessories,Tempered Glass,MOB-TEM615,3,586,1758,APPONLY,140.64,0.12,1617.36,194.08,Net Banking,Delivered,Mobile App,Rahul Verma,India Post,3,4,1319.30,298.06,0.1843,71.00,1882.44
IN251000407,23-Oct-2025,CUST83060,Karan Kulkarni,43,Guwahati,Assam,North East,Grocery & Gourmet,Basmati Rice 5kg,GRO-BAS243,4,581,2324,No Coupon,0.00,0.18,2324.00,418.32,Debit Card,Delivered,Social Commerce,Amit Sharma,DTDC,4,5,1768.69,555.31,0.2389,109.00,2851.32
IN251000617,23-Oct-2025,CUST45281,Shruti Khan,53,Surat,Gujarat,West,Electronics,Tablet,ELE-TAB788,1,10599,10599,No Coupon,0.00,0.12,10599.00,1271.88,UPI,Delivered,Marketplace,Isha Gupta,Xpressbees,4,4,7891.15,2707.85,0.2555,86.00,11956.88
IN251001075,23-Oct-2025,CUST68507,Siddharth Ghosh,31,Noida,Uttar Pradesh,North,Fashion,Saree,FAS-SAR954,1,3699,3699,PAYDAY15,554.85,0.12,3144.15,377.30,COD,Delivered,Mobile App,Amit Sharma,Ecom Express,1,2,2506.58,637.57,0.2028,63.00,3584.45
IN251001889,23-Oct-2025,CUST19497,Aarti Rathod,27,Jaipur,Rajasthan,North,Electronics,Bluetooth Speaker,ELE-BLU675,1,12699,12699,FESTIVE10,1269.90,0.18,11429.10,2057.24,UPI,Delivered,Mobile App,Kavya Deshmukh,Shadowfax,2,4,10626.97,802.13,0.0702,168.00,13654.34
IN251000250,24-Oct-2025,CUST75515,Tanvi Agarwal,24,Indore,Madhya Pradesh,Central,Books & Stationery,Pen Set,BOO-PEN696,1,89,89,APPONLY,7.12,0.18,81.88,14.74,Debit Card,Delivered,Website,Deepak Yadav,DTDC,3,4,55.15,26.73,0.3265,166.00,262.62
IN251000682,24-Oct-2025,CUST13296,Kabir Ansari,18,Thiruvananthapuram,Kerala,South,Beauty & Personal Care,Trimmer,BEA-TRI650,2,2799,5598,APPONLY,447.84,0.18,5150.16,927.03,Credit Card,Delivered,Website,Anjali Joshi,Xpressbees,4,4,3523.91,1626.25,0.3158,148.00,6225.19
IN251000719,24-Oct-2025,CUST61194,Anaya Mehta,23,Bhubaneswar,Odisha,East,Fashion,Saree,FAS-SAR122,2,4699,9398,PAYDAY15,1409.70,0.12,7988.30,958.60,Debit Card,Delivered,Website,Deepak Yadav,India Post,5,5,5654.74,2333.56,0.2921,140.00,9086.90
IN251000864,24-Oct-2025,CUST97828,Ishaan More,55,Vijayawada,Andhra Pradesh,South,Fashion,Men T-Shirt,FAS-MEN604,4,1599,6396,No Coupon,0.00,0.18,6396.00,1151.28,UPI,Cancelled,Website,Kavya Deshmukh,DTDC,3,,4503.39,1892.61,0.2959,0.00,7547.28
IN251001149,24-Oct-2025,CUST52463,Reyansh Iyer,24,Patna,Bihar,East,Home & Kitchen,Pressure Cooker,HOM-PRE776,2,2299,4598,No Coupon,0.00,0.12,4598.00,551.76,UPI,Delivered,Website,Swati Mishra,Blue Dart,5,3,2937.24,1660.76,0.3612,110.00,5259.76
IN251001448,24-Oct-2025,CUST44476,Ira Das,28,Bhubaneswar,Odisha,East,Sports & Fitness,Cricket Bat,SPO-CRI500,1,5099,5099,FESTIVE10,509.90,0.12,4589.10,550.69,Net Banking,Delivered,Website,Amit Sharma,DTDC,5,4,3913.24,675.86,0.1473,60.00,5199.79
IN251001537,24-Oct-2025,CUST62959,Aarti Dhawale,22,Jaipur,Rajasthan,North,Books & Stationery,Notebook Pack,BOO-NOT552,1,166,166,No Coupon,0.00,0.05,166.00,8.30,UPI,Delivered,Mobile App,Amit Sharma,Delhivery,1,4,129.02,36.98,0.2228,94.00,268.30
IN251002490,24-Oct-2025,CUST19375,Sai Kadam,48,Delhi,Delhi,North,Grocery & Gourmet,Spices Combo,GRO-SPI667,1,348,348,No Coupon,0.00,0.18,348.00,62.64,COD,Delivered,Marketplace,Deepak Yadav,Delhivery,1,4,216.72,131.28,0.3772,91.00,501.64
IN251000677,25-Oct-2025,CUST97175,Nikhil Ghosh,40,Gurugram,Haryana,North,Sports & Fitness,Dumbbell Set,SPO-DUM209,1,4699,4699,FREESHIP,0.00,0.12,4699.00,563.88,UPI,Delivered,Mobile App,Anjali Joshi,India Post,5,3,2768.21,1930.79,0.4109,160.00,5422.88
IN251000690,25-Oct-2025,CUST45807,Kiara Rathod,23,Hyderabad,Telangana,South,Beauty & Personal Care,Face Wash,BEA-FAC973,1,534,534,DIWALI20,106.80,0.12,427.20,51.26,UPI,Delivered,Mobile App,Vikram Singh,Blue Dart,2,1,414.67,12.53,0.0293,123.00,601.46
IN251000715,25-Oct-2025,CUST19795,Myra Verma,27,Ahmedabad,Gujarat,West,Fashion,Handbag,FAS-HAN914,3,3099,9297,FESTIVE10,929.70,0.12,8367.30,1004.08,UPI,Shipped,Website,Rohan Mehta,DTDC,2,,6455.04,1912.26,0.2285,167.00,9538.38
IN251001605,25-Oct-2025,CUST54131,Karan Yadav,29,Noida,Uttar Pradesh,North,Books & Stationery,Kids Story Book,BOO-KID309,1,157,157,MEGADEAL,28.26,0.12,128.74,15.45,Wallet,Delivered,Website,Deepak Yadav,Ecom Express,8,4,113.80,14.94,0.1160,65.00,209.19
IN251000166,26-Oct-2025,CUST21220,Akshay Bhatia,34,Gurugram,Haryana,North,Fashion,Sneakers,FAS-SNE270,1,3299,3299,No Coupon,0.00,0.12,3299.00,395.88,Credit Card,Delivered,Website,Rohan Mehta,Delhivery,3,5,2199.62,1099.38,0.3332,140.00,3834.88
IN251000658,26-Oct-2025,CUST40036,Suresh Mishra,51,Ludhiana,Punjab,North,Fashion,Handbag,FAS-HAN301,3,999,2997,PAYDAY15,449.55,0.18,2547.45,458.54,UPI,Delivered,Website,Pooja Reddy,DTDC,3,4,2144.36,403.09,0.1582,60.00,3065.99
IN251001103,26-Oct-2025,CUST48182,Vikram Qureshi,24,Mumbai,Maharashtra,West,Electronics,Tablet,ELE-TAB381,1,11599,11599,MEGADEAL,2087.82,0.18,9511.18,1712.01,UPI,Shipped,Mobile App,Isha Gupta,Xpressbees,5,,9374.25,136.93,0.0144,141.00,11364.19
IN251001426,26-Oct-2025,CUST21094,Myra Ansari,37,Hyderabad,Telangana,South,Mobiles & Accessories,Bluetooth Earbuds,MOB-BLU406,4,2499,9996,No Coupon,0.00,0.18,9996.00,1799.28,Net Banking,Delivered,Website,Rohan Mehta,Shadowfax,1,1,7454.73,2541.27,0.2542,147.00,11942.28
IN251001874,26-Oct-2025,CUST54596,Janhavi Patel,45,Vadodara,Gujarat,West,Fashion,Women Kurti,FAS-WOM583,2,1699,3398,NEWYEAR10,339.80,0.18,3058.20,550.48,Credit Card,Delivered,Mobile App,Karan Malhotra,Shadowfax,4,3,2535.79,522.41,0.1708,134.00,3742.68
IN251002176,26-Oct-2025,CUST27395,Harsh Iyer,35,Mysuru,Karnataka,South,Mobiles & Accessories,Phone Cover,MOB-PHO295,2,844,1688,WELCOME100,100.00,0.12,1588.00,190.56,Debit Card,Shipped,Social Commerce,Rahul Verma,Xpressbees,6,,1355.26,232.74,0.1466,108.00,1886.56
IN251002278,26-Oct-2025,CUST57930,Nikhil Agarwal,44,Thiruvananthapuram,Kerala,South,Books & Stationery,Exam Prep Book,BOO-EXA272,2,613,1226,PAYDAY15,183.90,0.12,1042.10,125.05,COD,Cancelled,Marketplace,Deepak Yadav,Shadowfax,3,,857.01,185.09,0.1776,0.00,1167.15
IN251000014,27-Oct-2025,CUST76890,Manish Gaikwad,23,Mysuru,Karnataka,South,Home & Kitchen,Mixer Grinder,HOM-MIX800,5,6899,34495,DIWALI20,6899.00,0.18,27596.00,4967.28,COD,Returned,Social Commerce,Priya Nair,DTDC,3,5,22799.38,4796.62,0.1738,61.00,32624.28
IN251000126,27-Oct-2025,CUST27639,Arjun Ghosh,19,Kolkata,West Bengal,East,Mobiles & Accessories,Power Bank,MOB-POW556,1,1999,1999,NEWYEAR10,199.90,0.18,1799.10,323.84,UPI,Delivered,Website,Rohan Mehta,Shadowfax,4,4,1553.08,246.02,0.1367,72.00,2194.94
IN251000203,27-Oct-2025,CUST40391,Tanvi Saxena,26,Mysuru,Karnataka,South,Books & Stationery,Exam Prep Book,BOO-EXA123,2,245,490,FESTIVE10,49.00,0.18,441.00,79.38,UPI,Shipped,Mobile App,Karan Malhotra,Delhivery,3,,323.96,117.04,0.2654,136.00,656.38
IN251001265,27-Oct-2025,CUST18317,Rudra Ansari,49,Surat,Gujarat,West,Beauty & Personal Care,Face Wash,BEA-FAC434,1,294,294,No Coupon,0.00,0.18,294.00,52.92,UPI,Delivered,Website,Tanvi Jadhav,Delhivery,2,5,176.19,117.81,0.4007,107.00,453.92
IN251000718,28-Oct-2025,CUST60728,Payal Bhatia,18,Surat,Gujarat,West,Books & Stationery,Kids Story Book,BOO-KID595,1,258,258,MEGADEAL,46.44,0.18,211.56,38.08,Credit Card,Delivered,Mobile App,Swati Mishra,Shadowfax,4,4,199.21,12.35,0.0584,151.00,400.64
IN251001430,28-Oct-2025,CUST45951,Nisha Gaikwad,19,Thiruvananthapuram,Kerala,South,Grocery & Gourmet,Basmati Rice 5kg,GRO-BAS223,5,937,4685,No Coupon,0.00,0.12,4685.00,562.20,Credit Card,Delivered,Mobile App,Sagar Pawar,Xpressbees,2,5,3270.72,1414.28,0.3019,76.00,5323.20
IN251001984,28-Oct-2025,CUST90556,Pranav Joshi,25,Chennai,Tamil Nadu,South,Books & Stationery,Office Diary,BOO-OFF242,2,331,662,No Coupon,0.00,0.18,662.00,119.16,Net Banking,Shipped,Mobile App,Rohan Mehta,DTDC,3,,471.46,190.54,0.2878,147.00,928.16
IN251000083,29-Oct-2025,CUST64190,Prachi Dhawale,20,Mumbai,Maharashtra,West,Fashion,Women Kurti,FAS-WOM949,1,2699,2699,No Coupon,0.00,0.18,2699.00,485.82,Credit Card,Delivered,Website,Pooja Reddy,Delhivery,3,4,1835.69,863.31,0.3199,123.00,3307.82
IN251000329,29-Oct-2025,CUST41489,Swati Gaikwad,51,Patna,Bihar,East,Home & Kitchen,Water Purifier,HOM-WAT888,3,6899,20697,FREESHIP,0.00,0.18,20697.00,3725.46,Credit Card,Delivered,Website,Sneha Kulkarni,Delhivery,3,4,14694.02,6002.98,0.2900,164.00,24586.46
IN251000368,29-Oct-2025,CUST21303,Omkar Pillai,26,Ludhiana,Punjab,North,Fashion,Women Kurti,FAS-WOM258,2,2199,4398,No Coupon,0.00,0.18,4398.00,791.64,COD,Delivered,Mobile App,Rohan Mehta,Shadowfax,8,5,2564.58,1833.42,0.4169,111.00,5300.64
IN251000684,29-Oct-2025,CUST21588,Shaurya Chauhan,20,Surat,Gujarat,West,Electronics,Wireless Mouse,ELE-WIR708,3,1699,5097,No Coupon,0.00,0.12,5097.00,611.64,Debit Card,Delivered,Mobile App,Priya Nair,Shadowfax,3,4,3898.01,1198.99,0.2352,109.00,5817.64
IN251000959,29-Oct-2025,CUST84573,Karan Bhatia,32,Gurugram,Haryana,North,Grocery & Gourmet,Coffee Pack,GRO-COF414,1,998,998,PAYDAY15,149.70,0.12,848.30,101.80,UPI,Delivered,Mobile App,Manish Iyer,Shadowfax,5,3,639.85,208.45,0.2457,144.00,1094.10
IN251001422,29-Oct-2025,CUST16122,Sagar Khan,18,Thiruvananthapuram,Kerala,South,Home & Kitchen,Mixer Grinder,HOM-MIX623,1,1899,1899,DIWALI20,379.80,0.18,1519.20,273.46,UPI,Delivered,Mobile App,Tanvi Jadhav,Delhivery,4,5,1297.24,221.96,0.1461,179.00,1971.66
IN251001604,29-Oct-2025,CUST96486,Reyansh Khan,51,Noida,Uttar Pradesh,North,Fashion,Jeans,FAS-JEA652,1,3399,3399,No Coupon,0.00,0.18,3399.00,611.82,UPI,Delivered,Website,Isha Gupta,Ecom Express,3,5,2234.03,1164.97,0.3427,78.00,4088.82
IN251000098,30-Oct-2025,CUST94874,Prachi Kadam,52,Vijayawada,Andhra Pradesh,South,Electronics,Tablet,ELE-TAB283,2,54199,108398,PAYDAY15,16259.70,0.12,92138.30,11056.60,UPI,Delivered,Website,Tanvi Jadhav,Delhivery,5,4,85467.98,6670.32,0.0724,156.00,103350.90
IN251000352,30-Oct-2025,CUST32448,Sneha Yadav,56,Pune,Maharashtra,West,Grocery & Gourmet,Cold Pressed Oil,GRO-COL943,2,727,1454,No Coupon,0.00,0.18,1454.00,261.72,UPI,Delivered,Website,Rahul Verma,Blue Dart,3,5,863.37,590.63,0.4062,79.00,1794.72
IN251000862,30-Oct-2025,CUST68197,Aadhya Ansari,32,Mumbai,Maharashtra,West,Fashion,Women Kurti,FAS-WOM987,1,1699,1699,PAYDAY15,254.85,0.12,1444.15,173.30,UPI,Shipped,Mobile App,Anjali Joshi,India Post,2,,1297.86,146.29,0.1013,177.00,1794.45
IN251001009,30-Oct-2025,CUST77088,Vivaan Bhatia,26,Patna,Bihar,East,Sports & Fitness,Fitness Band,SPO-FIT189,2,7299,14598,FESTIVE10,1459.80,0.12,13138.20,1576.58,UPI,Delivered,Mobile App,Manish Iyer,Delhivery,3,4,10551.97,2586.23,0.1968,60.00,14774.78
IN251001210,30-Oct-2025,CUST38757,Sai Qureshi,25,Pune,Maharashtra,West,Fashion,Handbag,FAS-HAN923,1,4399,4399,APPONLY,351.92,0.18,4047.08,728.47,UPI,Delivered,Mobile App,Amit Sharma,DTDC,5,3,3060.95,986.13,0.2437,138.00,4913.55
IN251001228,30-Oct-2025,CUST58257,Krishna Ghosh,46,Bengaluru,Karnataka,South,Electronics,Keyboard,ELE-KEY429,1,2999,2999,APPONLY,239.92,0.18,2759.08,496.63,UPI,Cancelled,Mobile App,Rahul Verma,India Post,2,,2331.67,427.41,0.1549,0.00,3255.71
IN251000284,31-Oct-2025,CUST17739,Meera Tiwari,38,Gurugram,Haryana,North,Home & Kitchen,Cookware Set,HOM-COO371,1,4799,4799,No Coupon,0.00,0.12,4799.00,575.88,Wallet,Delivered,Mobile App,Manish Iyer,DTDC,4,5,3326.29,1472.71,0.3069,60.00,5434.88
IN251000301,31-Oct-2025,CUST82282,Prachi Joshi,48,Bhubaneswar,Odisha,East,Electronics,Tablet,ELE-TAB239,5,52899,264495,No Coupon,0.00,0.18,264495.00,47609.10,UPI,Delivered,Marketplace,Rohan Mehta,Delhivery,2,4,195143.70,69351.30,0.2622,114.00,312218.10
IN251001675,31-Oct-2025,CUST49720,Riya Kapoor,45,Nagpur,Maharashtra,West,Sports & Fitness,Dumbbell Set,SPO-DUM913,1,3899,3899,APPONLY,311.92,0.18,3587.08,645.67,Credit Card,Delivered,Marketplace,Pooja Reddy,Blue Dart,6,3,2651.40,935.68,0.2608,144.00,4376.75
IN251001736,31-Oct-2025,CUST25474,Priya Nair,48,Chennai,Tamil Nadu,South,Mobiles & Accessories,Tempered Glass,MOB-TEM285,4,305,1220,MEGADEAL,219.60,0.18,1000.40,180.07,Credit Card,Delivered,Mobile App,Nikhil Bansal,India Post,3,5,1016.47,-16.07,-0.0161,97.00,1277.47
IN251100208,01-Nov-2025,CUST30145,Shruti Jadhav,54,Jaipur,Rajasthan,North,Home & Kitchen,Mixer Grinder,HOM-MIX156,1,3599,3599,No Coupon,0.00,0.18,3599.00,647.82,Net Banking,Returned,Mobile App,Nikhil Bansal,Xpressbees,3,5,2497.48,1101.52,0.3061,76.00,4322.82
IN251101064,01-Nov-2025,CUST10459,Rajesh Shaikh,38,Bhubaneswar,Odisha,East,Fashion,Women Kurti,FAS-WOM618,2,896,1792,No Coupon,0.00,0.18,1792.00,322.56,UPI,Delivered,Website,Kavya Deshmukh,Xpressbees,3,4,1186.80,605.20,0.3377,136.00,2250.56
IN251101153,01-Nov-2025,CUST53791,Atharv Nair,44,Lucknow,Uttar Pradesh,North,Grocery & Gourmet,Tea Pack,GRO-TEA754,1,210,210,No Coupon,0.00,0.12,210.00,25.20,Net Banking,Delivered,Mobile App,Tanvi Jadhav,Shadowfax,2,3,129.44,80.56,0.3836,157.00,392.20
IN251101361,01-Nov-2025,CUST66440,Shaurya Agarwal,34,Gurugram,Haryana,North,Mobiles & Accessories,Tempered Glass,MOB-TEM563,2,258,516,No Coupon,0.00,0.12,516.00,61.92,Debit Card,Returned,Mobile App,Manish Iyer,Xpressbees,1,5,419.19,96.81,0.1876,168.00,745.92
IN251101622,01-Nov-2025,CUST63237,Amit Dhawale,46,Chennai,Tamil Nadu,South,Grocery & Gourmet,Basmati Rice 5kg,GRO-BAS427,1,915,915,NEWYEAR10,91.50,0.12,823.50,98.82,UPI,Delivered,Mobile App,Vikram Singh,Shadowfax,5,3,587.16,236.34,0.2870,131.00,1053.32
IN251102280,01-Nov-2025,CUST85982,Rohan Chauhan,50,Vijayawada,Andhra Pradesh,South,Electronics,Bluetooth Speaker,ELE-BLU801,1,11399,11399,FESTIVE10,1139.90,0.18,10259.10,1846.64,UPI,Delivered,Mobile App,Rahul Verma,Delhivery,3,3,8860.96,1398.14,0.1363,163.00,12268.74
IN251102327,01-Nov-2025,CUST48367,Shruti Agarwal,57,Visakhapatnam,Andhra Pradesh,South,Home & Kitchen,Air Fryer,HOM-AIR468,1,12499,12499,No Coupon,0.00,0.18,12499.00,2249.82,COD,Shipped,Mobile App,Rohan Mehta,DTDC,4,,8679.05,3819.95,0.3056,147.00,14895.82
IN251102417,01-Nov-2025,CUST28950,Saanvi Agarwal,28,Kochi,Kerala,South,Books & Stationery,Office Diary,BOO-OFF833,1,453,453,FESTIVE10,45.30,0.05,407.70,20.39,Debit Card,Delivered,Mobile App,Anjali Joshi,Xpressbees,5,3,289.21,118.49,0.2906,128.00,556.09
IN251100429,02-Nov-2025,CUST59574,Vihaan Banerjee,58,Ahmedabad,Gujarat,West,Fashion,Handbag,FAS-HAN871,2,1599,3198,No Coupon,0.00,0.12,3198.00,383.76,UPI,Delivered,Mobile App,Rohan Mehta,India Post,1,4,2172.40,1025.60,0.3207,177.00,3758.76
IN251101169,02-Nov-2025,CUST25888,Ira Mishra,29,Gurugram,Haryana,North,Mobiles & Accessories,Power Bank,MOB-POW310,1,1299,1299,No Coupon,0.00,0.18,1299.00,233.82,Credit Card,Delivered,Social Commerce,Kavya Deshmukh,DTDC,4,4,1079.82,219.18,0.1687,79.00,1611.82
IN251101306,02-Nov-2025,CUST47178,Payal Deshmukh,32,Ludhiana,Punjab,North,Mobiles & Accessories,Tempered Glass,MOB-TEM950,1,232,232,No Coupon,0.00,0.18,232.00,41.76,Wallet,Delivered,Mobile App,Neha Patel,Ecom Express,4,4,191.38,40.62,0.1751,104.00,377.76
IN251101981,02-Nov-2025,CUST62717,Rajesh Kulkarni,37,Indore,Madhya Pradesh,Central,Mobiles & Accessories,Tempered Glass,MOB-TEM209,1,486,486,No Coupon,0.00,0.12,486.00,58.32,UPI,Delivered,Website,Swati Mishra,Delhivery,4,3,363.07,122.93,0.2529,170.00,714.32
IN251102029,02-Nov-2025,CUST62430,Sakshi Joshi,22,Jaipur,Rajasthan,North,Mobiles & Accessories,Smartphone,MOB-SMA908,5,29499,147495,FREESHIP,0.00,0.18,147495.00,26549.10,Credit Card,Delivered,Social Commerce,Karan Malhotra,India Post,1,4,108349.47,39145.53,0.2654,146.00,174190.10
IN251102186,02-Nov-2025,CUST73408,Vihaan Gaikwad,42,Mysuru,Karnataka,South,Fashion,Men T-Shirt,FAS-MEN375,1,1699,1699,MEGADEAL,305.82,0.18,1393.18,250.77,UPI,Shipped,Website,Isha Gupta,Xpressbees,6,,1066.23,326.95,0.2347,156.00,1799.95
IN251101500,03-Nov-2025,CUST58370,Omkar Bansal,41,Chandigarh,Chandigarh,North,Mobiles & Accessories,Bluetooth Earbuds,MOB-BLU433,1,2599,2599,WELCOME100,100.00,0.18,2499.00,449.82,COD,Delivered,Mobile App,Amit Sharma,Xpressbees,3,5,2085.09,413.91,0.1656,82.00,3030.82
IN251101952,03-Nov-2025,CUST88223,Rohan Dhawale,25,Indore,Madhya Pradesh,Central,Grocery & Gourmet,Coffee Pack,GRO-COF885,4,859,3436,PAYDAY15,515.40,0.18,2920.60,525.71,Credit Card,Delivered,Mobile App,Nikhil Bansal,Ecom Express,3,4,2679.10,241.50,0.0827,65.00,3511.31
IN251102268,03-Nov-2025,CUST62947,Pranav Malhotra,49,Coimbatore,Tamil Nadu,South,Home & Kitchen,Mixer Grinder,HOM-MIX410,2,4099,8198,MEGADEAL,1475.64,0.12,6722.36,806.68,UPI,Delivered,Website,Sneha Kulkarni,Ecom Express,3,5,6040.34,682.02,0.1015,145.00,7674.04
IN251102286,03-Nov-2025,CUST89652,Rohan Joshi,26,Jaipur,Rajasthan,North,Electronics,Laptop,ELE-LAP733,3,115099,345297,FREESHIP,0.00,0.18,345297.00,62153.46,UPI,Delivered,Website,Deepak Yadav,DTDC,3,4,269415.66,75881.34,0.2198,97.00,407547.46
IN251100427,04-Nov-2025,CUST71386,Tanvi Pillai,35,Indore,Madhya Pradesh,Central,Home & Kitchen,Air Fryer,HOM-AIR797,2,13399,26798,FESTIVE10,2679.80,0.18,24118.20,4341.28,Net Banking,Delivered,Website,Priya Nair,Xpressbees,1,5,20461.19,3657.01,0.1516,167.00,28626.48
IN251101341,04-Nov-2025,CUST12433,Rutuja Nair,40,Chennai,Tamil Nadu,South,Grocery & Gourmet,Spices Combo,GRO-SPI297,1,234,234,FREESHIP,0.00,0.05,234.00,11.70,UPI,Delivered,Marketplace,Rohan Mehta,Ecom Express,5,3,157.25,76.75,0.3280,95.00,340.70
IN251101639,04-Nov-2025,CUST33945,Anaya Gaikwad,39,Ludhiana,Punjab,North,Books & Stationery,Exam Prep Book,BOO-EXA109,1,544,544,WELCOME100,100.00,0.18,444.00,79.92,UPI,Returned,Mobile App,Pooja Reddy,Delhivery,4,2,371.76,72.24,0.1627,63.00,586.92
IN251101763,04-Nov-2025,CUST70107,Sneha Ghosh,56,Guwahati,Assam,North East,Home & Kitchen,Cookware Set,HOM-COO484,3,2899,8697,No Coupon,0.00,0.18,8697.00,1565.46,Wallet,Delivered,Mobile App,Karan Malhotra,Blue Dart,1,5,5879.93,2817.07,0.3239,75.00,10337.46
IN251102418,04-Nov-2025,CUST67615,Deepak Shaikh,53,Surat,Gujarat,West,Grocery & Gourmet,Cold Pressed Oil,GRO-COL718,1,639,639,No Coupon,0.00,0.18,639.00,115.02,UPI,Cancelled,Website,Kavya Deshmukh,Ecom Express,4,,410.30,228.70,0.3579,0.00,754.02
IN251100276,05-Nov-2025,CUST21504,Omkar Nair,35,Surat,Gujarat,West,Grocery & Gourmet,Cold Pressed Oil,GRO-COL527,2,302,604,APPONLY,48.32,0.12,555.68,66.68,Credit Card,Delivered,Marketplace,Rahul Verma,Delhivery,3,3,362.65,193.03,0.3474,64.00,686.36
IN251101693,05-Nov-2025,CUST41539,Payal Mehta,56,Ranchi,Jharkhand,East,Electronics,Keyboard,ELE-KEY826,1,3299,3299,PAYDAY15,494.85,0.12,2804.15,336.50,Wallet,Delivered,Website,Swati Mishra,India Post,3,4,2608.92,195.23,0.0696,129.00,3269.65
IN251102314,05-Nov-2025,CUST22776,Siddharth Qureshi,45,Visakhapatnam,Andhra Pradesh,South,Fashion,Men T-Shirt,FAS-MEN509,1,1799,1799,FESTIVE10,179.90,0.18,1619.10,291.44,Net Banking,Returned,Mobile App,Neha Patel,Xpressbees,3,4,1366.31,252.79,0.1561,94.00,2004.54
IN251102320,05-Nov-2025,CUST48116,Rutuja Bansal,30,Ahmedabad,Gujarat,West,Mobiles & Accessories,Smart Watch,MOB-SMA301,1,19599,19599,No Coupon,0.00,0.12,19599.00,2351.88,COD,Delivered,Mobile App,Amit Sharma,Xpressbees,3,1,15296.96,4302.04,0.2195,69.00,22019.88
IN251102331,05-Nov-2025,CUST39599,Yash Kumar,54,Nashik,Maharashtra,West,Mobiles & Accessories,Smartphone,MOB-SMA222,1,73699,73699,No Coupon,0.00,0.18,73699.00,13265.82,Credit Card,Delivered,Mobile App,Priya Nair,Delhivery,3,4,62667.80,11031.20,0.1497,145.00,87109.82
IN251100748,06-Nov-2025,CUST43516,Harsh Jadhav,58,Kolkata,West Bengal,East,Books & Stationery,Exam Prep Book,BOO-EXA997,2,281,562,FREESHIP,0.00,0.05,562.00,28.10,UPI,Delivered,Mobile App,Tanvi Jadhav,India Post,3,5,427.29,134.71,0.2397,134.00,724.10
IN251100888,06-Nov-2025,CUST16734,Anika Banerjee,27,Chennai,Tamil Nadu,South,Sports & Fitness,Yoga Mat,SPO-YOG239,1,1099,1099,No Coupon,0.00,0.12,1099.00,131.88,UPI,Cancelled,Mobile App,Neha Patel,Xpressbees,3,,761.10,337.90,0.3075,0.00,1230.88
IN251101682,06-Nov-2025,CUST52647,Akshay Jadhav,19,Ahmedabad,Gujarat,West,Beauty & Personal Care,Shampoo,BEA-SHA747,2,647,1294,No Coupon,0.00,0.18,1294.00,232.92,UPI,Delivered,Mobile App,Rahul Verma,DTDC,2,4,934.44,359.56,0.2779,84.00,1610.92
IN251101935,06-Nov-2025,CUST36846,Kiara Ansari,24,Coimbatore,Tamil Nadu,South,Mobiles & Accessories,Smart Watch,MOB-SMA598,1,10399,10399,FESTIVE10,1039.90,0.18,9359.10,1684.64,COD,Shipped,Social Commerce,Kavya Deshmukh,Xpressbees,2,,8643.96,715.14,0.0764,92.00,11135.74
IN251102177,06-Nov-2025,CUST53820,Isha Das,54,Noida,Uttar Pradesh,North,Mobiles & Accessories,Bluetooth Earbuds,MOB-BLU802,1,3699,3699,No Coupon,0.00,0.12,3699.00,443.88,COD,Delivered,Website,Rahul Verma,Blue Dart,4,5,2952.07,746.93,0.2019,167.00,4309.88
IN251100135,07-Nov-2025,CUST65157,Rudra Saxena,24,Nagpur,Maharashtra,West,Home & Kitchen,Bedsheet Set,HOM-BED451,1,999,999,NEWYEAR10,99.90,0.12,899.10,107.89,COD,Delivered,Mobile App,Tanvi Jadhav,Delhivery,2,4,604.15,294.95,0.3281,121.00,1127.99
IN251100151,07-Nov-2025,CUST48545,Akshay Yadav,31,Delhi,Delhi,North,Sports & Fitness,Dumbbell Set,SPO-DUM998,1,3999,3999,No Coupon,0.00,0.12,3999.00,479.88,COD,Delivered,Website,Rohan Mehta,Shadowfax,3,5,2615.68,1383.32,0.3459,60.00,4538.88
IN251100243,07-Nov-2025,CUST48341,Kabir Kulkarni,50,Coimbatore,Tamil Nadu,South,Books & Stationery,Pen Set,BOO-PEN449,1,221,221,No Coupon,0.00,0.12,221.00,26.52,COD,Shipped,Website,Priya Nair,India Post,5,,161.09,59.91,0.2711,165.00,412.52
IN251100335,07-Nov-2025,CUST30072,Rahul Ghosh,23,Pune,Maharashtra,West,Home & Kitchen,Air Fryer,HOM-AIR185,1,9799,9799,FESTIVE10,979.90,0.18,8819.10,1587.44,UPI,Delivered,Website,Anjali Joshi,Blue Dart,4,4,6636.32,2182.78,0.2475,97.00,10503.54
IN251100512,07-Nov-2025,CUST16762,Diya Pawar,51,Guwahati,Assam,North East,Fashion,Sneakers,FAS-SNE220,3,3199,9597,WELCOME100,100.00,0.18,9497.00,1709.46,UPI,Shipped,Marketplace,Sagar Pawar,DTDC,3,,6929.54,2567.46,0.2703,97.00,11303.46
IN251101069,07-Nov-2025,CUST49250,Bhavna Banerjee,22,Pune,Maharashtra,West,Home & Kitchen,Air Fryer,HOM-AIR440,1,6299,6299,APPONLY,503.92,0.12,5795.08,695.41,Debit Card,Delivered,Mobile App,Vikram Singh,Blue Dart,1,4,4195.10,1599.98,0.2761,168.00,6658.49
IN251102013,07-Nov-2025,CUST70383,Krishna Ansari,49,Vijayawada,Andhra Pradesh,South,Books & Stationery,Pen Set,BOO-PEN500,1,138,138,FREESHIP,0.00,0.12,138.00,16.56,Net Banking,Delivered,Website,Anjali Joshi,Ecom Express,4,3,92.57,45.43,0.3292,129.00,283.56
IN251102484,07-Nov-2025,CUST79990,Atharv Rathod,52,Thiruvananthapuram,Kerala,South,Grocery & Gourmet,Tea Pack,GRO-TEA664,1,595,595,WELCOME100,100.00,0.18,495.00,89.10,Credit Card,Delivered,Mobile App,Isha Gupta,India Post,4,2,434.53,60.47,0.1222,121.00,705.10
IN251100053,08-Nov-2025,CUST60622,Sneha More,30,Gurugram,Haryana,North,Books & Stationery,Office Diary,BOO-OFF522,1,376,376,MEGADEAL,67.68,0.05,308.32,15.42,UPI,Delivered,Mobile App,Sneha Kulkarni,Ecom Express,4,2,226.11,82.21,0.2666,87.00,410.74
IN251100483,08-Nov-2025,CUST73946,Aadhya Reddy,48,Gurugram,Haryana,North,Mobiles & Accessories,Smartphone,MOB-SMA850,1,73399,73399,No Coupon,0.00,0.18,73399.00,13211.82,COD,Delivered,Social Commerce,Neha Patel,DTDC,4,1,58965.17,14433.83,0.1966,131.00,86741.82
IN251100664,08-Nov-2025,CUST49848,Priya Khan,31,Indore,Madhya Pradesh,Central,Grocery & Gourmet,Tea Pack,GRO-TEA228,1,697,697,WELCOME100,100.00,0.05,597.00,29.85,Wallet,Delivered,Mobile App,Rohan Mehta,Delhivery,3,3,489.67,107.33,0.1798,86.00,712.85
IN251100917,08-Nov-2025,CUST96571,Kavya Gaikwad,27,Indore,Madhya Pradesh,Central,Grocery & Gourmet,Dry Fruits Pack,GRO-DRY938,1,1499,1499,DIWALI20,299.80,0.18,1199.20,215.86,UPI,Delivered,Website,Vikram Singh,DTDC,1,5,1109.60,89.60,0.0747,99.00,1514.06
IN251100987,08-Nov-2025,CUST40014,Nisha Saxena,33,Surat,Gujarat,West,Sports & Fitness,Cricket Bat,SPO-CRI762,1,5499,5499,WELCOME100,100.00,0.12,5399.00,647.88,Credit Card,Delivered,Marketplace,Sneha Kulkarni,India Post,3,1,4216.83,1182.17,0.2190,131.00,6177.88
IN251100741,09-Nov-2025,CUST63096,Rajesh Chauhan,34,Patna,Bihar,East,Beauty & Personal Care,Hair Oil,BEA-HAI883,1,390,390,No Coupon,0.00,0.18,390.00,70.20,COD,Delivered,Mobile App,Pooja Reddy,Shadowfax,4,4,245.85,144.15,0.3696,94.00,554.20
IN251100962,09-Nov-2025,CUST55440,Krishna Yadav,47,Chandigarh,Chandigarh,North,Mobiles & Accessories,Smartphone,MOB-SMA861,2,63099,126198,No Coupon,0.00,0.18,126198.00,22715.64,Wallet,Delivered,Mobile App,Vikram Singh,Shadowfax,3,5,103878.53,22319.47,0.1769,77.00,148990.64
IN251101048,09-Nov-2025,CUST11924,Shruti Chatterjee,39,Thiruvananthapuram,Kerala,South,Beauty & Personal Care,Face Wash,BEA-FAC678,2,639,1278,FESTIVE10,127.80,0.12,1150.20,138.02,COD,Cancelled,Website,Manish Iyer,DTDC,4,,949.50,200.70,0.1745,0.00,1288.22
IN251101061,09-Nov-2025,CUST85782,Ira Qureshi,47,Bengaluru,Karnataka,South,Books & Stationery,Office Diary,BOO-OFF993,1,189,189,APPONLY,15.12,0.05,173.88,8.69,UPI,Delivered,Social Commerce,Manish Iyer,Shadowfax,4,5,119.18,54.70,0.3146,156.00,338.57
IN251101558,09-Nov-2025,CUST23732,Rajesh Gaikwad,43,Pune,Maharashtra,West,Grocery & Gourmet,Spices Combo,GRO-SPI725,1,646,646,No Coupon,0.00,0.18,646.00,116.28,UPI,Delivered,Mobile App,Neha Patel,Ecom Express,4,5,385.66,260.34,0.4030,144.00,906.28
IN251100012,10-Nov-2025,CUST85298,Aditya Reddy,19,Vadodara,Gujarat,West,Fashion,Handbag,FAS-HAN719,1,1199,1199,WELCOME100,100.00,0.12,1099.00,131.88,UPI,Delivered,Mobile App,Sneha Kulkarni,Shadowfax,2,5,699.82,399.18,0.3632,168.00,1398.88
IN251100283,10-Nov-2025,CUST67759,Meera Gaikwad,39,Jaipur,Rajasthan,North,Mobiles & Accessories,Power Bank,MOB-POW639,1,2799,2799,No Coupon,0.00,0.12,2799.00,335.88,Credit Card,Shipped,Social Commerce,Amit Sharma,Delhivery,3,,2085.14,713.86,0.2550,120.00,3254.88
IN251101929,10-Nov-2025,CUST54189,Atharv Chatterjee,37,Surat,Gujarat,West,Home & Kitchen,Water Purifier,HOM-WAT211,1,9899,9899,No Coupon,0.00,0.12,9899.00,1187.88,COD,Delivered,Mobile App,Kavya Deshmukh,Xpressbees,1,5,6036.02,3862.98,0.3902,115.00,11201.88
IN251102446,10-Nov-2025,CUST42212,Suresh Rathod,33,Vijayawada,Andhra Pradesh,South,Home & Kitchen,Cookware Set,HOM-COO728,1,7199,7199,FREESHIP,0.00,0.18,7199.00,1295.82,UPI,Returned,Website,Sneha Kulkarni,Xpressbees,2,3,4371.46,2827.54,0.3928,62.00,8556.82
IN251100062,11-Nov-2025,CUST18097,Anika Agarwal,56,Coimbatore,Tamil Nadu,South,Home & Kitchen,Air Fryer,HOM-AIR396,1,14899,14899,FREESHIP,0.00,0.18,14899.00,2681.82,Credit Card,Delivered,Mobile App,Nikhil Bansal,Xpressbees,7,4,9821.86,5077.14,0.3408,100.00,17680.82
IN251100204,11-Nov-2025,CUST79714,Rohan Ansari,37,Vijayawada,Andhra Pradesh,South,Fashion,Jeans,FAS-JEA657,2,1999,3998,MEGADEAL,719.64,0.18,3278.36,590.10,COD,Delivered,Mobile App,Kavya Deshmukh,Shadowfax,7,5,2505.60,772.76,0.2357,93.00,3961.46
IN251100578,11-Nov-2025,CUST87583,Vihaan Gupta,37,Bhubaneswar,Odisha,East,Electronics,Keyboard,ELE-KEY155,1,725,725,PAYDAY15,108.75,0.18,616.25,110.92,COD,Shipped,Mobile App,Neha Patel,Delhivery,1,,535.65,80.60,0.1308,112.00,839.17
IN251100880,11-Nov-2025,CUST17095,Bhavna Pillai,47,Vijayawada,Andhra Pradesh,South,Books & Stationery,Exam Prep Book,BOO-EXA779,3,436,1308,No Coupon,0.00,0.05,1308.00,65.40,COD,Delivered,Mobile App,Rohan Mehta,India Post,1,3,963.90,344.10,0.2631,137.00,1510.40
IN251101099,11-Nov-2025,CUST28399,Sneha More,43,Jaipur,Rajasthan,North,Books & Stationery,Pen Set,BOO-PEN840,2,205,410,No Coupon,0.00,0.18,410.00,73.80,Credit Card,Delivered,Mobile App,Anjali Joshi,Ecom Express,2,4,295.40,114.60,0.2795,115.00,598.80
IN251101142,11-Nov-2025,CUST36969,Ishaan Iyer,56,Pune,Maharashtra,West,Fashion,Women Kurti,FAS-WOM911,4,1399,5596,No Coupon,0.00,0.18,5596.00,1007.28,Credit Card,Returned,Website,Priya Nair,DTDC,4,4,3473.79,2122.21,0.3792,83.00,6686.28
IN251102149,11-Nov-2025,CUST52019,Vihaan Deshmukh,49,Kochi,Kerala,South,Electronics,Laptop,ELE-LAP810,4,101399,405596,APPONLY,32447.68,0.18,373148.32,67166.70,UPI,Delivered,Mobile App,Deepak Yadav,Xpressbees,5,3,333496.47,39651.85,0.1063,78.00,440393.02
IN251102204,11-Nov-2025,CUST12014,Anika Qureshi,48,Nagpur,Maharashtra,West,Home & Kitchen,Cookware Set,HOM-COO561,1,1999,1999,No Coupon,0.00,0.18,1999.00,359.82,UPI,Returned,Mobile App,Neha Patel,Delhivery,1,5,1390.40,608.60,0.3045,126.00,2484.82
IN251100350,12-Nov-2025,CUST70382,Kabir Iyer,42,Jaipur,Rajasthan,North,Electronics,Laptop,ELE-LAP709,2,38999,77998,FREESHIP,0.00,0.12,77998.00,9359.76,Debit Card,Delivered,Social Commerce,Isha Gupta,India Post,4,5,64874.66,13123.34,0.1683,78.00,87435.76
IN251100468,12-Nov-2025,CUST40451,Diya Kumar,19,Visakhapatnam,Andhra Pradesh,South,Grocery & Gourmet,Cold Pressed Oil,GRO-COL305,1,726,726,No Coupon,0.00,0.18,726.00,130.68,Credit Card,Delivered,Mobile App,Swati Mishra,Delhivery,4,5,428.84,297.16,0.4093,64.00,920.68
IN251100736,12-Nov-2025,CUST86748,Ishaan Singh,57,Delhi,Delhi,North,Grocery & Gourmet,Tea Pack,GRO-TEA700,3,276,828,APPONLY,66.24,0.05,761.76,38.09,Credit Card,Delivered,Mobile App,Neha Patel,Ecom Express,1,5,608.50,153.26,0.2012,115.00,914.85
IN251100843,12-Nov-2025,CUST45704,Riya Yadav,54,Mumbai,Maharashtra,West,Mobiles & Accessories,Smart Watch,MOB-SMA759,1,12599,12599,PAYDAY15,1889.85,0.12,10709.15,1285.10,Credit Card,Delivered,Website,Tanvi Jadhav,Ecom Express,8,3,10564.03,145.12,0.0136,178.00,12172.25
IN251100928,12-Nov-2025,CUST16981,Rahul Reddy,49,Guwahati,Assam,North East,Electronics,Keyboard,ELE-KEY620,1,2099,2099,MEGADEAL,377.82,0.12,1721.18,206.54,Debit Card,Delivered,Mobile App,Swati Mishra,Delhivery,3,5,1713.24,7.94,0.0046,73.00,2000.72
IN251100951,12-Nov-2025,CUST66830,Harsh Verma,31,Gurugram,Haryana,North,Mobiles & Accessories,Tempered Glass,MOB-TEM237,1,244,244,No Coupon,0.00,0.18,244.00,43.92,Wallet,Delivered,Mobile App,Sagar Pawar,Blue Dart,2,5,194.24,49.76,0.2039,155.00,442.92
IN251101273,12-Nov-2025,CUST73076,Aditya Agarwal,46,Surat,Gujarat,West,Electronics,LED TV,ELE-LED120,1,45599,45599,NEWYEAR10,4559.90,0.12,41039.10,4924.69,Net Banking,Delivered,Website,Sneha Kulkarni,Blue Dart,6,5,37977.99,3061.11,0.0746,163.00,46126.79
IN251101782,12-Nov-2025,CUST88567,Yash Jadhav,48,Lucknow,Uttar Pradesh,North,Mobiles & Accessories,Smart Watch,MOB-SMA284,1,16699,16699,No Coupon,0.00,0.18,16699.00,3005.82,COD,Delivered,Website,Swati Mishra,Ecom Express,3,5,12274.07,4424.93,0.2650,65.00,19769.82
IN251101807,12-Nov-2025,CUST69190,Meera Mishra,30,Chennai,Tamil Nadu,South,Fashion,Women Kurti,FAS-WOM792,1,2199,2199,No Coupon,0.00,0.12,2199.00,263.88,Debit Card,Shipped,Mobile App,Swati Mishra,Shadowfax,3,,1599.66,599.34,0.2726,73.00,2535.88
IN251102360,12-Nov-2025,CUST28256,Akshay Bhatia,40,Bengaluru,Karnataka,South,Sports & Fitness,Dumbbell Set,SPO-DUM591,1,4599,4599,No Coupon,0.00,0.18,4599.00,827.82,UPI,Delivered,Website,Nikhil Bansal,Blue Dart,4,3,3541.35,1057.65,0.2300,97.00,5523.82
IN251100159,13-Nov-2025,CUST72604,Atharv Patel,54,Ludhiana,Punjab,North,Fashion,Jeans,FAS-JEA893,1,992,992,WELCOME100,100.00,0.12,892.00,107.04,UPI,Shipped,Marketplace,Manish Iyer,Blue Dart,3,,608.25,283.75,0.3181,98.00,1097.04
IN251100713,13-Nov-2025,CUST53115,Ayaan Reddy,51,Noida,Uttar Pradesh,North,Grocery & Gourmet,Spices Combo,GRO-SPI263,2,506,1012,No Coupon,0.00,0.12,1012.00,121.44,COD,Delivered,Social Commerce,Kavya Deshmukh,DTDC,4,5,695.95,316.05,0.3123,175.00,1308.44
IN251101510,13-Nov-2025,CUST61432,Sagar Gupta,53,Ahmedabad,Gujarat,West,Mobiles & Accessories,Smartphone,MOB-SMA469,2,23899,47798,No Coupon,0.00,0.18,47798.00,8603.64,UPI,Cancelled,Mobile App,Amit Sharma,Delhivery,2,,36149.33,11648.67,0.2437,0.00,56401.64
IN251102118,13-Nov-2025,CUST41735,Karan Singh,41,Bhopal,Madhya Pradesh,Central,Books & Stationery,Kids Story Book,BOO-KID711,1,133,133,PAYDAY15,19.95,0.05,113.05,5.65,Net Banking,Delivered,Mobile App,Vikram Singh,Xpressbees,3,5,83.49,29.56,0.2615,65.00,183.70
IN251102298,13-Nov-2025,CUST29941,Sai Sharma,24,Vadodara,Gujarat,West,Home & Kitchen,Air Fryer,HOM-AIR402,3,11899,35697,No Coupon,0.00,0.12,35697.00,4283.64,COD,Delivered,Website,Kavya Deshmukh,Ecom Express,3,3,24461.70,11235.30,0.3147,120.00,40100.64
IN251100932,14-Nov-2025,CUST95510,Amit Rathod,53,Indore,Madhya Pradesh,Central,Mobiles & Accessories,Smart Watch,MOB-SMA481,2,7499,14998,No Coupon,0.00,0.12,14998.00,1799.76,UPI,Shipped,Website,Pooja Reddy,Shadowfax,2,,11875.77,3122.23,0.2082,135.00,16932.76
IN251101353,14-Nov-2025,CUST43852,Sai Chauhan,44,Ahmedabad,Gujarat,West,Books & Stationery,Pen Set,BOO-PEN428,2,363,726,No Coupon,0.00,0.18,726.00,130.68,UPI,Delivered,Mobile App,Neha Patel,Delhivery,4,5,434.17,291.83,0.4020,154.00,1010.68
IN251101580,14-Nov-2025,CUST15801,Kavya Singh,46,Mumbai,Maharashtra,West,Mobiles & Accessories,Power Bank,MOB-POW225,1,1399,1399,FREESHIP,0.00,0.18,1399.00,251.82,UPI,Delivered,Website,Rohan Mehta,India Post,4,4,1060.85,338.15,0.2417,106.00,1756.82
IN251101748,14-Nov-2025,CUST20208,Neha Qureshi,40,Bengaluru,Karnataka,South,Sports & Fitness,Fitness Band,SPO-FIT806,2,8099,16198,No Coupon,0.00,0.12,16198.00,1943.76,Debit Card,Delivered,Mobile App,Deepak Yadav,Shadowfax,2,5,10155.49,6042.51,0.3730,61.00,18202.76
IN251102137,14-Nov-2025,CUST35113,Kabir Mishra,56,Bhubaneswar,Odisha,East,Fashion,Men T-Shirt,FAS-MEN345,1,975,975,WELCOME100,100.00,0.12,875.00,105.00,UPI,Returned,Website,Amit Sharma,India Post,7,4,670.61,204.39,0.2336,70.00,1050.00
IN251100017,15-Nov-2025,CUST44625,Krishna Nair,36,Kochi,Kerala,South,Beauty & Personal Care,Skin Cream,BEA-SKI944,2,802,1604,FESTIVE10,160.40,0.12,1443.60,173.23,Wallet,Delivered,Mobile App,Sagar Pawar,India Post,4,5,1027.33,416.27,0.2884,151.00,1767.83
IN251100691,15-Nov-2025,CUST90649,Vihaan Shinde,43,Delhi,Delhi,North,Grocery & Gourmet,Spices Combo,GRO-SPI347,2,209,418,No Coupon,0.00,0.05,418.00,20.90,COD,Delivered,Website,Tanvi Jadhav,DTDC,5,3,298.82,119.18,0.2851,82.00,520.90
IN251100727,15-Nov-2025,CUST69142,Aditya Verma,39,Kolkata,West Bengal,East,Fashion,Sneakers,FAS-SNE871,1,4099,4099,PAYDAY15,614.85,0.18,3484.15,627.15,Debit Card,Delivered,Marketplace,Neha Patel,Blue Dart,5,3,2777.95,706.20,0.2027,141.00,4252.30
IN251101559,15-Nov-2025,CUST81243,Neha Kadam,31,Chennai,Tamil Nadu,South,Home & Kitchen,Water Purifier,HOM-WAT952,1,11799,11799,PAYDAY15,1769.85,0.18,10029.15,1805.25,Debit Card,Delivered,Website,Isha Gupta,India Post,4,5,6905.80,3123.35,0.3114,94.00,11928.40
IN251102042,15-Nov-2025,CUST54743,Mansi Tiwari,36,Bhopal,Madhya Pradesh,Central,Beauty & Personal Care,Perfume,BEA-PER516,2,1499,2998,No Coupon,0.00,0.18,2998.00,539.64,UPI,Delivered,Website,Swati Mishra,Shadowfax,1,4,1826.75,1171.25,0.3907,139.00,3676.64
IN251100164,16-Nov-2025,CUST95875,Diya Malhotra,29,Pune,Maharashtra,West,Electronics,Bluetooth Speaker,ELE-BLU352,1,11199,11199,No Coupon,0.00,0.12,11199.00,1343.88,Net Banking,Delivered,Mobile App,Nikhil Bansal,DTDC,5,3,9152.37,2046.63,0.1828,106.00,12648.88
IN251100327,16-Nov-2025,CUST89402,Pooja Deshmukh,20,Chandigarh,Chandigarh,North,Grocery & Gourmet,Coffee Pack,GRO-COF476,1,652,652,No Coupon,0.00,0.18,652.00,117.36,Credit Card,Delivered,Marketplace,Tanvi Jadhav,Shadowfax,3,4,504.81,147.19,0.2258,137.00,906.36
IN251101554,16-Nov-2025,CUST45877,Amit Ansari,52,Pune,Maharashtra,West,Fashion,Saree,FAS-SAR617,1,5899,5899,No Coupon,0.00,0.12,5899.00,707.88,Net Banking,Cancelled,Marketplace,Tanvi Jadhav,Delhivery,2,,4253.26,1645.74,0.2790,0.00,6606.88
IN251101940,16-Nov-2025,CUST56276,Siddharth Pawar,31,Pune,Maharashtra,West,Electronics,Bluetooth Speaker,ELE-BLU614,2,12999,25998,FREESHIP,0.00,0.12,25998.00,3119.76,Wallet,Delivered,Marketplace,Manish Iyer,Ecom Express,7,1,22257.63,3740.37,0.1439,158.00,29275.76
IN251102146,16-Nov-2025,CUST78678,Sakshi Bansal,49,Patna,Bihar,East,Mobiles & Accessories,Phone Cover,MOB-PHO268,1,650,650,FREESHIP,0.00,0.12,650.00,78.00,Credit Card,Delivered,Website,Nikhil Bansal,Blue Dart,3,4,476.77,173.23,0.2665,67.00,795.00
IN251100238,17-Nov-2025,CUST57223,Karan Mehta,52,Gurugram,Haryana,North,Beauty & Personal Care,Perfume,BEA-PER764,2,1399,2798,No Coupon,0.00,0.12,2798.00,335.76,Net Banking,Cancelled,Website,Swati Mishra,Blue Dart,6,,1825.96,972.04,0.3474,0.00,3133.76
IN251100734,17-Nov-2025,CUST40332,Rohan Kumar,21,Ludhiana,Punjab,North,Books & Stationery,Notebook Pack,BOO-NOT320,1,196,196,No Coupon,0.00,0.05,196.00,9.80,Credit Card,Delivered,Marketplace,Amit Sharma,Blue Dart,2,5,138.02,57.98,0.2958,74.00,279.80
IN251100851,17-Nov-2025,CUST51274,Ira Malhotra,48,Bhubaneswar,Odisha,East,Books & Stationery,Notebook Pack,BOO-NOT830,1,325,325,FREESHIP,0.00,0.12,325.00,39.00,COD,Delivered,Website,Rahul Verma,Shadowfax,4,5,199.86,125.14,0.3850,176.00,540.00
IN251101052,17-Nov-2025,CUST17461,Payal Pillai,39,Chandigarh,Chandigarh,North,Electronics,Keyboard,ELE-KEY955,3,1299,3897,FESTIVE10,389.70,0.18,3507.30,631.31,COD,Cancelled,Mobile App,Nikhil Bansal,Xpressbees,4,,3342.66,164.64,0.0469,0.00,4138.61
IN251100324,18-Nov-2025,CUST82759,Rutuja Singh,38,Ranchi,Jharkhand,East,Sports & Fitness,Fitness Band,SPO-FIT815,2,3699,7398,DIWALI20,1479.60,0.18,5918.40,1065.31,Wallet,Shipped,Marketplace,Neha Patel,India Post,3,,4588.71,1329.69,0.2247,103.00,7086.71
IN251100389,18-Nov-2025,CUST64908,Sakshi Nair,21,Delhi,Delhi,North,Grocery & Gourmet,Spices Combo,GRO-SPI359,1,482,482,No Coupon,0.00,0.18,482.00,86.76,UPI,Cancelled,Social Commerce,Amit Sharma,DTDC,2,,353.33,128.67,0.2670,0.00,568.76
IN251100525,18-Nov-2025,CUST39265,Janhavi Chatterjee,49,Chennai,Tamil Nadu,South,Fashion,Women Kurti,FAS-WOM307,1,1499,1499,WELCOME100,100.00,0.18,1399.00,251.82,Wallet,Delivered,Website,Kavya Deshmukh,Shadowfax,7,5,952.78,446.22,0.3190,77.00,1727.82
IN251101134,18-Nov-2025,CUST36048,Sakshi Rathod,26,Lucknow,Uttar Pradesh,North,Beauty & Personal Care,Trimmer,BEA-TRI897,1,2699,2699,APPONLY,215.92,0.18,2483.08,446.95,UPI,Delivered,Marketplace,Isha Gupta,Delhivery,3,5,1631.63,851.45,0.3429,97.00,3027.03
IN251101830,18-Nov-2025,CUST26777,Yash Gaikwad,41,Chennai,Tamil Nadu,South,Home & Kitchen,Water Purifier,HOM-WAT237,2,7999,15998,No Coupon,0.00,0.12,15998.00,1919.76,UPI,Delivered,Website,Deepak Yadav,Ecom Express,7,5,10113.03,5884.97,0.3679,96.00,18013.76
IN251102008,18-Nov-2025,CUST55461,Mansi Gaikwad,23,Chennai,Tamil Nadu,South,Fashion,Sneakers,FAS-SNE597,1,4399,4399,FESTIVE10,439.90,0.12,3959.10,475.09,UPI,Delivered,Mobile App,Vikram Singh,Blue Dart,3,5,3301.06,658.04,0.1662,139.00,4573.19
IN251102326,18-Nov-2025,CUST42813,Manish Bansal,18,Visakhapatnam,Andhra Pradesh,South,Fashion,Jeans,FAS-JEA311,1,1299,1299,No Coupon,0.00,0.12,1299.00,155.88,COD,Delivered,Website,Rohan Mehta,Shadowfax,4,4,822.07,476.93,0.3672,161.00,1615.88
IN251101272,19-Nov-2025,CUST12141,Sai Chauhan,38,Bhubaneswar,Odisha,East,Fashion,Handbag,FAS-HAN270,1,1599,1599,No Coupon,0.00,0.18,1599.00,287.82,UPI,Returned,Marketplace,Sagar Pawar,Delhivery,1,5,1118.16,480.84,0.3007,84.00,1970.82
IN251101440,19-Nov-2025,CUST41541,Deepak Singh,41,Vijayawada,Andhra Pradesh,South,Electronics,Tablet,ELE-TAB913,2,10799,21598,FESTIVE10,2159.80,0.18,19438.20,3498.88,Wallet,Returned,Marketplace,Swati Mishra,DTDC,4,4,18009.70,1428.50,0.0735,115.00,23052.08
IN251101567,19-Nov-2025,CUST81889,Arjun Dhawale,40,Ahmedabad,Gujarat,West,Electronics,Bluetooth Speaker,ELE-BLU967,1,6499,6499,PAYDAY15,974.85,0.12,5524.15,662.90,UPI,Shipped,Website,Manish Iyer,Ecom Express,3,,5104.22,419.93,0.0760,104.00,6291.05
IN251101650,19-Nov-2025,CUST98944,Vihaan Mehta,28,Noida,Uttar Pradesh,North,Mobiles & Accessories,Smartphone,MOB-SMA576,1,68799,68799,No Coupon,0.00,0.12,68799.00,8255.88,Net Banking,Delivered,Marketplace,Rahul Verma,Delhivery,4,4,50767.79,18031.21,0.2621,146.00,77200.88
IN251102343,19-Nov-2025,CUST25373,Nisha Das,37,Pune,Maharashtra,West,Electronics,Bluetooth Speaker,ELE-BLU148,1,3299,3299,APPONLY,263.92,0.18,3035.08,546.31,Credit Card,Delivered,Marketplace,Sagar Pawar,Blue Dart,4,1,2667.98,367.10,0.1210,109.00,3690.39
IN251100287,20-Nov-2025,CUST22854,Akshay Chatterjee,37,Nagpur,Maharashtra,West,Electronics,Bluetooth Speaker,ELE-BLU265,1,8399,8399,MEGADEAL,1511.82,0.12,6887.18,826.46,UPI,Delivered,Website,Sagar Pawar,Delhivery,3,4,6415.27,471.91,0.0685,159.00,7872.64
IN251100840,20-Nov-2025,CUST53913,Anika Sharma,24,Surat,Gujarat,West,Home & Kitchen,Bedsheet Set,HOM-BED152,1,2299,2299,No Coupon,0.00,0.18,2299.00,413.82,UPI,Delivered,Website,Amit Sharma,Ecom Express,3,4,1490.59,808.41,0.3516,108.00,2820.82
IN251101775,20-Nov-2025,CUST70493,Rutuja Jadhav,31,Ahmedabad,Gujarat,West,Fashion,Sneakers,FAS-SNE644,1,2799,2799,DIWALI20,559.80,0.12,2239.20,268.70,UPI,Delivered,Mobile App,Kavya Deshmukh,Blue Dart,2,4,1942.60,296.60,0.1325,176.00,2683.90
IN251101877,20-Nov-2025,CUST39560,Myra Kulkarni,53,Lucknow,Uttar Pradesh,North,Home & Kitchen,Pressure Cooker,HOM-PRE868,1,1799,1799,No Coupon,0.00,0.12,1799.00,215.88,COD,Delivered,Website,Kavya Deshmukh,Shadowfax,2,5,1193.67,605.33,0.3365,83.00,2097.88
IN251100562,21-Nov-2025,CUST84864,Ishaan Ghosh,28,Mumbai,Maharashtra,West,Fashion,Handbag,FAS-HAN384,4,2899,11596,No Coupon,0.00,0.18,11596.00,2087.28,UPI,Delivered,Social Commerce,Nikhil Bansal,Ecom Express,4,3,8570.84,3025.16,0.2609,84.00,13767.28
IN251100774,21-Nov-2025,CUST86360,Vihaan More,37,Vadodara,Gujarat,West,Mobiles & Accessories,Bluetooth Earbuds,MOB-BLU713,3,2099,6297,No Coupon,0.00,0.12,6297.00,755.64,COD,Delivered,Mobile App,Rohan Mehta,Shadowfax,1,4,4884.01,1412.99,0.2244,91.00,7143.64
IN251101043,21-Nov-2025,CUST75275,Sneha Deshmukh,25,Indore,Madhya Pradesh,Central,Books & Stationery,Pen Set,BOO-PEN540,1,254,254,No Coupon,0.00,0.05,254.00,12.70,Wallet,Delivered,Marketplace,Tanvi Jadhav,DTDC,3,3,161.37,92.63,0.3647,128.00,394.70
IN251101845,21-Nov-2025,CUST51668,Rahul Rathod,45,Kolkata,West Bengal,East,Home & Kitchen,Water Purifier,HOM-WAT693,3,7999,23997,No Coupon,0.00,0.18,23997.00,4319.46,UPI,Delivered,Website,Pooja Reddy,Delhivery,2,3,16199.78,7797.22,0.3249,160.00,28476.46
IN251102500,21-Nov-2025,CUST93461,Janhavi Nair,41,Pune,Maharashtra,West,Home & Kitchen,Air Fryer,HOM-AIR664,2,9199,18398,No Coupon,0.00,0.18,18398.00,3311.64,Debit Card,Delivered,Website,Vikram Singh,Delhivery,3,3,12472.57,5925.43,0.3221,167.00,21876.64
IN251100991,22-Nov-2025,CUST16106,Karan Malhotra,43,Ranchi,Jharkhand,East,Fashion,Jeans,FAS-JEA234,1,2099,2099,PAYDAY15,314.85,0.12,1784.15,214.10,Credit Card,Returned,Marketplace,Nikhil Bansal,Delhivery,5,4,1612.66,171.49,0.0961,64.00,2062.25
IN251101872,22-Nov-2025,CUST46227,Mansi Patel,44,Indore,Madhya Pradesh,Central,Beauty & Personal Care,Skin Cream,BEA-SKI669,2,482,964,FESTIVE10,96.40,0.12,867.60,104.11,Net Banking,Delivered,Mobile App,Manish Iyer,India Post,2,5,741.58,126.02,0.1453,123.00,1094.71
IN251102295,22-Nov-2025,CUST37353,Reyansh Pawar,50,Visakhapatnam,Andhra Pradesh,South,Electronics,Wireless Mouse,ELE-WIR254,3,1499,4497,APPONLY,359.76,0.18,4137.24,744.70,UPI,Delivered,Social Commerce,Karan Malhotra,Ecom Express,3,5,3238.75,898.49,0.2172,71.00,4952.94
IN251102491,22-Nov-2025,CUST69932,Aarav Nair,45,Bhubaneswar,Odisha,East,Books & Stationery,Exam Prep Book,BOO-EXA415,2,656,1312,No Coupon,0.00,0.12,1312.00,157.44,Debit Card,Cancelled,Website,Nikhil Bansal,India Post,2,,956.27,355.73,0.2711,0.00,1469.44
IN251100226,23-Nov-2025,CUST92728,Sakshi Iyer,45,Hyderabad,Telangana,South,Electronics,Keyboard,ELE-KEY745,1,1899,1899,No Coupon,0.00,0.18,1899.00,341.82,COD,Delivered,Website,Deepak Yadav,Shadowfax,3,4,1386.26,512.74,0.2700,142.00,2382.82
IN251100484,23-Nov-2025,CUST46818,Omkar Iyer,27,Jaipur,Rajasthan,North,Fashion,Men T-Shirt,FAS-MEN952,2,1399,2798,FESTIVE10,279.80,0.18,2518.20,453.28,Credit Card,Delivered,Marketplace,Priya Nair,Ecom Express,3,2,1846.83,671.37,0.2666,114.00,3085.48
IN251101243,23-Nov-2025,CUST66791,Atharv Kadam,31,Ranchi,Jharkhand,East,Mobiles & Accessories,Tempered Glass,MOB-TEM376,1,282,282,No Coupon,0.00,0.12,282.00,33.84,UPI,Delivered,Mobile App,Nikhil Bansal,Shadowfax,5,4,209.21,72.79,0.2581,150.00,465.84
IN251101251,23-Nov-2025,CUST66964,Omkar Yadav,51,Vijayawada,Andhra Pradesh,South,Electronics,LED TV,ELE-LED540,1,24199,24199,No Coupon,0.00,0.18,24199.00,4355.82,Net Banking,Delivered,Website,Vikram Singh,Ecom Express,4,5,19885.13,4313.87,0.1783,138.00,28692.82
IN251101893,23-Nov-2025,CUST58933,Arjun Khan,39,Vijayawada,Andhra Pradesh,South,Grocery & Gourmet,Spices Combo,GRO-SPI453,1,265,265,No Coupon,0.00,0.05,265.00,13.25,Credit Card,Delivered,Mobile App,Nikhil Bansal,DTDC,6,4,186.70,78.30,0.2955,92.00,370.25
IN251102148,23-Nov-2025,CUST51416,Payal Iyer,23,Bhopal,Madhya Pradesh,Central,Home & Kitchen,Mixer Grinder,HOM-MIX768,1,1499,1499,WELCOME100,100.00,0.12,1399.00,167.88,Debit Card,Delivered,Mobile App,Swati Mishra,Delhivery,3,5,906.18,492.82,0.3523,161.00,1727.88
IN251102488,23-Nov-2025,CUST98027,Rudra Shinde,54,Chennai,Tamil Nadu,South,Beauty & Personal Care,Shampoo,BEA-SHA310,2,691,1382,FESTIVE10,138.20,0.12,1243.80,149.26,Credit Card,Delivered,Website,Vikram Singh,India Post,3,5,947.88,295.92,0.2379,153.00,1546.06
IN251100406,24-Nov-2025,CUST41906,Ira Saxena,58,Kolkata,West Bengal,East,Beauty & Personal Care,Shampoo,BEA-SHA241,1,746,746,PAYDAY15,111.90,0.18,634.10,114.14,COD,Delivered,Marketplace,Neha Patel,Xpressbees,3,4,489.35,144.75,0.2283,113.00,861.24
IN251102059,24-Nov-2025,CUST74964,Neha Chauhan,56,Chennai,Tamil Nadu,South,Books & Stationery,Exam Prep Book,BOO-EXA498,1,904,904,PAYDAY15,135.60,0.12,768.40,92.21,COD,Returned,Mobile App,Sneha Kulkarni,Delhivery,4,4,544.91,223.49,0.2909,85.00,945.61
IN251102377,24-Nov-2025,CUST87791,Atharv Kapoor,28,Jaipur,Rajasthan,North,Grocery & Gourmet,Cold Pressed Oil,GRO-COL831,2,649,1298,No Coupon,0.00,0.05,1298.00,64.90,UPI,Delivered,Mobile App,Karan Malhotra,DTDC,3,4,768.67,529.33,0.4078,146.00,1508.90
IN251100143,25-Nov-2025,CUST11257,Meera Kadam,18,Vijayawada,Andhra Pradesh,South,Home & Kitchen,Water Purifier,HOM-WAT391,1,17399,17399,DIWALI20,3479.80,0.18,13919.20,2505.46,Credit Card,Delivered,Website,Rahul Verma,Delhivery,2,4,11438.28,2480.92,0.1782,100.00,16524.66
IN251100459,25-Nov-2025,CUST54914,Ayaan Rathod,24,Thiruvananthapuram,Kerala,South,Sports & Fitness,Yoga Mat,SPO-YOG783,1,1899,1899,No Coupon,0.00,0.12,1899.00,227.88,UPI,Returned,Website,Nikhil Bansal,Blue Dart,4,5,1273.65,625.35,0.3293,179.00,2305.88
IN251100788,25-Nov-2025,CUST62512,Nisha Sharma,28,Chandigarh,Chandigarh,North,Grocery & Gourmet,Dry Fruits Pack,GRO-DRY405,1,400,400,No Coupon,0.00,0.12,400.00,48.00,UPI,Delivered,Marketplace,Pooja Reddy,India Post,5,5,305.94,94.06,0.2351,92.00,540.00
IN251100844,25-Nov-2025,CUST40243,Anaya Agarwal,40,Indore,Madhya Pradesh,Central,Mobiles & Accessories,Power Bank,MOB-POW941,3,3299,9897,NEWYEAR10,989.70,0.18,8907.30,1603.31,UPI,Shipped,Mobile App,Isha Gupta,Xpressbees,4,,7318.42,1588.88,0.1784,174.00,10684.61
IN251100865,25-Nov-2025,CUST28672,Aarav Gaikwad,19,Kochi,Kerala,South,Home & Kitchen,Pressure Cooker,HOM-PRE486,1,1299,1299,FESTIVE10,129.90,0.18,1169.10,210.44,UPI,Delivered,Mobile App,Kavya Deshmukh,Ecom Express,2,4,923.75,245.35,0.2099,116.00,1495.54
IN251101321,25-Nov-2025,CUST48640,Saanvi Kapoor,35,Hyderabad,Telangana,South,Home & Kitchen,Mixer Grinder,HOM-MIX810,1,2499,2499,APPONLY,199.92,0.12,2299.08,275.89,Debit Card,Delivered,Website,Nikhil Bansal,Ecom Express,3,3,1869.62,429.46,0.1868,141.00,2715.97
IN251101735,25-Nov-2025,CUST73279,Yash Khan,27,Hyderabad,Telangana,South,Beauty & Personal Care,Perfume,BEA-PER569,2,2199,4398,No Coupon,0.00,0.18,4398.00,791.64,UPI,Delivered,Website,Swati Mishra,Xpressbees,8,4,3062.19,1335.81,0.3037,134.00,5323.64
IN251102402,25-Nov-2025,CUST96484,Komal Mishra,56,Ahmedabad,Gujarat,West,Beauty & Personal Care,Skin Cream,BEA-SKI265,3,739,2217,No Coupon,0.00,0.12,2217.00,266.04,UPI,Delivered,Mobile App,Sagar Pawar,Ecom Express,2,4,1316.41,900.59,0.4062,116.00,2599.04
IN251100055,26-Nov-2025,CUST34943,Sneha Patel,51,Chennai,Tamil Nadu,South,Fashion,Sneakers,FAS-SNE461,1,3099,3099,FREESHIP,0.00,0.12,3099.00,371.88,UPI,Returned,Mobile App,Vikram Singh,Blue Dart,7,3,2409.92,689.08,0.2224,81.00,3551.88
IN251100180,26-Nov-2025,CUST29065,Sai Pawar,31,Vijayawada,Andhra Pradesh,South,Home & Kitchen,Mixer Grinder,HOM-MIX104,1,6399,6399,PAYDAY15,959.85,0.12,5439.15,652.70,Credit Card,Shipped,Mobile App,Pooja Reddy,Xpressbees,3,,4645.91,793.24,0.1458,119.00,6210.85
IN251100400,26-Nov-2025,CUST66861,Anaya Tiwari,28,Jaipur,Rajasthan,North,Home & Kitchen,Cookware Set,HOM-COO306,3,6799,20397,No Coupon,0.00,0.18,20397.00,3671.46,Wallet,Returned,Mobile App,Rohan Mehta,Ecom Express,5,5,13143.08,7253.92,0.3556,92.00,24160.46
IN251100930,26-Nov-2025,CUST37424,Pranav Deshmukh,55,Ludhiana,Punjab,North,Electronics,Wireless Mouse,ELE-WIR401,1,1199,1199,No Coupon,0.00,0.12,1199.00,143.88,COD,Delivered,Mobile App,Amit Sharma,India Post,2,2,881.53,317.47,0.2648,115.00,1457.88
IN251100961,26-Nov-2025,CUST66579,Priya Bansal,53,Nashik,Maharashtra,West,Fashion,Jeans,FAS-JEA791,2,1599,3198,No Coupon,0.00,0.18,3198.00,575.64,UPI,Delivered,Mobile App,Rahul Verma,Ecom Express,5,5,2351.08,846.92,0.2648,115.00,3888.64
IN251101623,26-Nov-2025,CUST78919,Akshay Patel,19,Chandigarh,Chandigarh,North,Sports & Fitness,Cricket Bat,SPO-CRI968,3,4599,13797,No Coupon,0.00,0.18,13797.00,2483.46,UPI,Delivered,Social Commerce,Sneha Kulkarni,Ecom Express,1,5,10570.26,3226.74,0.2339,65.00,16345.46
IN251102233,26-Nov-2025,CUST65388,Aadhya Gaikwad,50,Chandigarh,Chandigarh,North,Grocery & Gourmet,Dry Fruits Pack,GRO-DRY751,2,1499,2998,No Coupon,0.00,0.05,2998.00,149.90,Debit Card,Delivered,Mobile App,Sneha Kulkarni,DTDC,3,5,2045.24,952.76,0.3178,119.00,3266.90
IN251102305,26-Nov-2025,CUST30461,Rudra Mehta,29,Kolkata,West Bengal,East,Mobiles & Accessories,Bluetooth Earbuds,MOB-BLU596,3,8599,25797,PAYDAY15,3869.55,0.12,21927.45,2631.29,COD,Shipped,Social Commerce,Rohan Mehta,Xpressbees,3,,20870.33,1057.12,0.0482,179.00,24737.74
IN251100130,27-Nov-2025,CUST80211,Aadhya Pawar,55,Hyderabad,Telangana,South,Fashion,Jeans,FAS-JEA380,5,2399,11995,No Coupon,0.00,0.12,11995.00,1439.40,Credit Card,Cancelled,Marketplace,Amit Sharma,Delhivery,3,,7533.05,4461.95,0.3720,0.00,13434.40
IN251100277,27-Nov-2025,CUST76496,Aditya Banerjee,44,Coimbatore,Tamil Nadu,South,Sports & Fitness,Yoga Mat,SPO-YOG608,1,1499,1499,No Coupon,0.00,0.12,1499.00,179.88,COD,Delivered,Mobile App,Rohan Mehta,India Post,3,4,896.32,602.68,0.4021,153.00,1831.88
IN251100659,27-Nov-2025,CUST25307,Vivaan Qureshi,41,Nagpur,Maharashtra,West,Mobiles & Accessories,Smartphone,MOB-SMA452,1,45699,45699,PAYDAY15,6854.85,0.12,38844.15,4661.30,UPI,Delivered,Mobile App,Sneha Kulkarni,Xpressbees,3,3,33811.86,5032.29,0.1296,82.00,43587.45
IN251101328,27-Nov-2025,CUST10894,Myra Joshi,52,Kochi,Kerala,South,Grocery & Gourmet,Dry Fruits Pack,GRO-DRY171,2,523,1046,DIWALI20,209.20,0.18,836.80,150.62,Net Banking,Delivered,Social Commerce,Manish Iyer,India Post,5,4,658.37,178.43,0.2132,110.00,1097.42
IN251101912,27-Nov-2025,CUST51100,Tanvi Sharma,35,Bengaluru,Karnataka,South,Mobiles & Accessories,Bluetooth Earbuds,MOB-BLU727,1,3699,3699,No Coupon,0.00,0.18,3699.00,665.82,Credit Card,Delivered,Website,Kavya Deshmukh,Blue Dart,5,5,2665.54,1033.46,0.2794,94.00,4458.82
IN251102187,27-Nov-2025,CUST82286,Anaya Ansari,20,Kolkata,West Bengal,East,Sports & Fitness,Fitness Band,SPO-FIT834,2,4699,9398,FESTIVE10,939.80,0.18,8458.20,1522.48,Net Banking,Delivered,Website,Priya Nair,Blue Dart,6,3,5885.39,2572.81,0.3042,94.00,10074.68
IN251100179,28-Nov-2025,CUST60592,Ishaan Yadav,35,Noida,Uttar Pradesh,North,Sports & Fitness,Dumbbell Set,SPO-DUM876,1,1899,1899,PAYDAY15,284.85,0.18,1614.15,290.55,Credit Card,Delivered,Mobile App,Swati Mishra,India Post,3,3,1288.57,325.58,0.2017,134.00,2038.70
IN251100641,28-Nov-2025,CUST45586,Anaya Ansari,43,Hyderabad,Telangana,South,Sports & Fitness,Cricket Bat,SPO-CRI347,1,5499,5499,PAYDAY15,824.85,0.12,4674.15,560.90,UPI,Delivered,Marketplace,Neha Patel,India Post,3,5,3294.53,1379.62,0.2952,125.00,5360.05
IN251101028,28-Nov-2025,CUST21981,Omkar Patel,33,Nashik,Maharashtra,West,Home & Kitchen,Mixer Grinder,HOM-MIX101,3,2599,7797,APPONLY,623.76,0.12,7173.24,860.79,COD,Delivered,Mobile App,Vikram Singh,DTDC,3,3,4666.72,2506.52,0.3494,176.00,8210.03
IN251100364,29-Nov-2025,CUST11634,Harsh Pawar,51,Indore,Madhya Pradesh,Central,Mobiles & Accessories,Smart Watch,MOB-SMA704,4,6299,25196,No Coupon,0.00,0.18,25196.00,4535.28,Credit Card,Delivered,Mobile App,Rahul Verma,Ecom Express,2,2,21267.92,3928.08,0.1559,147.00,29878.28
IN251100869,29-Nov-2025,CUST52423,Atharv Das,33,Vadodara,Gujarat,West,Books & Stationery,Pen Set,BOO-PEN990,2,378,756,WELCOME100,100.00,0.12,656.00,78.72,Credit Card,Delivered,Website,Tanvi Jadhav,India Post,2,4,508.52,147.48,0.2248,148.00,882.72
IN251101810,29-Nov-2025,CUST20983,Rajesh Ghosh,51,Ludhiana,Punjab,North,Fashion,Sneakers,FAS-SNE967,2,2099,4198,PAYDAY15,629.70,0.18,3568.30,642.29,UPI,Delivered,Mobile App,Sagar Pawar,Blue Dart,1,4,3114.86,453.44,0.1271,84.00,4294.59
IN251102269,29-Nov-2025,CUST79425,Riya Malhotra,55,Bhubaneswar,Odisha,East,Electronics,LED TV,ELE-LED267,2,89199,178398,No Coupon,0.00,0.18,178398.00,32111.64,Debit Card,Delivered,Mobile App,Sagar Pawar,India Post,5,2,147846.39,30551.61,0.1713,154.00,210663.64
IN251100018,30-Nov-2025,CUST22039,Janhavi Deshmukh,28,Vijayawada,Andhra Pradesh,South,Grocery & Gourmet,Basmati Rice 5kg,GRO-BAS490,1,763,763,No Coupon,0.00,0.05,763.00,38.15,COD,Delivered,Website,Nikhil Bansal,Blue Dart,1,5,488.07,274.93,0.3603,174.00,975.15
IN251100161,30-Nov-2025,CUST26472,Shaurya Bhatia,52,Lucknow,Uttar Pradesh,North,Home & Kitchen,Water Purifier,HOM-WAT509,2,16599,33198,FESTIVE10,3319.80,0.12,29878.20,3585.38,Debit Card,Delivered,Marketplace,Rohan Mehta,Shadowfax,6,3,24203.31,5674.89,0.1899,120.00,33583.58
IN251100644,30-Nov-2025,CUST60634,Harsh Kadam,47,Mumbai,Maharashtra,West,Mobiles & Accessories,Phone Cover,MOB-PHO198,1,517,517,No Coupon,0.00,0.12,517.00,62.04,UPI,Delivered,Social Commerce,Karan Malhotra,DTDC,3,2,415.85,101.15,0.1956,117.00,696.04
IN251101333,30-Nov-2025,CUST63605,Nikhil Kapoor,33,Bengaluru,Karnataka,South,Grocery & Gourmet,Basmati Rice 5kg,GRO-BAS427,1,702,702,WELCOME100,100.00,0.18,602.00,108.36,Debit Card,Delivered,Mobile App,Sagar Pawar,Delhivery,3,5,437.91,164.09,0.2726,174.00,884.36
IN251200318,01-Dec-2025,CUST97325,Karan Saxena,46,Bhubaneswar,Odisha,East,Grocery & Gourmet,Coffee Pack,GRO-COF614,2,535,1070,WELCOME100,100.00,0.12,970.00,116.40,COD,Delivered,Website,Amit Sharma,Shadowfax,3,5,774.03,195.97,0.2020,92.00,1178.40
IN251201163,01-Dec-2025,CUST45632,Atharv Ansari,24,Guwahati,Assam,North East,Beauty & Personal Care,Perfume,BEA-PER603,1,2499,2499,No Coupon,0.00,0.12,2499.00,299.88,UPI,Delivered,Marketplace,Manish Iyer,DTDC,4,4,1651.20,847.80,0.3393,110.00,2908.88
IN251200184,03-Dec-2025,CUST68504,Sneha Reddy,23,Coimbatore,Tamil Nadu,South,Books & Stationery,Kids Story Book,BOO-KID342,1,297,297,NEWYEAR10,29.70,0.05,267.30,13.37,Wallet,Delivered,Website,Deepak Yadav,Shadowfax,3,5,175.70,91.60,0.3427,114.00,394.67
IN251200445,03-Dec-2025,CUST66660,Rohan Ansari,47,Thiruvananthapuram,Kerala,South,Home & Kitchen,Mixer Grinder,HOM-MIX938,1,5599,5599,FESTIVE10,559.90,0.18,5039.10,907.04,COD,Delivered,Mobile App,Isha Gupta,Delhivery,3,5,4194.83,844.27,0.1675,136.00,6082.14
IN251200675,03-Dec-2025,CUST90357,Arjun Kumar,58,Mumbai,Maharashtra,West,Sports & Fitness,Cricket Bat,SPO-CRI444,2,3199,6398,PAYDAY15,959.70,0.18,5438.30,978.89,UPI,Returned,Website,Kavya Deshmukh,DTDC,5,5,4794.40,643.90,0.1184,120.00,6537.19
IN251201150,03-Dec-2025,CUST27749,Rutuja Jadhav,30,Chennai,Tamil Nadu,South,Mobiles & Accessories,Smartphone,MOB-SMA337,3,27399,82197,No Coupon,0.00,0.12,82197.00,9863.64,UPI,Cancelled,Mobile App,Amit Sharma,DTDC,2,,65354.30,16842.70,0.2049,0.00,92060.64
IN251201240,03-Dec-2025,CUST79432,Omkar Chauhan,26,Bhopal,Madhya Pradesh,Central,Beauty & Personal Care,Skin Cream,BEA-SKI619,1,336,336,No Coupon,0.00,0.12,336.00,40.32,Debit Card,Returned,Website,Karan Malhotra,Blue Dart,4,4,200.67,135.33,0.4028,113.00,489.32
IN251201312,03-Dec-2025,CUST49855,Rohan Das,35,Nashik,Maharashtra,West,Books & Stationery,Notebook Pack,BOO-NOT459,1,189,189,No Coupon,0.00,0.12,189.00,22.68,UPI,Returned,Website,Nikhil Bansal,Delhivery,3,4,138.49,50.51,0.2672,156.00,367.68
IN251202443,03-Dec-2025,CUST11549,Karan Gaikwad,26,Visakhapatnam,Andhra Pradesh,South,Home & Kitchen,Cookware Set,HOM-COO190,2,7499,14998,No Coupon,0.00,0.12,14998.00,1799.76,UPI,Delivered,Mobile App,Isha Gupta,Blue Dart,2,5,11650.08,3347.92,0.2232,167.00,16964.76
IN251200547,04-Dec-2025,CUST47361,Aditya Banerjee,27,Chandigarh,Chandigarh,North,Fashion,Women Kurti,FAS-WOM531,4,2199,8796,NEWYEAR10,879.60,0.12,7916.40,949.97,UPI,Returned,Mobile App,Swati Mishra,Ecom Express,3,5,5815.03,2101.37,0.2654,78.00,8944.37
IN251201394,04-Dec-2025,CUST15508,Rajesh Gupta,58,Indore,Madhya Pradesh,Central,Fashion,Men T-Shirt,FAS-MEN549,1,1599,1599,APPONLY,127.92,0.18,1471.08,264.79,UPI,Delivered,Mobile App,Swati Mishra,Ecom Express,1,4,1243.35,227.73,0.1548,154.00,1889.87
IN251201571,04-Dec-2025,CUST38085,Atharv Khan,46,Chandigarh,Chandigarh,North,Electronics,Wireless Mouse,ELE-WIR112,2,1999,3998,PAYDAY15,599.70,0.18,3398.30,611.69,UPI,Delivered,Social Commerce,Swati Mishra,Blue Dart,3,4,3020.26,378.04,0.1112,123.00,4132.99
IN251200193,05-Dec-2025,CUST39248,Yash Ansari,42,Vijayawada,Andhra Pradesh,South,Mobiles & Accessories,Bluetooth Earbuds,MOB-BLU694,1,1999,1999,No Coupon,0.00,0.18,1999.00,359.82,COD,Delivered,Mobile App,Swati Mishra,Ecom Express,3,4,1506.89,492.11,0.2462,159.00,2517.82
IN251200806,05-Dec-2025,CUST71323,Ira Deshmukh,54,Indore,Madhya Pradesh,Central,Sports & Fitness,Fitness Band,SPO-FIT515,2,7399,14798,PAYDAY15,2219.70,0.18,12578.30,2264.09,COD,Delivered,Social Commerce,Deepak Yadav,DTDC,4,5,10083.76,2494.54,0.1983,107.00,14949.39
IN251201470,05-Dec-2025,CUST29038,Vihaan Chatterjee,34,Ahmedabad,Gujarat,West,Mobiles & Accessories,Tempered Glass,MOB-TEM937,1,275,275,WELCOME100,55.00,0.12,220.00,26.40,UPI,Shipped,Website,Sneha Kulkarni,DTDC,4,,212.06,7.94,0.0361,68.00,314.40
IN251200134,06-Dec-2025,CUST16171,Vivaan Shaikh,46,Ludhiana,Punjab,North,Fashion,Jeans,FAS-JEA650,1,1899,1899,DIWALI20,379.80,0.12,1519.20,182.30,UPI,Shipped,Mobile App,Manish Iyer,Blue Dart,5,,1361.76,157.44,0.1036,127.00,1828.50
IN251200355,06-Dec-2025,CUST34814,Rahul Chauhan,41,Bhubaneswar,Odisha,East,Beauty & Personal Care,Hair Oil,BEA-HAI813,1,452,452,MEGADEAL,81.36,0.12,370.64,44.48,Credit Card,Delivered,Mobile App,Deepak Yadav,Delhivery,3,5,335.59,35.05,0.0946,73.00,488.12
IN251200608,06-Dec-2025,CUST40803,Neha Iyer,50,Coimbatore,Tamil Nadu,South,Sports & Fitness,Fitness Band,SPO-FIT779,1,4599,4599,No Coupon,0.00,0.12,4599.00,551.88,UPI,Delivered,Mobile App,Kavya Deshmukh,DTDC,4,4,2907.97,1691.03,0.3677,63.00,5213.88
IN251201215,06-Dec-2025,CUST23066,Tanvi Patel,34,Thiruvananthapuram,Kerala,South,Grocery & Gourmet,Cold Pressed Oil,GRO-COL870,2,828,1656,No Coupon,0.00,0.18,1656.00,298.08,UPI,Delivered,Social Commerce,Amit Sharma,Shadowfax,6,5,1096.22,559.78,0.3380,91.00,2045.08
IN251200969,07-Dec-2025,CUST16460,Ira Pillai,37,Nagpur,Maharashtra,West,Sports & Fitness,Yoga Mat,SPO-YOG522,1,1099,1099,No Coupon,0.00,0.18,1099.00,197.82,COD,Delivered,Website,Sneha Kulkarni,Xpressbees,4,5,797.21,301.79,0.2746,177.00,1473.82
IN251201092,07-Dec-2025,CUST66265,Rajesh Jadhav,51,Patna,Bihar,East,Home & Kitchen,Air Fryer,HOM-AIR919,2,10999,21998,FESTIVE10,2199.80,0.18,19798.20,3563.68,Debit Card,Delivered,Website,Karan Malhotra,Shadowfax,5,4,13860.97,5937.23,0.2999,67.00,23428.88
IN251201413,07-Dec-2025,CUST17476,Nisha Chatterjee,53,Vadodara,Gujarat,West,Grocery & Gourmet,Coffee Pack,GRO-COF978,5,612,3060,FREESHIP,0.00,0.05,3060.00,153.00,UPI,Shipped,Website,Isha Gupta,Shadowfax,3,,2118.92,941.08,0.3075,149.00,3362.00
IN251202218,07-Dec-2025,CUST14776,Sneha Kadam,33,Chandigarh,Chandigarh,North,Fashion,Jeans,FAS-JEA908,1,2999,2999,PAYDAY15,449.85,0.18,2549.15,458.85,COD,Returned,Website,Neha Patel,DTDC,6,5,1999.15,550.00,0.2158,149.00,3157.00
IN251200045,08-Dec-2025,CUST41088,Deepak Joshi,32,Surat,Gujarat,West,Fashion,Saree,FAS-SAR775,1,1399,1399,WELCOME100,100.00,0.18,1299.00,233.82,UPI,Delivered,Mobile App,Pooja Reddy,Ecom Express,3,4,834.96,464.04,0.3572,70.00,1602.82
IN251200879,08-Dec-2025,CUST20303,Saanvi Chauhan,20,Chennai,Tamil Nadu,South,Electronics,Keyboard,ELE-KEY384,1,1999,1999,WELCOME100,100.00,0.12,1899.00,227.88,UPI,Delivered,Mobile App,Sneha Kulkarni,Blue Dart,4,5,1680.76,218.24,0.1149,123.00,2249.88
IN251200890,08-Dec-2025,CUST50515,Kabir Chauhan,23,Vijayawada,Andhra Pradesh,South,Home & Kitchen,Air Fryer,HOM-AIR217,1,11699,11699,FREESHIP,0.00,0.12,11699.00,1403.88,Debit Card,Delivered,Mobile App,Sneha Kulkarni,Xpressbees,3,4,7421.20,4277.80,0.3657,101.00,13203.88
IN251201007,08-Dec-2025,CUST72733,Rohan Reddy,44,Kochi,Kerala,South,Electronics,LED TV,ELE-LED504,1,31599,31599,No Coupon,0.00,0.12,31599.00,3791.88,Net Banking,Delivered,Marketplace,Anjali Joshi,Shadowfax,3,5,26071.07,5527.93,0.1749,161.00,35551.88
IN251201412,08-Dec-2025,CUST59390,Priya Mishra,22,Pune,Maharashtra,West,Mobiles & Accessories,Bluetooth Earbuds,MOB-BLU304,5,7999,39995,No Coupon,0.00,0.18,39995.00,7199.10,Debit Card,Cancelled,Mobile App,Pooja Reddy,Ecom Express,5,,29366.44,10628.56,0.2657,0.00,47194.10
IN251202373,08-Dec-2025,CUST85585,Pooja Verma,19,Chennai,Tamil Nadu,South,Fashion,Jeans,FAS-JEA932,2,2599,5198,FESTIVE10,519.80,0.12,4678.20,561.38,Debit Card,Delivered,Website,Amit Sharma,Ecom Express,7,4,3249.74,1428.46,0.3053,175.00,5414.58
IN251201661,09-Dec-2025,CUST23900,Pranav More,48,Delhi,Delhi,North,Beauty & Personal Care,Hair Oil,BEA-HAI899,1,467,467,No Coupon,0.00,0.12,467.00,56.04,Credit Card,Delivered,Mobile App,Amit Sharma,Ecom Express,3,4,303.81,163.19,0.3494,151.00,674.04
IN251202332,09-Dec-2025,CUST23017,Tanvi Bhatia,41,Visakhapatnam,Andhra Pradesh,South,Fashion,Saree,FAS-SAR953,1,3399,3399,No Coupon,0.00,0.18,3399.00,611.82,UPI,Shipped,Website,Swati Mishra,Delhivery,4,,2060.47,1338.53,0.3938,98.00,4108.82
IN251202409,09-Dec-2025,CUST61275,Rajesh Verma,24,Bhopal,Madhya Pradesh,Central,Mobiles & Accessories,Smartphone,MOB-SMA858,1,10999,10999,No Coupon,0.00,0.12,10999.00,1319.88,Debit Card,Delivered,Website,Vikram Singh,DTDC,3,3,8166.14,2832.86,0.2576,105.00,12423.88
IN251200576,10-Dec-2025,CUST70265,Kabir Banerjee,37,Chennai,Tamil Nadu,South,Electronics,Keyboard,ELE-KEY372,2,1099,2198,APPONLY,175.84,0.18,2022.16,363.99,COD,Delivered,Mobile App,Kavya Deshmukh,DTDC,3,4,1620.08,402.08,0.1988,153.00,2539.15
IN251200949,10-Dec-2025,CUST10336,Vivaan Deshmukh,50,Gurugram,Haryana,North,Grocery & Gourmet,Spices Combo,GRO-SPI857,2,264,528,No Coupon,0.00,0.18,528.00,95.04,Debit Card,Delivered,Mobile App,Deepak Yadav,Shadowfax,3,5,394.41,133.59,0.2530,60.00,683.04
IN251201033,10-Dec-2025,CUST17735,Rohan Ghosh,31,Lucknow,Uttar Pradesh,North,Mobiles & Accessories,Tempered Glass,MOB-TEM371,1,583,583,DIWALI20,116.60,0.12,466.40,55.97,Debit Card,Delivered,Mobile App,Tanvi Jadhav,Xpressbees,3,4,432.99,33.41,0.0716,126.00,648.37
IN251201472,10-Dec-2025,CUST34027,Rajesh Reddy,24,Visakhapatnam,Andhra Pradesh,South,Home & Kitchen,Air Fryer,HOM-AIR992,1,10299,10299,FESTIVE10,1029.90,0.18,9269.10,1668.44,Net Banking,Delivered,Website,Neha Patel,Ecom Express,6,3,6436.65,2832.45,0.3056,97.00,11034.54
IN251201898,10-Dec-2025,CUST93148,Mansi Saxena,20,Ranchi,Jharkhand,East,Home & Kitchen,Pressure Cooker,HOM-PRE687,1,2699,2699,No Coupon,0.00,0.18,2699.00,485.82,UPI,Delivered,Mobile App,Pooja Reddy,Delhivery,2,5,1762.41,936.59,0.3470,169.00,3353.82
IN251200772,12-Dec-2025,CUST85118,Rajesh Sharma,19,Chennai,Tamil Nadu,South,Mobiles & Accessories,Tempered Glass,MOB-TEM548,1,470,470,WELCOME100,94.00,0.12,376.00,45.12,Credit Card,Returned,Mobile App,Sneha Kulkarni,Xpressbees,4,5,342.53,33.47,0.0890,148.00,569.12
IN251200875,12-Dec-2025,CUST73301,Rutuja Nair,20,Vadodara,Gujarat,West,Sports & Fitness,Cricket Bat,SPO-CRI804,5,5799,28995,No Coupon,0.00,0.18,28995.00,5219.10,UPI,Delivered,Website,Karan Malhotra,Xpressbees,7,4,19700.37,9294.63,0.3206,136.00,34350.10
IN251202395,12-Dec-2025,CUST72875,Prachi Banerjee,30,Chennai,Tamil Nadu,South,Electronics,LED TV,ELE-LED253,1,50399,50399,No Coupon,0.00,0.12,50399.00,6047.88,COD,Delivered,Mobile App,Manish Iyer,Delhivery,3,5,40213.96,10185.04,0.2021,132.00,56578.88
IN251202404,12-Dec-2025,CUST89488,Riya Joshi,42,Kochi,Kerala,South,Home & Kitchen,Bedsheet Set,HOM-BED659,2,2199,4398,PAYDAY15,659.70,0.12,3738.30,448.60,UPI,Delivered,Marketplace,Swati Mishra,DTDC,3,4,2763.37,974.93,0.2608,117.00,4303.90
IN251201234,13-Dec-2025,CUST52788,Swati Kumar,45,Jaipur,Rajasthan,North,Books & Stationery,Kids Story Book,BOO-KID602,1,387,387,MEGADEAL,69.66,0.18,317.34,57.12,Debit Card,Delivered,Mobile App,Neha Patel,Ecom Express,1,4,272.12,45.22,0.1425,61.00,435.46
IN251201562,13-Dec-2025,CUST66761,Diya Mehta,20,Ranchi,Jharkhand,East,Books & Stationery,Notebook Pack,BOO-NOT539,1,175,175,No Coupon,0.00,0.12,175.00,21.00,Credit Card,Delivered,Marketplace,Amit Sharma,Shadowfax,4,2,119.13,55.87,0.3193,119.00,315.00
IN251202011,13-Dec-2025,CUST36395,Ishaan Patel,50,Pune,Maharashtra,West,Electronics,Tablet,ELE-TAB500,1,29399,29399,NEWYEAR10,2939.90,0.12,26459.10,3175.09,Debit Card,Delivered,Mobile App,Isha Gupta,Shadowfax,2,4,23254.43,3204.67,0.1211,144.00,29778.19
IN251200224,14-Dec-2025,CUST82605,Harsh Qureshi,55,Vadodara,Gujarat,West,Electronics,Laptop,ELE-LAP308,3,89199,267597,PAYDAY15,40139.55,0.12,227457.45,27294.89,Credit Card,Delivered,Website,Pooja Reddy,India Post,2,5,198903.06,28554.39,0.1255,124.00,254876.34
IN251200357,14-Dec-2025,CUST52388,Vikram Chauhan,55,Bhopal,Madhya Pradesh,Central,Books & Stationery,Notebook Pack,BOO-NOT365,1,194,194,DIWALI20,38.80,0.05,155.20,7.76,Debit Card,Delivered,Website,Karan Malhotra,DTDC,2,4,143.82,11.38,0.0733,90.00,252.96
IN251200776,14-Dec-2025,CUST15319,Vivaan Mehta,18,Nashik,Maharashtra,West,Home & Kitchen,Air Fryer,HOM-AIR571,1,6299,6299,MEGADEAL,1133.82,0.12,5165.18,619.82,Debit Card,Delivered,Website,Amit Sharma,Delhivery,2,5,4333.06,832.12,0.1611,136.00,5921.00
IN251201167,14-Dec-2025,CUST56072,Shruti Joshi,50,Nashik,Maharashtra,West,Books & Stationery,Exam Prep Book,BOO-EXA699,2,505,1010,No Coupon,0.00,0.12,1010.00,121.20,Debit Card,Cancelled,Website,Sneha Kulkarni,Blue Dart,5,,650.33,359.67,0.3561,0.00,1131.20
IN251201523,14-Dec-2025,CUST24654,Ayaan Gaikwad,39,Vijayawada,Andhra Pradesh,South,Electronics,Tablet,ELE-TAB998,1,19499,19499,DIWALI20,3899.80,0.18,15599.20,2807.86,UPI,Delivered,Website,Deepak Yadav,DTDC,3,4,15627.00,-27.80,-0.0018,161.00,18568.06
IN251202264,14-Dec-2025,CUST15034,Harsh Chauhan,41,Bengaluru,Karnataka,South,Grocery & Gourmet,Dry Fruits Pack,GRO-DRY800,1,996,996,No Coupon,0.00,0.05,996.00,49.80,UPI,Cancelled,Mobile App,Isha Gupta,Delhivery,4,,653.79,342.21,0.3436,0.00,1045.80
IN251202357,14-Dec-2025,CUST56964,Karan Mishra,42,Delhi,Delhi,North,Books & Stationery,Notebook Pack,BOO-NOT810,2,335,670,APPONLY,53.60,0.05,616.40,30.82,Debit Card,Delivered,Marketplace,Priya Nair,Xpressbees,4,4,471.50,144.90,0.2351,75.00,722.22
IN251200006,15-Dec-2025,CUST64100,Sneha Nair,43,Gurugram,Haryana,North,Fashion,Women Kurti,FAS-WOM814,1,855,855,No Coupon,0.00,0.18,855.00,153.90,Wallet,Returned,Website,Priya Nair,India Post,3,4,531.09,323.91,0.3788,158.00,1166.90
IN251200254,15-Dec-2025,CUST34316,Kiara Sharma,36,Guwahati,Assam,North East,Sports & Fitness,Cricket Bat,SPO-CRI455,1,4199,4199,FESTIVE10,419.90,0.12,3779.10,453.49,UPI,Delivered,Website,Manish Iyer,Shadowfax,3,2,2841.78,937.32,0.2480,176.00,4408.59
IN251202340,15-Dec-2025,CUST40365,Suresh Agarwal,20,Coimbatore,Tamil Nadu,South,Electronics,Keyboard,ELE-KEY891,3,2499,7497,No Coupon,0.00,0.18,7497.00,1349.46,UPI,Delivered,Website,Kavya Deshmukh,DTDC,2,4,5726.31,1770.69,0.2362,123.00,8969.46
IN251200093,16-Dec-2025,CUST39280,Diya Pillai,29,Bengaluru,Karnataka,South,Electronics,Bluetooth Speaker,ELE-BLU974,1,5699,5699,PAYDAY15,854.85,0.12,4844.15,581.30,Credit Card,Delivered,Social Commerce,Priya Nair,Xpressbees,1,5,4744.60,99.55,0.0206,157.00,5582.45
IN251200391,16-Dec-2025,CUST38121,Shruti Kadam,48,Indore,Madhya Pradesh,Central,Beauty & Personal Care,Perfume,BEA-PER806,2,1799,3598,FESTIVE10,359.80,0.12,3238.20,388.58,UPI,Delivered,Mobile App,Karan Malhotra,India Post,4,3,2479.54,758.66,0.2343,82.00,3708.78
IN251200854,16-Dec-2025,CUST47427,Meera Dhawale,34,Chennai,Tamil Nadu,South,Beauty & Personal Care,Shampoo,BEA-SHA237,1,849,849,No Coupon,0.00,0.18,849.00,152.82,Wallet,Delivered,Mobile App,Neha Patel,Shadowfax,4,5,596.67,252.33,0.2972,65.00,1066.82
IN251202276,16-Dec-2025,CUST73795,Anaya Mishra,49,Gurugram,Haryana,North,Mobiles & Accessories,Smart Watch,MOB-SMA280,1,4599,4599,WELCOME100,100.00,0.12,4499.00,539.88,UPI,Delivered,Mobile App,Rohan Mehta,DTDC,2,4,3340.90,1158.10,0.2574,130.00,5168.88
IN251200175,17-Dec-2025,CUST71826,Ira Agarwal,40,Pune,Maharashtra,West,Mobiles & Accessories,Tempered Glass,MOB-TEM837,1,465,465,WELCOME100,93.00,0.18,372.00,66.96,Debit Card,Returned,Marketplace,Tanvi Jadhav,Shadowfax,3,3,365.00,7.00,0.0188,108.00,546.96
IN251200628,17-Dec-2025,CUST35364,Bhavna Chauhan,33,Kochi,Kerala,South,Sports & Fitness,Dumbbell Set,SPO-DUM610,1,4599,4599,WELCOME100,100.00,0.12,4499.00,539.88,Debit Card,Cancelled,Website,Karan Malhotra,India Post,3,,3256.27,1242.73,0.2762,0.00,5038.88
IN251200912,17-Dec-2025,CUST24069,Prachi Jadhav,25,Surat,Gujarat,West,Sports & Fitness,Cricket Bat,SPO-CRI393,1,3199,3199,No Coupon,0.00,0.18,3199.00,575.82,Wallet,Delivered,Mobile App,Kavya Deshmukh,India Post,4,4,2298.56,900.44,0.2815,101.00,3875.82
IN251202081,17-Dec-2025,CUST99917,Ira Verma,28,Coimbatore,Tamil Nadu,South,Books & Stationery,Office Diary,BOO-OFF156,3,711,2133,No Coupon,0.00,0.12,2133.00,255.96,Credit Card,Delivered,Mobile App,Tanvi Jadhav,DTDC,3,4,1497.54,635.46,0.2979,109.00,2497.96
IN251201903,18-Dec-2025,CUST46592,Aadhya Agarwal,57,Indore,Madhya Pradesh,Central,Home & Kitchen,Cookware Set,HOM-COO254,2,2299,4598,FESTIVE10,459.80,0.12,4138.20,496.58,Wallet,Delivered,Mobile App,Sneha Kulkarni,Xpressbees,3,5,2684.66,1453.54,0.3512,87.00,4721.78
IN251201963,18-Dec-2025,CUST24646,Ishaan Kadam,53,Lucknow,Uttar Pradesh,North,Sports & Fitness,Yoga Mat,SPO-YOG375,1,879,879,No Coupon,0.00,0.18,879.00,158.22,Credit Card,Shipped,Mobile App,Amit Sharma,Blue Dart,4,,594.89,284.11,0.3232,170.00,1207.22
IN251202174,18-Dec-2025,CUST31725,Atharv Singh,26,Indore,Madhya Pradesh,Central,Grocery & Gourmet,Spices Combo,GRO-SPI193,1,754,754,NEWYEAR10,75.40,0.12,678.60,81.43,UPI,Delivered,Mobile App,Kavya Deshmukh,Xpressbees,5,4,564.57,114.03,0.1680,111.00,871.03
IN251202441,18-Dec-2025,CUST76865,Nisha Das,22,Indore,Madhya Pradesh,Central,Grocery & Gourmet,Cold Pressed Oil,GRO-COL786,4,883,3532,FREESHIP,0.00,0.05,3532.00,176.60,Debit Card,Delivered,Mobile App,Manish Iyer,Delhivery,2,5,2450.92,1081.08,0.3061,130.00,3838.60
IN251200548,19-Dec-2025,CUST84748,Pranav Nair,45,Ranchi,Jharkhand,East,Home & Kitchen,Bedsheet Set,HOM-BED376,2,1199,2398,No Coupon,0.00,0.18,2398.00,431.64,Credit Card,Delivered,Marketplace,Isha Gupta,Ecom Express,6,4,1654.13,743.87,0.3102,176.00,3005.64
IN251200712,19-Dec-2025,CUST23186,Vivaan More,19,Lucknow,Uttar Pradesh,North,Electronics,Bluetooth Speaker,ELE-BLU911,4,8199,32796,FREESHIP,0.00,0.18,32796.00,5903.28,Net Banking,Delivered,Social Commerce,Karan Malhotra,Blue Dart,4,4,26361.82,6434.18,0.1962,118.00,38817.28
IN251200834,19-Dec-2025,CUST14632,Myra Bhatia,19,Hyderabad,Telangana,South,Mobiles & Accessories,Tempered Glass,MOB-TEM772,1,531,531,MEGADEAL,95.58,0.12,435.42,52.25,COD,Delivered,Website,Sneha Kulkarni,DTDC,4,4,388.41,47.01,0.1080,166.00,653.67
IN251201676,19-Dec-2025,CUST60797,Mansi Mehta,37,Jaipur,Rajasthan,North,Books & Stationery,Office Diary,BOO-OFF763,1,702,702,FESTIVE10,70.20,0.12,631.80,75.82,UPI,Delivered,Marketplace,Rohan Mehta,DTDC,2,5,468.13,163.67,0.2591,170.00,877.62
IN251200768,20-Dec-2025,CUST12220,Rudra Sharma,19,Vadodara,Gujarat,West,Sports & Fitness,Yoga Mat,SPO-YOG190,1,1399,1399,APPONLY,111.92,0.18,1287.08,231.67,Debit Card,Shipped,Mobile App,Neha Patel,India Post,3,,899.85,387.23,0.3009,98.00,1616.75
IN251201128,20-Dec-2025,CUST39576,Bhavna Chauhan,28,Surat,Gujarat,West,Beauty & Personal Care,Perfume,BEA-PER101,2,560,1120,MEGADEAL,201.60,0.12,918.40,110.21,UPI,Delivered,Mobile App,Karan Malhotra,India Post,2,2,685.82,232.58,0.2532,82.00,1110.61
IN251201518,20-Dec-2025,CUST77865,Harsh Nair,37,Bengaluru,Karnataka,South,Home & Kitchen,Cookware Set,HOM-COO560,1,7999,7999,No Coupon,0.00,0.12,7999.00,959.88,UPI,Delivered,Website,Vikram Singh,Shadowfax,2,5,5242.38,2756.62,0.3446,172.00,9130.88
IN251201595,20-Dec-2025,CUST59375,Manish Das,44,Kochi,Kerala,South,Home & Kitchen,Air Fryer,HOM-AIR739,1,7699,7699,No Coupon,0.00,0.18,7699.00,1385.82,Debit Card,Delivered,Website,Deepak Yadav,Delhivery,3,5,5558.92,2140.08,0.2780,122.00,9206.82
IN251201875,20-Dec-2025,CUST50254,Pooja Tiwari,52,Jaipur,Rajasthan,North,Electronics,Laptop,ELE-LAP343,1,102799,102799,FREESHIP,0.00,0.12,102799.00,12335.88,Net Banking,Shipped,Website,Priya Nair,Shadowfax,3,,87690.52,15108.48,0.1470,67.00,115201.88
IN251202071,20-Dec-2025,CUST18198,Ishaan Shaikh,29,Ranchi,Jharkhand,East,Electronics,Tablet,ELE-TAB537,1,11299,11299,No Coupon,0.00,0.18,11299.00,2033.82,UPI,Cancelled,Marketplace,Karan Malhotra,Shadowfax,4,,9220.63,2078.37,0.1839,0.00,13332.82
IN251200948,21-Dec-2025,CUST64267,Yash Iyer,55,Ranchi,Jharkhand,East,Fashion,Saree,FAS-SAR759,2,2699,5398,WELCOME100,100.00,0.12,5298.00,635.76,COD,Delivered,Website,Sagar Pawar,Delhivery,2,5,3499.20,1798.80,0.3395,80.00,6013.76
IN251201140,21-Dec-2025,CUST98761,Swati More,30,Jaipur,Rajasthan,North,Fashion,Saree,FAS-SAR760,1,4399,4399,PAYDAY15,659.85,0.12,3739.15,448.70,UPI,Shipped,Mobile App,Pooja Reddy,Xpressbees,3,,2639.80,1099.35,0.2940,108.00,4295.85
IN251202226,21-Dec-2025,CUST26006,Vivaan Agarwal,39,Delhi,Delhi,North,Electronics,Keyboard,ELE-KEY781,1,1499,1499,No Coupon,0.00,0.12,1499.00,179.88,COD,Delivered,Website,Deepak Yadav,Xpressbees,4,4,1116.37,382.63,0.2553,94.00,1772.88
IN251200825,22-Dec-2025,CUST74565,Vivaan Chatterjee,30,Gurugram,Haryana,North,Electronics,Tablet,ELE-TAB246,1,52299,52299,FREESHIP,0.00,0.18,52299.00,9413.82,Debit Card,Delivered,Marketplace,Rohan Mehta,Blue Dart,4,5,44380.17,7918.83,0.1514,126.00,61838.82
IN251202165,22-Dec-2025,CUST38447,Sneha Kadam,52,Vadodara,Gujarat,West,Electronics,LED TV,ELE-LED703,3,17099,51297,FREESHIP,0.00,0.18,51297.00,9233.46,UPI,Delivered,Mobile App,Rahul Verma,Blue Dart,2,5,39752.19,11544.81,0.2251,150.00,60680.46
IN251201582,23-Dec-2025,CUST60442,Aditya Agarwal,28,Bhopal,Madhya Pradesh,Central,Fashion,Sneakers,FAS-SNE314,1,3699,3699,No Coupon,0.00,0.12,3699.00,443.88,Debit Card,Delivered,Mobile App,Karan Malhotra,Delhivery,6,3,2319.60,1379.40,0.3729,99.00,4241.88
IN251201996,23-Dec-2025,CUST16505,Mansi Deshmukh,30,Ludhiana,Punjab,North,Home & Kitchen,Bedsheet Set,HOM-BED850,1,1999,1999,WELCOME100,100.00,0.18,1899.00,341.82,UPI,Delivered,Website,Anjali Joshi,Ecom Express,3,3,1487.42,411.58,0.2167,151.00,2391.82
IN251202387,23-Dec-2025,CUST51913,Rajesh Chatterjee,48,Jaipur,Rajasthan,North,Mobiles & Accessories,Smart Watch,MOB-SMA212,5,7399,36995,No Coupon,0.00,0.18,36995.00,6659.10,Wallet,Cancelled,Website,Sagar Pawar,Xpressbees,6,,30024.28,6970.72,0.1884,0.00,43654.10
IN251200552,24-Dec-2025,CUST64491,Ira Nair,24,Delhi,Delhi,North,Fashion,Handbag,FAS-HAN568,1,4599,4599,No Coupon,0.00,0.12,4599.00,551.88,COD,Delivered,Website,Priya Nair,Ecom Express,2,5,3111.88,1487.12,0.3234,133.00,5283.88
IN251200720,24-Dec-2025,CUST97771,Janhavi More,26,Hyderabad,Telangana,South,Beauty & Personal Care,Skin Cream,BEA-SKI434,1,1299,1299,APPONLY,103.92,0.18,1195.08,215.11,Debit Card,Delivered,Social Commerce,Nikhil Bansal,Xpressbees,1,5,1002.43,192.65,0.1612,166.00,1576.19
IN251200762,24-Dec-2025,CUST19239,Yash Deshmukh,21,Nashik,Maharashtra,West,Beauty & Personal Care,Perfume,BEA-PER959,3,1599,4797,No Coupon,0.00,0.12,4797.00,575.64,COD,Delivered,Mobile App,Deepak Yadav,Blue Dart,4,5,3692.68,1104.32,0.2302,120.00,5492.64
IN251201499,24-Dec-2025,CUST55419,Reyansh Iyer,22,Kolkata,West Bengal,East,Books & Stationery,Pen Set,BOO-PEN364,1,373,373,PAYDAY15,55.95,0.18,317.05,57.07,UPI,Delivered,Social Commerce,Anjali Joshi,Shadowfax,3,5,226.22,90.83,0.2865,144.00,518.12
IN251202075,24-Dec-2025,CUST61329,Omkar Gaikwad,48,Guwahati,Assam,North East,Sports & Fitness,Fitness Band,SPO-FIT846,3,3499,10497,DIWALI20,2099.40,0.18,8397.60,1511.57,UPI,Delivered,Mobile App,Rohan Mehta,Blue Dart,2,4,7772.14,625.46,0.0745,106.00,10015.17
IN251201369,25-Dec-2025,CUST63164,Nisha Khan,31,Guwahati,Assam,North East,Electronics,Laptop,ELE-LAP741,2,96599,193198,DIWALI20,38639.60,0.12,154558.40,18547.01,Credit Card,Delivered,Marketplace,Anjali Joshi,Shadowfax,4,5,143245.37,11313.03,0.0732,89.00,173194.41
IN251202196,25-Dec-2025,CUST86582,Priya Kapoor,32,Surat,Gujarat,West,Sports & Fitness,Fitness Band,SPO-FIT680,2,5499,10998,WELCOME100,100.00,0.18,10898.00,1961.64,COD,Returned,Website,Amit Sharma,Ecom Express,3,5,6935.87,3962.13,0.3636,178.00,13037.64
IN251200116,26-Dec-2025,CUST12716,Rutuja Chatterjee,57,Vijayawada,Andhra Pradesh,South,Electronics,Bluetooth Speaker,ELE-BLU877,1,4599,4599,No Coupon,0.00,0.18,4599.00,827.82,UPI,Delivered,Website,Priya Nair,Xpressbees,1,3,3439.56,1159.44,0.2521,177.00,5603.82
IN251200216,26-Dec-2025,CUST28597,Krishna Chauhan,24,Bhopal,Madhya Pradesh,Central,Grocery & Gourmet,Tea Pack,GRO-TEA955,1,527,527,No Coupon,0.00,0.12,527.00,63.24,Credit Card,Delivered,Mobile App,Manish Iyer,DTDC,4,5,347.06,179.94,0.3414,100.00,690.24
IN251200334,26-Dec-2025,CUST89139,Rutuja Gaikwad,20,Vijayawada,Andhra Pradesh,South,Grocery & Gourmet,Cold Pressed Oil,GRO-COL159,1,790,790,No Coupon,0.00,0.05,790.00,39.50,UPI,Delivered,Website,Nikhil Bansal,Blue Dart,2,3,588.70,201.30,0.2548,134.00,963.50
IN251200619,26-Dec-2025,CUST93932,Bhavna Singh,50,Nagpur,Maharashtra,West,Electronics,Laptop,ELE-LAP854,5,54499,272495,No Coupon,0.00,0.12,272495.00,32699.40,Wallet,Returned,Website,Karan Malhotra,Xpressbees,5,4,200243.38,72251.62,0.2651,116.00,305310.40
IN251201188,26-Dec-2025,CUST65545,Harsh Saxena,39,Chennai,Tamil Nadu,South,Grocery & Gourmet,Dry Fruits Pack,GRO-DRY863,2,1299,2598,No Coupon,0.00,0.12,2598.00,311.76,Credit Card,Delivered,Website,Vikram Singh,India Post,2,3,1930.27,667.73,0.2570,98.00,3007.76
IN251201802,26-Dec-2025,CUST20573,Anika Jadhav,58,Pune,Maharashtra,West,Books & Stationery,Notebook Pack,BOO-NOT698,2,227,454,DIWALI20,90.80,0.05,363.20,18.16,UPI,Delivered,Marketplace,Priya Nair,Delhivery,1,4,323.68,39.52,0.1088,111.00,492.36
IN251200972,27-Dec-2025,CUST10378,Priya Qureshi,23,Ranchi,Jharkhand,East,Electronics,Keyboard,ELE-KEY133,3,1699,5097,PAYDAY15,764.55,0.18,4332.45,779.84,Debit Card,Cancelled,Website,Pooja Reddy,Blue Dart,2,,4306.67,25.78,0.0060,0.00,5112.29
IN251201266,27-Dec-2025,CUST21320,Shruti Shinde,49,Vijayawada,Andhra Pradesh,South,Fashion,Saree,FAS-SAR351,1,1899,1899,APPONLY,151.92,0.12,1747.08,209.65,UPI,Shipped,Website,Priya Nair,DTDC,8,,1381.31,365.77,0.2094,114.00,2070.73
IN251201419,27-Dec-2025,CUST19557,Riya Jadhav,31,Bhubaneswar,Odisha,East,Mobiles & Accessories,Bluetooth Earbuds,MOB-BLU429,1,6199,6199,No Coupon,0.00,0.12,6199.00,743.88,UPI,Delivered,Website,Nikhil Bansal,Blue Dart,4,3,5212.91,986.09,0.1591,103.00,7045.88
IN251201551,27-Dec-2025,CUST33974,Atharv More,25,Nagpur,Maharashtra,West,Fashion,Saree,FAS-SAR883,2,999,1998,MEGADEAL,359.64,0.12,1638.36,196.60,UPI,Delivered,Social Commerce,Pooja Reddy,DTDC,3,5,1487.54,150.82,0.0921,135.00,1969.96
IN251202105,27-Dec-2025,CUST84686,Amit Tiwari,35,Pune,Maharashtra,West,Books & Stationery,Notebook Pack,BOO-NOT168,3,108,324,No Coupon,0.00,0.18,324.00,58.32,UPI,Shipped,Website,Neha Patel,Xpressbees,2,,223.26,100.74,0.3109,74.00,456.32
IN251200039,28-Dec-2025,CUST76788,Nikhil Khan,29,Ranchi,Jharkhand,East,Grocery & Gourmet,Coffee Pack,GRO-COF452,2,461,922,No Coupon,0.00,0.12,922.00,110.64,Net Banking,Delivered,Mobile App,Nikhil Bansal,Ecom Express,1,4,571.02,350.98,0.3807,68.00,1100.64
IN251200380,28-Dec-2025,CUST68119,Janhavi Das,20,Chandigarh,Chandigarh,North,Home & Kitchen,Bedsheet Set,HOM-BED930,2,1599,3198,APPONLY,255.84,0.18,2942.16,529.59,COD,Delivered,Website,Priya Nair,Ecom Express,3,5,2012.19,929.97,0.3161,161.00,3632.75
IN251200770,28-Dec-2025,CUST36690,Rahul Shaikh,53,Bhopal,Madhya Pradesh,Central,Books & Stationery,Pen Set,BOO-PEN339,1,87,87,MEGADEAL,15.66,0.12,71.34,8.56,Debit Card,Delivered,Website,Neha Patel,India Post,7,5,52.19,19.15,0.2684,133.00,212.90
IN251200975,28-Dec-2025,CUST93004,Komal Ghosh,46,Delhi,Delhi,North,Beauty & Personal Care,Trimmer,BEA-TRI398,3,3899,11697,No Coupon,0.00,0.18,11697.00,2105.46,Debit Card,Delivered,Mobile App,Kavya Deshmukh,India Post,4,1,8083.98,3613.02,0.3089,65.00,13867.46
IN251201006,28-Dec-2025,CUST53116,Akshay Das,42,Indore,Madhya Pradesh,Central,Books & Stationery,Pen Set,BOO-PEN446,3,273,819,No Coupon,0.00,0.12,819.00,98.28,UPI,Delivered,Website,Manish Iyer,India Post,4,4,549.25,269.75,0.3294,66.00,983.28
IN251201172,28-Dec-2025,CUST67428,Nisha Joshi,45,Nashik,Maharashtra,West,Fashion,Sneakers,FAS-SNE407,1,1199,1199,No Coupon,0.00,0.18,1199.00,215.82,Debit Card,Delivered,Website,Isha Gupta,Blue Dart,3,5,925.36,273.64,0.2282,143.00,1557.82
IN251201178,28-Dec-2025,CUST20634,Aadhya Kadam,21,Mumbai,Maharashtra,West,Grocery & Gourmet,Tea Pack,GRO-TEA422,1,490,490,DIWALI20,98.00,0.12,392.00,47.04,Net Banking,Delivered,Website,Tanvi Jadhav,Delhivery,3,5,375.84,16.16,0.0412,118.00,557.04
IN251201308,28-Dec-2025,CUST76725,Kiara Bansal,47,Thiruvananthapuram,Kerala,South,Books & Stationery,Exam Prep Book,BOO-EXA613,2,442,884,APPONLY,70.72,0.12,813.28,97.59,Debit Card,Delivered,Mobile App,Sneha Kulkarni,Delhivery,2,5,565.47,247.81,0.3047,87.00,997.87
IN251201309,28-Dec-2025,CUST69405,Shaurya Dhawale,32,Patna,Bihar,East,Grocery & Gourmet,Cold Pressed Oil,GRO-COL926,1,461,461,No Coupon,0.00,0.05,461.00,23.05,Wallet,Returned,Website,Sagar Pawar,Ecom Express,1,5,316.14,144.86,0.3142,161.00,645.05
IN251202385,28-Dec-2025,CUST10026,Yash Kapoor,32,Delhi,Delhi,North,Grocery & Gourmet,Coffee Pack,GRO-COF546,1,851,851,FREESHIP,0.00,0.18,851.00,153.18,Credit Card,Delivered,Website,Vikram Singh,Xpressbees,4,5,639.69,211.31,0.2483,68.00,1072.18
IN251200156,29-Dec-2025,CUST67400,Aditya Joshi,23,Ludhiana,Punjab,North,Home & Kitchen,Cookware Set,HOM-COO877,2,2599,5198,APPONLY,415.84,0.18,4782.16,860.79,UPI,Delivered,Mobile App,Karan Malhotra,Delhivery,2,4,3873.54,908.62,0.1900,176.00,5818.95
IN251200882,29-Dec-2025,CUST55400,Atharv Yadav,47,Nashik,Maharashtra,West,Mobiles & Accessories,Bluetooth Earbuds,MOB-BLU721,1,7499,7499,PAYDAY15,1124.85,0.18,6374.15,1147.35,COD,Delivered,Marketplace,Priya Nair,Blue Dart,3,5,5816.15,558.00,0.0875,62.00,7583.50
IN251201766,29-Dec-2025,CUST29574,Pooja Jadhav,56,Chennai,Tamil Nadu,South,Books & Stationery,Kids Story Book,BOO-KID738,1,305,305,APPONLY,24.40,0.12,280.60,33.67,UPI,Cancelled,Mobile App,Manish Iyer,India Post,2,,229.70,50.90,0.1814,0.00,314.27
IN251201325,30-Dec-2025,CUST89967,Sakshi Kadam,48,Ahmedabad,Gujarat,West,Electronics,Tablet,ELE-TAB956,1,12999,12999,FESTIVE10,1299.90,0.18,11699.10,2105.84,UPI,Returned,Mobile App,Tanvi Jadhav,Shadowfax,3,5,9643.67,2055.43,0.1757,134.00,13938.94
IN251202241,30-Dec-2025,CUST83152,Priya Kapoor,45,Indore,Madhya Pradesh,Central,Mobiles & Accessories,Bluetooth Earbuds,MOB-BLU515,1,1199,1199,APPONLY,95.92,0.18,1103.08,198.55,Debit Card,Cancelled,Mobile App,Rahul Verma,Blue Dart,3,,986.95,116.13,0.1053,0.00,1301.63
IN251202347,30-Dec-2025,CUST76731,Shruti Pawar,50,Mumbai,Maharashtra,West,Home & Kitchen,Pressure Cooker,HOM-PRE755,1,1199,1199,APPONLY,95.92,0.18,1103.08,198.55,UPI,Delivered,Marketplace,Sagar Pawar,India Post,2,5,746.47,356.61,0.3233,102.00,1403.63
IN251201107,31-Dec-2025,CUST96818,Nisha Bhatia,38,Hyderabad,Telangana,South,Beauty & Personal Care,Perfume,BEA-PER397,1,595,595,DIWALI20,119.00,0.12,476.00,57.12,UPI,Shipped,Website,Rohan Mehta,Blue Dart,3,,427.70,48.30,0.1015,107.00,640.12
IN251201585,31-Dec-2025,CUST61065,Swati Kadam,30,Kochi,Kerala,South,Electronics,Keyboard,ELE-KEY112,1,2899,2899,FESTIVE10,289.90,0.12,2609.10,313.09,Net Banking,Delivered,Marketplace,Pooja Reddy,DTDC,6,3,2111.67,497.43,0.1907,176.00,3098.19
